{"type":"FeatureCollection","features":[{"type":"Feature","geometry":{"type":"Polygon","coordinates":[[[-68.970387,-11.913003],[-68.972318,-11.915373],[-68.972548,-11.910124],[-68.976445,-11.912691],[-68.981464,-11.908749],[-68.987305,-11.91466],[-68.989593,-11.911758],[-68.993005,-11.91597],[-69.000014,-11.91648],[-69.000207,-11.912147],[-69.00157,-11.914965],[-69.002283,-11.912263],[-69.003124,-11.914665],[-69.008445,-11.91351],[-69.009781,-11.915968],[-69.011706,-11.911915],[-69.018509,-11.920347],[-69.025808,-11.916994],[-69.02563,-11.91411],[-69.032775,-11.913381],[-69.036309,-11.916983],[-69.038064,-11.914798],[-69.040138,-11.918774],[-69.040445,-11.916432],[-69.046455,-11.914148],[-69.045906,-11.917565],[-69.047715,-11.915425],[-69.04991,-11.917245],[-69.049173,-11.914817],[-69.05277,-11.912536],[-69.055969,-11.91569],[-69.057309,-11.908871],[-69.05876,-11.910989],[-69.062547,-11.908423],[-69.065247,-11.910865],[-69.066552,-11.907995],[-69.071072,-11.910439],[-69.081998,-11.906314],[-69.086242,-11.911569],[-69.091987,-11.909575],[-69.094147,-11.912599],[-69.092138,-11.916553],[-69.095115,-11.915238],[-69.093449,-11.917219],[-69.095726,-11.922082],[-69.100568,-11.920033],[-69.097439,-11.924808],[-69.100976,-11.92158],[-69.103689,-11.922465],[-69.105982,-11.924763],[-69.104384,-11.924028],[-69.104614,-11.926093],[-69.108208,-11.927123],[-69.1089,-11.925319],[-69.115887,-11.932072],[-69.117301,-11.929329],[-69.120642,-11.930767],[-69.121005,-11.927418],[-69.125406,-11.928392],[-69.125057,-11.925523],[-69.127535,-11.926124],[-69.128505,-11.923768],[-69.126028,-11.920855],[-69.129815,-11.922383],[-69.130506,-11.917843],[-69.134087,-11.915056],[-69.140273,-11.918389],[-69.143086,-11.915739],[-69.144251,-11.918103],[-69.147093,-11.915184],[-69.149418,-11.917086],[-69.149472,-11.911165],[-69.161737,-11.915668],[-69.169914,-11.911905],[-69.174219,-11.914551],[-69.177004,-11.911818],[-69.178034,-11.914594],[-69.180434,-11.913923],[-69.17871,-11.911107],[-69.182115,-11.913895],[-69.184079,-11.910678],[-69.190001,-11.911727],[-69.192449,-11.900581],[-69.19439,-11.902331],[-69.197064,-11.899848],[-69.196959,-11.9026],[-69.198983,-11.902525],[-69.202627,-11.900503],[-69.201681,-11.898197],[-69.205003,-11.899697],[-69.205415,-11.896267],[-69.208637,-11.896964],[-69.212887,-11.892713],[-69.214408,-11.898505],[-69.217458,-11.899521],[-69.219743,-11.897804],[-69.218555,-11.895692],[-69.220694,-11.896303],[-69.224183,-11.891982],[-69.221809,-11.889908],[-69.230466,-11.889896],[-69.231355,-11.88446],[-69.235646,-11.88281],[-69.242303,-11.884756],[-69.244127,-11.883146],[-69.243201,-11.886917],[-69.246133,-11.886598],[-69.244939,-11.889355],[-69.247049,-11.887562],[-69.247083,-11.891668],[-69.25128,-11.892177],[-69.252051,-11.896909],[-69.256658,-11.896364],[-69.258031,-11.893197],[-69.260222,-11.898192],[-69.261611,-11.895457],[-69.262827,-11.898506],[-69.263299,-11.896779],[-69.265546,-11.898067],[-69.264896,-11.895578],[-69.268243,-11.896285],[-69.26779,-11.898302],[-69.270169,-11.896712],[-69.27259,-11.902828],[-69.279883,-11.90105],[-69.278371,-11.902802],[-69.280755,-11.905524],[-69.282165,-11.902933],[-69.28501,-11.904512],[-69.284717,-11.901176],[-69.286866,-11.90248],[-69.289509,-11.898698],[-69.296085,-11.902757],[-69.294908,-11.904668],[-69.3005,-11.903279],[-69.30282,-11.9068],[-69.305565,-11.905092],[-69.306594,-11.909074],[-69.308762,-11.907209],[-69.307877,-11.909045],[-69.31127,-11.911023],[-69.31799,-11.908404],[-69.318361,-11.903469],[-69.320107,-11.905152],[-69.323831,-11.902265],[-69.330569,-11.905174],[-69.333345,-11.90288],[-69.334895,-11.908214],[-69.337311,-11.907975],[-69.338099,-11.904155],[-69.341425,-11.902458],[-69.350614,-11.902634],[-69.350164,-11.899437],[-69.351489,-11.902714],[-69.357166,-11.90272],[-69.357818,-11.897286],[-69.362947,-11.897236],[-69.363608,-11.894287],[-69.365429,-11.896719],[-69.365848,-11.893747],[-69.36826,-11.894912],[-69.370636,-11.890133],[-69.374802,-11.888695],[-69.374526,-11.885665],[-69.378352,-11.885957],[-69.38423,-11.88069],[-69.387012,-11.884221],[-69.392383,-11.877882],[-69.394374,-11.88109],[-69.406581,-11.873167],[-69.40996,-11.87471],[-69.409374,-11.87143],[-69.414069,-11.866526],[-69.415665,-11.869394],[-69.420452,-11.866004],[-69.427108,-11.866973],[-69.427612,-11.870702],[-69.436073,-11.87312],[-69.437514,-11.867872],[-69.439958,-11.867776],[-69.443449,-11.871825],[-69.448152,-11.870153],[-69.452173,-11.87342],[-69.450917,-11.875709],[-69.461033,-11.875431],[-69.464271,-11.872037],[-69.466906,-11.873376],[-69.471342,-11.865377],[-69.473244,-11.865783],[-69.472531,-11.861555],[-69.478347,-11.861003],[-69.479973,-11.855956],[-69.484604,-11.857811],[-69.487996,-11.850304],[-69.49465,-11.847931],[-69.494273,-11.84506],[-69.498639,-11.848099],[-69.499099,-11.844415],[-69.501924,-11.846938],[-69.503833,-11.844643],[-69.504439,-11.848175],[-69.509002,-11.843681],[-69.512693,-11.846589],[-69.513476,-11.8413],[-69.522235,-11.842379],[-69.524362,-11.840079],[-69.527263,-11.842567],[-69.52475,-11.837574],[-69.52621,-11.83591],[-69.528016,-11.837493],[-69.528569,-11.8341],[-69.525433,-11.830041],[-69.530144,-11.825386],[-69.53062,-11.827043],[-69.534929,-11.824407],[-69.538035,-11.825503],[-69.536955,-11.820862],[-69.549855,-11.82039],[-69.546734,-11.81462],[-69.553412,-11.812714],[-69.553055,-11.808249],[-69.555113,-11.808568],[-69.557919,-11.801354],[-69.563203,-11.799474],[-69.563829,-11.801638],[-69.565672,-11.798756],[-69.568413,-11.798421],[-69.567579,-11.801098],[-69.571425,-11.801342],[-69.570471,-11.798793],[-69.574926,-11.799212],[-69.579579,-11.795338],[-69.58491,-11.796647],[-69.585669,-11.792104],[-69.582246,-11.787374],[-69.587133,-11.785756],[-69.583787,-11.782783],[-69.589448,-11.781567],[-69.588039,-11.779396],[-69.588357,-11.777421],[-69.589427,-11.779756],[-69.599145,-11.776474],[-69.607565,-11.776742],[-69.614564,-11.772722],[-69.614261,-11.768204],[-69.618203,-11.76355],[-69.623586,-11.762166],[-69.624558,-11.763842],[-69.62881,-11.7604],[-69.632522,-11.767505],[-69.637847,-11.763408],[-69.638977,-11.765519],[-69.645165,-11.765852],[-69.643213,-11.768733],[-69.648177,-11.771682],[-69.654544,-11.76565],[-69.655888,-11.759676],[-69.661831,-11.758194],[-69.663463,-11.760368],[-69.668532,-11.759391],[-69.66688,-11.764089],[-69.671079,-11.763339],[-69.669832,-11.76727],[-69.676964,-11.770709],[-69.678627,-11.765516],[-69.684216,-11.770845],[-69.686044,-11.768681],[-69.690509,-11.771566],[-69.694107,-11.770147],[-69.698897,-11.779362],[-69.696624,-11.78149],[-69.702555,-11.780718],[-69.703167,-11.783756],[-69.707392,-11.7846],[-69.70556,-11.786935],[-69.710808,-11.795609],[-69.720289,-11.790173],[-69.726824,-11.800862],[-69.722597,-11.805899],[-69.726202,-11.80712],[-69.730851,-11.80336],[-69.734282,-11.804856],[-69.73702,-11.801826],[-69.735395,-11.79921],[-69.739455,-11.797141],[-69.755768,-11.802191],[-69.755889,-11.807526],[-69.768145,-11.803023],[-69.769108,-11.799302],[-69.774948,-11.797482],[-69.778925,-11.800456],[-69.783042,-11.796748],[-69.784602,-11.79911],[-69.787471,-11.795046],[-69.794254,-11.797918],[-69.79765,-11.795431],[-69.802681,-11.796676],[-69.80923,-11.791868],[-69.808083,-11.786072],[-69.814622,-11.784408],[-69.813938,-11.78735],[-69.820123,-11.784995],[-69.828378,-11.791335],[-69.840562,-11.785295],[-69.842523,-11.781204],[-69.845617,-11.783666],[-69.849837,-11.78276],[-69.853976,-11.77788],[-69.861191,-11.780146],[-69.86304,-11.774539],[-69.868388,-11.77587],[-69.868386,-11.77223],[-69.872471,-11.77024],[-69.872733,-11.767362],[-69.877968,-11.767249],[-69.879378,-11.77023],[-69.886509,-11.761969],[-69.8889,-11.76476],[-69.896394,-11.762309],[-69.902127,-11.754158],[-69.900998,-11.751047],[-69.90911,-11.746246],[-69.908163,-11.738038],[-69.916429,-11.736257],[-69.920746,-11.740524],[-69.920916,-11.731246],[-69.925611,-11.726383],[-69.936951,-11.735794],[-69.942068,-11.726837],[-69.945937,-11.728969],[-69.953621,-11.720851],[-69.960027,-11.710034],[-69.965792,-11.711442],[-69.971711,-11.709221],[-69.974469,-11.714902],[-69.984121,-11.71363],[-69.993044,-11.706361],[-69.994873,-11.701644],[-70.002254,-11.707036],[-70.00734,-11.704817],[-70.013539,-11.709324],[-70.025411,-11.708773],[-70.027109,-11.711416],[-70.032725,-11.709523],[-70.034103,-11.705581],[-70.032301,-11.704928],[-70.040439,-11.703436],[-70.052915,-11.686153],[-70.072071,-11.681003],[-70.072314,-11.676564],[-70.077371,-11.670227],[-70.090278,-11.6756],[-70.096437,-11.670869],[-70.115834,-11.666598],[-70.129277,-11.653628],[-70.132595,-11.655763],[-70.135186,-11.644168],[-70.139267,-11.645242],[-70.141648,-11.642131],[-70.14438,-11.644534],[-70.149497,-11.638229],[-70.15629,-11.637869],[-70.178068,-11.626522],[-70.187311,-11.616509],[-70.19166,-11.602183],[-70.214444,-11.58529],[-70.217925,-11.571593],[-70.225725,-11.567181],[-70.22798,-11.562536],[-70.236545,-11.559166],[-70.241314,-11.542443],[-70.256696,-11.530934],[-70.26118,-11.519668],[-70.261307,-11.510509],[-70.274324,-11.496127],[-70.278782,-11.487826],[-70.27927,-11.474892],[-70.287555,-11.470435],[-70.289879,-11.461187],[-70.304432,-11.452053],[-70.311799,-11.452932],[-70.319545,-11.449713],[-70.329347,-11.452626],[-70.341592,-11.445582],[-70.347425,-11.45018],[-70.351737,-11.443211],[-70.336686,-11.439461],[-70.329414,-11.442463],[-70.320029,-11.440223],[-70.312844,-11.443658],[-70.304244,-11.441258],[-70.298301,-11.443408],[-70.285445,-11.438611],[-70.27584,-11.444145],[-70.269287,-11.453018],[-70.258621,-11.454801],[-70.242699,-11.466838],[-70.238418,-11.476521],[-70.234824,-11.477607],[-70.221803,-11.476881],[-70.216217,-11.468172],[-70.203637,-11.468109],[-70.197006,-11.464916],[-70.190057,-11.467199],[-70.181693,-11.461482],[-70.174988,-11.460984],[-70.1671,-11.468316],[-70.169639,-11.478248],[-70.166344,-11.484818],[-70.159225,-11.485602],[-70.140838,-11.502168],[-70.133217,-11.504086],[-70.121322,-11.512432],[-70.103836,-11.512426],[-70.075904,-11.503625],[-70.067322,-11.490682],[-70.057053,-11.489354],[-70.05458,-11.499902],[-70.040543,-11.51008],[-70.024758,-11.513533],[-70.01152,-11.507709],[-70.000252,-11.52225],[-69.985139,-11.522871],[-69.968529,-11.532344],[-69.954086,-11.535156],[-69.948891,-11.540365],[-69.945564,-11.55457],[-69.938027,-11.562072],[-69.926293,-11.561199],[-69.917313,-11.563627],[-69.909355,-11.572219],[-69.88343,-11.565588],[-69.870117,-11.571281],[-69.866271,-11.577719],[-69.873131,-11.58667],[-69.866607,-11.605385],[-69.850166,-11.615895],[-69.840652,-11.611381],[-69.833908,-11.618027],[-69.827217,-11.618016],[-69.815613,-11.610508],[-69.814332,-11.605242],[-69.811623,-11.604662],[-69.800186,-11.613654],[-69.795699,-11.613717],[-69.789566,-11.607643],[-69.783158,-11.606094],[-69.76767,-11.615885],[-69.753937,-11.628607],[-69.74627,-11.630332],[-69.740082,-11.635516],[-69.733437,-11.635303],[-69.729225,-11.628012],[-69.712479,-11.626686],[-69.692154,-11.641408],[-69.686387,-11.639221],[-69.683938,-11.643021],[-69.67151,-11.630596],[-69.662217,-11.628729],[-69.65432,-11.634051],[-69.654037,-11.638025],[-69.6455,-11.638453],[-69.64,-11.634117],[-69.630127,-11.645533],[-69.627426,-11.641879],[-69.622307,-11.644234],[-69.616783,-11.638213],[-69.609504,-11.64884],[-69.604584,-11.646504],[-69.601738,-11.650035],[-69.597404,-11.648072],[-69.589211,-11.657193],[-69.574158,-11.657756],[-69.564064,-11.668426],[-69.562477,-11.673781],[-69.539338,-11.674908],[-69.529824,-11.682588],[-69.524314,-11.67726],[-69.514053,-11.680693],[-69.508332,-11.678449],[-69.504594,-11.680691],[-69.505387,-11.686334],[-69.499588,-11.685711],[-69.494277,-11.689488],[-69.483186,-11.688771],[-69.477402,-11.684391],[-69.460076,-11.6794],[-69.330538,-11.337681],[-69.228332,-11.49982],[-69.103447,-11.681349],[-68.970387,-11.913003]]]},"properties":{"distrito_":"Tahuamanu","provincia":"Tahuamanu","region":"Madre de Dios","situac_lim":"Indefinido","validado":"Validado"}},{"type":"Feature","geometry":{"type":"Polygon","coordinates":[[[-69.334219,-11.331835],[-69.353395,-11.328988],[-69.360475,-11.331303],[-69.367928,-11.327285],[-69.379975,-11.330164],[-69.395164,-11.344236],[-69.411445,-11.345672],[-69.417854,-11.349422],[-69.453232,-11.344148],[-69.47834,-11.331051],[-69.491234,-11.316092],[-69.506699,-11.30452],[-69.521553,-11.305822],[-69.523811,-11.299373],[-69.519059,-11.291621],[-69.534516,-11.28173],[-69.552131,-11.253471],[-69.559762,-11.254564],[-69.568139,-11.260303],[-69.575568,-11.260672],[-69.585572,-11.250256],[-69.597312,-11.249813],[-69.609428,-11.239855],[-69.622338,-11.238945],[-69.629852,-11.230713],[-70.216217,-11.468172],[-70.221803,-11.476881],[-70.237518,-11.477273],[-70.242699,-11.466838],[-70.258621,-11.454801],[-70.269287,-11.453018],[-70.27584,-11.444145],[-70.285445,-11.438611],[-70.297646,-11.443352],[-70.304244,-11.441258],[-70.311447,-11.443764],[-70.320029,-11.440223],[-70.329414,-11.442463],[-70.336686,-11.439461],[-70.351737,-11.443211],[-70.354824,-11.438974],[-70.68465,-11.437264],[-70.691025,-11.43341],[-70.692895,-11.425743],[-70.697907,-11.430237],[-70.703406,-11.430552],[-70.696985,-11.435175],[-70.698322,-11.442772],[-70.701379,-11.444603],[-70.702917,-11.438898],[-70.709588,-11.437742],[-70.710094,-11.432265],[-70.713588,-11.42915],[-70.720082,-11.43169],[-70.725792,-11.430041],[-70.729706,-11.421123],[-70.724997,-11.416517],[-70.724119,-11.410542],[-70.726248,-11.40968],[-70.731371,-11.414941],[-70.735201,-11.413626],[-70.730773,-11.40234],[-70.740007,-11.395555],[-70.746712,-11.396068],[-70.744345,-11.38989],[-70.750572,-11.386607],[-70.752885,-11.381544],[-70.758227,-11.380123],[-70.766267,-11.388538],[-70.767625,-11.380836],[-70.776866,-11.379264],[-70.778311,-11.375586],[-70.772795,-11.367172],[-70.782764,-11.364789],[-70.793695,-11.343132],[-70.79869,-11.340605],[-70.800831,-11.343027],[-70.795727,-11.34474],[-70.790733,-11.35544],[-70.789826,-11.35955],[-70.793162,-11.362935],[-70.801317,-11.355293],[-70.803828,-11.349005],[-70.819368,-11.349109],[-70.819661,-11.341472],[-70.81494,-11.325085],[-70.825602,-11.319571],[-70.832409,-11.32969],[-70.837014,-11.329042],[-70.840221,-11.32473],[-70.848235,-11.328812],[-70.853199,-11.319987],[-70.867553,-11.318456],[-70.878081,-11.313767],[-70.879163,-11.309966],[-70.871906,-11.305805],[-70.863945,-11.291764],[-70.86179,-11.277587],[-70.865339,-11.27465],[-70.871981,-11.27311],[-70.880349,-11.275608],[-70.874786,-11.284129],[-70.879599,-11.290096],[-70.886477,-11.282613],[-70.892399,-11.291357],[-70.895482,-11.2914],[-70.902679,-11.284904],[-70.90886,-11.296682],[-70.912453,-11.290642],[-70.907838,-11.283478],[-70.907732,-11.278198],[-70.91071,-11.277165],[-70.918655,-11.283961],[-70.921692,-11.291518],[-70.926983,-11.293621],[-70.929634,-11.290076],[-70.924129,-11.28594],[-70.922744,-11.281265],[-70.930369,-11.27648],[-70.938045,-11.280997],[-70.939395,-11.292475],[-70.941442,-11.293161],[-70.946865,-11.281596],[-70.961046,-11.277134],[-70.964721,-11.269487],[-70.970045,-11.267936],[-70.979444,-11.270815],[-70.985861,-11.26298],[-70.996697,-11.264263],[-70.999216,-11.26242],[-71.000533,-11.254669],[-71.005017,-11.254017],[-71.006173,-11.263462],[-71.015388,-11.264777],[-71.018751,-11.256276],[-71.015003,-11.249612],[-71.018773,-11.246324],[-71.025948,-11.244507],[-71.028811,-11.249328],[-71.028336,-11.25552],[-71.037524,-11.261256],[-71.040397,-11.256115],[-71.032483,-11.249611],[-71.034291,-11.244754],[-71.041795,-11.250873],[-71.050645,-11.250494],[-71.0534,-11.247941],[-71.054159,-11.239189],[-71.057674,-11.238008],[-71.060412,-11.239903],[-71.061623,-11.249999],[-71.068932,-11.252045],[-71.071219,-11.250271],[-71.06943,-11.236133],[-71.074984,-11.233824],[-71.082724,-11.237879],[-71.091858,-11.231637],[-71.09674,-11.23402],[-71.089574,-11.240045],[-71.092903,-11.244203],[-71.109132,-11.233731],[-71.101448,-11.228171],[-71.100226,-11.221278],[-71.112947,-11.227365],[-71.115086,-11.230254],[-71.114253,-11.238247],[-71.121247,-11.241921],[-71.133513,-11.222182],[-71.157687,-11.228027],[-71.159807,-11.213885],[-71.163366,-11.209915],[-71.174563,-11.215248],[-71.174384,-11.223865],[-71.183579,-11.226645],[-71.188544,-11.22309],[-71.18923,-11.215797],[-71.200755,-11.210168],[-71.21921,-11.211811],[-71.221049,-11.210381],[-71.220402,-11.20179],[-71.228676,-11.202102],[-71.234552,-11.196643],[-71.239643,-11.198856],[-71.246365,-11.19755],[-71.248334,-11.182231],[-71.252449,-11.191363],[-71.261553,-11.194338],[-71.270032,-11.192621],[-71.270422,-11.185613],[-71.277162,-11.180209],[-71.279492,-11.185608],[-71.290636,-11.190016],[-71.294846,-11.189536],[-71.295822,-11.18304],[-71.299318,-11.180276],[-71.303321,-11.181075],[-71.306487,-11.18737],[-71.311699,-11.187317],[-71.316526,-11.181626],[-71.311429,-11.169315],[-71.324931,-11.172712],[-71.333935,-11.171369],[-71.336972,-11.155132],[-71.346303,-11.164525],[-71.360195,-11.162365],[-71.372452,-11.164843],[-71.375573,-11.168266],[-71.36913,-11.171709],[-71.37026,-11.178222],[-71.380594,-11.178049],[-71.383394,-11.172432],[-71.376073,-11.162946],[-71.384246,-11.148981],[-71.390022,-11.149971],[-71.391786,-11.154028],[-71.395699,-11.15542],[-71.398451,-11.153638],[-71.399424,-11.147548],[-71.408953,-11.149052],[-71.418088,-11.137651],[-71.438117,-11.139759],[-71.438773,-11.132842],[-71.432255,-11.129398],[-71.432443,-11.12708],[-71.439762,-11.128539],[-71.448823,-11.12016],[-71.447164,-11.115672],[-71.436992,-11.11203],[-71.441729,-11.105857],[-71.449548,-11.111321],[-71.457847,-11.105371],[-71.474572,-11.107662],[-71.482505,-11.096045],[-71.49695,-11.090941],[-71.498604,-11.094301],[-71.492726,-11.10327],[-71.496027,-11.107533],[-71.499485,-11.107546],[-71.504285,-11.101824],[-71.512429,-11.101151],[-71.523307,-11.087762],[-71.528529,-11.085664],[-71.536194,-11.088],[-71.538418,-11.100955],[-71.541025,-11.09889],[-71.545382,-11.081912],[-71.549358,-11.083149],[-71.558535,-11.094604],[-71.567467,-11.085749],[-71.570217,-11.088408],[-71.577226,-11.088848],[-71.581292,-11.103224],[-71.589436,-11.106124],[-71.591278,-11.103761],[-71.587138,-11.095823],[-71.593253,-11.089924],[-71.609843,-11.098472],[-71.623338,-11.092412],[-71.624202,-11.101378],[-71.630074,-11.106103],[-71.635468,-11.099834],[-71.630933,-11.094528],[-71.638628,-11.087924],[-71.645038,-11.098505],[-71.650115,-11.098688],[-71.653327,-11.092746],[-71.656901,-11.097563],[-71.669647,-11.093406],[-71.673001,-11.094906],[-71.674037,-11.099577],[-71.681645,-11.100618],[-71.685221,-11.105317],[-71.689103,-11.104285],[-71.691132,-11.095945],[-71.695037,-11.092882],[-71.700875,-11.089957],[-71.707521,-11.090508],[-71.714101,-11.086156],[-71.71635,-11.079733],[-71.713023,-11.074441],[-71.713921,-11.069791],[-71.722205,-11.075254],[-71.724385,-11.064171],[-71.728004,-11.064923],[-71.731281,-11.074757],[-71.742394,-11.076069],[-71.750744,-11.086797],[-71.751544,-11.079879],[-71.757414,-11.074081],[-71.762109,-11.076046],[-71.784811,-11.075214],[-71.795054,-11.08001],[-71.796192,-11.078343],[-71.791949,-11.075047],[-71.796218,-11.068283],[-71.799427,-11.07351],[-71.812941,-11.070961],[-71.81017,-11.064303],[-71.8223,-11.066644],[-71.823925,-11.059734],[-71.830445,-11.06076],[-71.836178,-11.056287],[-71.836723,-11.050557],[-71.834205,-11.048499],[-71.843942,-11.054092],[-71.851991,-11.043636],[-71.855204,-11.048565],[-71.856233,-11.042723],[-71.864963,-11.040664],[-71.870236,-11.033909],[-71.870306,-11.038688],[-71.859695,-11.047058],[-71.862637,-11.054738],[-71.865078,-11.051205],[-71.871226,-11.053183],[-71.875487,-11.050599],[-71.875753,-11.059679],[-71.878798,-11.057678],[-71.887453,-11.062789],[-71.892192,-11.060688],[-71.892748,-11.065354],[-71.898167,-11.067677],[-71.902294,-11.066283],[-71.902562,-11.063784],[-71.897388,-11.06122],[-71.905504,-11.060111],[-71.903727,-11.056508],[-71.900818,-11.057074],[-71.903901,-11.051488],[-71.900562,-11.046911],[-71.906163,-11.043382],[-71.907058,-11.050328],[-71.91214,-11.050136],[-71.910378,-11.045105],[-71.912719,-11.041065],[-71.916606,-11.051022],[-71.92398,-11.047096],[-71.931898,-11.05339],[-71.940976,-11.052759],[-71.941601,-11.062448],[-71.946913,-11.056559],[-71.956149,-11.05247],[-71.956346,-11.056771],[-71.961759,-11.059698],[-71.963724,-11.056846],[-71.968812,-11.056183],[-71.97168,-11.059554],[-71.971011,-11.054055],[-71.979368,-11.052947],[-71.978132,-11.055563],[-71.98109,-11.062041],[-71.984613,-11.060523],[-71.981841,-11.055121],[-71.992242,-11.055342],[-71.997702,-11.05901],[-71.997949,-11.055462],[-72.001443,-11.054594],[-72.003223,-11.057962],[-72.0053,-11.055951],[-72.013762,-11.056513],[-72.011068,-11.059711],[-72.013578,-11.062726],[-72.014812,-11.060344],[-72.017919,-11.064078],[-72.020963,-11.062203],[-72.02879,-11.065739],[-72.031115,-11.063134],[-72.037993,-11.064872],[-72.034304,-11.058748],[-72.044089,-11.060154],[-72.045881,-11.062321],[-72.042106,-11.064795],[-72.052004,-11.067042],[-72.053163,-11.072075],[-72.056723,-11.06697],[-72.055079,-11.061932],[-72.058588,-11.066419],[-72.063576,-11.063604],[-72.067657,-11.066869],[-72.06781,-11.063646],[-72.079751,-11.055035],[-72.083231,-11.057933],[-72.080859,-11.065326],[-72.084726,-11.065715],[-72.08603,-11.068483],[-72.088944,-11.067436],[-72.090458,-11.073304],[-72.092534,-11.071409],[-72.090291,-11.077964],[-72.096577,-11.081757],[-72.099124,-11.088729],[-72.10784,-11.085892],[-72.139474,-11.087052],[-72.157894,-11.083559],[-72.180442,-11.088007],[-72.184547,-11.077548],[-72.175958,-11.047079],[-72.174432,-11.032357],[-72.18209,-11.010242],[-72.17868,-11.007798],[-72.171914,-11.009813],[-72.166068,-11.006804],[-72.158791,-11.00773],[-72.154297,-11.00309],[-72.152864,-10.994214],[-72.139901,-10.988736],[-72.130287,-10.990334],[-72.102303,-11.002191],[-72.054916,-11.011563],[-72.040847,-10.999873],[-72.02983,-10.997932],[-72.011642,-10.989336],[-71.996742,-10.991122],[-71.986564,-10.995501],[-71.979697,-10.991133],[-71.968133,-10.996609],[-71.959549,-10.990716],[-71.955863,-10.993975],[-71.949639,-10.990969],[-71.944588,-10.997448],[-71.925346,-10.995185],[-71.916556,-10.999251],[-71.89328,-10.995943],[-71.877357,-10.999925],[-71.869605,-10.999538],[-71.871406,-10.993704],[-71.867668,-10.991905],[-71.850486,-10.994211],[-71.847519,-10.99148],[-71.84401,-10.997178],[-71.833656,-11.000493],[-71.826187,-10.997498],[-71.813324,-10.997156],[-71.808174,-10.993679],[-71.797791,-10.993777],[-71.79467,-10.991053],[-71.786156,-10.992056],[-71.780845,-10.987809],[-71.770043,-10.992815],[-71.763055,-10.991495],[-71.751144,-10.993751],[-71.738709,-10.990187],[-71.729973,-10.983835],[-71.717545,-10.997725],[-71.713707,-10.984906],[-71.702445,-10.973659],[-71.693664,-10.979108],[-71.681817,-10.97124],[-71.67891,-10.975407],[-71.672562,-10.975925],[-71.662857,-10.983051],[-71.651336,-10.977019],[-71.628387,-10.975845],[-71.609123,-10.970502],[-71.594262,-10.972774],[-71.571097,-10.964848],[-71.558853,-10.9648],[-71.532707,-10.951846],[-71.526588,-10.962005],[-71.510193,-10.965655],[-71.494117,-10.961859],[-71.490731,-10.964646],[-71.485916,-10.96376],[-71.48011,-10.956452],[-71.472176,-10.953607],[-71.449723,-10.959151],[-71.430299,-10.955629],[-71.412941,-10.95807],[-71.399398,-10.952963],[-71.393455,-10.947332],[-71.383088,-10.950179],[-71.379851,-10.953418],[-71.370498,-10.947511],[-71.357338,-10.951597],[-71.351066,-10.943677],[-71.352279,-10.939991],[-71.348465,-10.928364],[-71.329719,-10.911485],[-71.319,-10.910183],[-71.308822,-10.877907],[-71.291405,-10.87267],[-71.274955,-10.850717],[-71.271279,-10.836483],[-71.272232,-10.819454],[-71.258484,-10.785051],[-71.250557,-10.783421],[-71.24524,-10.77656],[-71.238738,-10.779062],[-71.234078,-10.778031],[-71.228432,-10.769162],[-71.228539,-10.76196],[-71.218902,-10.759568],[-71.218971,-10.748079],[-71.224746,-10.731624],[-71.223305,-10.725044],[-71.215781,-10.71405],[-71.228791,-10.690957],[-71.229668,-10.68344],[-71.22776,-10.677623],[-71.212647,-10.666997],[-71.209596,-10.65214],[-71.220803,-10.636733],[-71.210906,-10.619167],[-71.204674,-10.592529],[-71.196213,-10.579863],[-71.184386,-10.574116],[-71.173859,-10.575107],[-71.165595,-10.568563],[-71.16507,-10.559982],[-71.167365,-10.555985],[-71.164199,-10.545883],[-71.166588,-10.533141],[-71.164094,-10.53025],[-71.155418,-10.531065],[-71.142198,-10.523793],[-71.132797,-10.509446],[-71.126412,-10.504882],[-71.119896,-10.504162],[-71.116471,-10.501124],[-71.097733,-10.503538],[-71.078506,-10.50137],[-71.06392,-10.494691],[-71.054787,-10.493522],[-71.047639,-10.488515],[-71.039275,-10.488113],[-71.025918,-10.479617],[-71.021807,-10.46897],[-71.013332,-10.463968],[-71.007233,-10.44767],[-71.001258,-10.443989],[-71.001102,-10.433857],[-70.995532,-10.426466],[-70.993235,-10.4153],[-70.979071,-10.404534],[-70.973085,-10.396574],[-70.957449,-10.387448],[-70.95715,-10.379208],[-70.970135,-10.346649],[-70.969161,-10.335801],[-70.956387,-10.335797],[-70.939791,-10.330838],[-70.900332,-10.337842],[-70.894993,-10.336244],[-70.874892,-10.305769],[-70.873993,-10.300696],[-70.879553,-10.295006],[-70.882213,-10.287425],[-70.882619,-10.268176],[-70.878542,-10.260447],[-70.863975,-10.253359],[-70.851858,-10.25075],[-70.810533,-10.25394],[-70.790515,-10.244128],[-70.78038,-10.234893],[-70.773388,-10.216501],[-70.759068,-10.211095],[-70.755121,-10.195558],[-70.747879,-10.189603],[-70.736536,-10.186858],[-70.729283,-10.178735],[-70.716897,-10.173444],[-70.713893,-10.165298],[-70.704854,-10.159861],[-70.708467,-10.137269],[-70.700081,-10.126695],[-70.697483,-10.117188],[-70.690343,-10.11186],[-70.683287,-10.112738],[-70.68127,-10.102491],[-70.67112,-10.100176],[-70.663061,-10.091696],[-70.664164,-10.089429],[-70.66005,-10.084137],[-70.6499,-10.079475],[-70.651916,-10.073614],[-70.645086,-10.067813],[-70.656904,-10.0597],[-70.659681,-10.051385],[-70.652059,-10.04006],[-70.65296,-10.034324],[-70.657996,-10.029943],[-70.672481,-10.025021],[-70.671207,-10.019111],[-70.666876,-10.015352],[-70.666251,-10.006561],[-70.654451,-10.001278],[-70.660101,-9.987278],[-70.666278,-9.979276],[-70.667305,-9.969244],[-70.664798,-9.965394],[-70.656831,-9.963707],[-70.648155,-9.952984],[-70.647199,-9.944113],[-70.651786,-9.933077],[-70.649184,-9.926597],[-70.641692,-9.920224],[-70.643455,-9.908051],[-70.633303,-9.900047],[-70.640288,-9.885093],[-70.62103,-9.877657],[-70.613793,-9.867156],[-70.613754,-11.000168],[-70.527832,-10.934279],[-70.523797,-10.934147],[-70.519463,-10.935247],[-70.515649,-10.947519],[-70.505127,-10.950628],[-70.494034,-10.963243],[-70.482117,-10.967891],[-70.470449,-10.988404],[-70.466479,-10.988543],[-70.453283,-10.997327],[-70.437807,-11.02723],[-70.441462,-11.03449],[-70.438046,-11.039912],[-70.421721,-11.038772],[-70.411359,-11.043106],[-70.408408,-11.04811],[-70.400461,-11.045934],[-70.388157,-11.046855],[-70.381052,-11.052102],[-70.380163,-11.057922],[-70.374361,-11.061458],[-70.372248,-11.058829],[-70.36342,-11.062003],[-70.354681,-11.059506],[-70.350103,-11.066369],[-70.345218,-11.067691],[-70.32695,-11.065849],[-70.308676,-11.070776],[-70.300087,-11.066423],[-70.294111,-11.066663],[-70.285811,-11.058032],[-70.281011,-11.056605],[-70.271576,-11.059783],[-70.266281,-11.057645],[-70.26432,-11.05189],[-70.258461,-11.053871],[-70.255898,-11.050946],[-70.241131,-11.047486],[-70.231617,-11.052916],[-70.22727,-11.05017],[-70.217827,-11.05076],[-70.214142,-11.053532],[-70.211675,-11.050473],[-70.198125,-11.054801],[-70.190144,-11.049617],[-70.189431,-11.045189],[-70.17858,-11.044123],[-70.17606,-11.040198],[-70.171831,-11.043132],[-70.164645,-11.040033],[-70.157981,-11.042667],[-70.158309,-11.037093],[-70.155311,-11.032997],[-70.140181,-11.02978],[-70.139257,-11.022789],[-70.130657,-11.02357],[-70.12734,-11.016324],[-70.121239,-11.011268],[-70.114078,-11.010314],[-70.111148,-11.005607],[-70.106856,-11.007467],[-70.108076,-10.995102],[-70.098748,-10.992788],[-70.094669,-10.996165],[-70.093235,-10.98639],[-70.090368,-10.985875],[-70.08552,-10.990249],[-70.081443,-10.984739],[-70.08049,-10.992078],[-70.077975,-10.989451],[-70.065528,-10.99462],[-70.063123,-10.991769],[-70.064276,-10.987462],[-70.056628,-10.988112],[-70.049429,-10.984769],[-70.04648,-10.97971],[-70.037312,-10.979749],[-70.037334,-10.971332],[-70.02737,-10.977874],[-70.025679,-10.971547],[-70.019675,-10.969196],[-70.014916,-10.970487],[-70.007542,-10.962174],[-69.998136,-10.964282],[-69.994436,-10.950018],[-69.99108,-10.950486],[-69.989549,-10.954128],[-69.983493,-10.954876],[-69.982348,-10.942961],[-69.978711,-10.947939],[-69.974588,-10.949124],[-69.963115,-10.939454],[-69.957719,-10.939887],[-69.961898,-10.935397],[-69.954737,-10.936414],[-69.952787,-10.933435],[-69.954099,-10.928212],[-69.947214,-10.924989],[-69.940921,-10.926543],[-69.932716,-10.921685],[-69.923228,-10.925159],[-69.92423,-10.931023],[-69.922194,-10.933125],[-69.917284,-10.932557],[-69.916915,-10.925495],[-69.900818,-10.920226],[-69.877695,-10.924956],[-69.873264,-10.931018],[-69.86279,-10.926481],[-69.858198,-10.934755],[-69.85136,-10.924152],[-69.842008,-10.925652],[-69.839929,-10.930131],[-69.832737,-10.928279],[-69.831411,-10.934104],[-69.813095,-10.93],[-69.811329,-10.925934],[-69.800103,-10.927157],[-69.79381,-10.934636],[-69.787886,-10.929129],[-69.780302,-10.935648],[-69.774847,-10.93487],[-69.769709,-10.929944],[-69.767948,-10.933787],[-69.772076,-10.93575],[-69.773796,-10.940059],[-69.765222,-10.942533],[-69.760088,-10.939697],[-69.746801,-10.956008],[-69.746306,-10.962053],[-69.7393,-10.965878],[-69.741406,-10.972608],[-69.73952,-10.975322],[-69.73051,-10.972383],[-69.722343,-10.965746],[-69.719685,-10.96715],[-69.71618,-10.977016],[-69.700382,-10.966364],[-69.698151,-10.973387],[-69.690902,-10.964532],[-69.686421,-10.966021],[-69.676131,-10.960346],[-69.668889,-10.962741],[-69.659771,-10.953268],[-69.633551,-10.957895],[-69.618713,-10.950878],[-69.609128,-10.958688],[-69.611738,-10.951881],[-69.60995,-10.946661],[-69.59609,-10.941975],[-69.591132,-10.947831],[-69.585582,-10.945508],[-69.580852,-10.947441],[-69.580839,-10.94437],[-69.587513,-10.943741],[-69.587496,-10.940841],[-69.576517,-10.941942],[-69.572162,-10.94599],[-69.574218,-10.950592],[-69.568496,-10.948275],[-69.569936,-10.953524],[-69.563299,-10.959647],[-69.562694,-10.967273],[-69.334219,-11.331835]]]},"properties":{"distrito_":"Iñapari","provincia":"Tahuamanu","region":"Madre de Dios","situac_lim":"Indefinido","validado":"Validado"}},{"type":"Feature","geometry":{"type":"Polygon","coordinates":[[[-69.492758,-12.77586],[-69.506867,-12.779713],[-69.510764,-12.776667],[-69.517228,-12.776365],[-69.537949,-12.788124],[-69.552994,-12.785],[-69.562233,-12.789032],[-69.571273,-12.80509],[-69.578714,-12.82871],[-69.584658,-12.836989],[-69.590987,-12.861435],[-69.598924,-12.869736],[-69.598041,-12.88218],[-69.602562,-12.89236],[-69.612371,-12.885294],[-69.616972,-12.87851],[-69.620971,-12.876457],[-69.630341,-12.877547],[-69.637839,-12.88828],[-69.658226,-12.889821],[-69.661486,-12.895121],[-69.683358,-12.904667],[-69.694276,-12.898544],[-69.699328,-12.899173],[-69.704812,-12.887819],[-69.712716,-12.885682],[-69.716502,-12.866755],[-69.723697,-12.863932],[-69.733759,-12.868923],[-69.74079,-12.858043],[-69.754769,-12.852985],[-69.762796,-12.853957],[-69.765659,-12.847655],[-69.768548,-12.847855],[-69.774972,-12.856516],[-69.80269,-12.856107],[-69.80221,-12.863378],[-69.804267,-12.864068],[-69.811363,-12.861741],[-69.824353,-12.867017],[-69.835355,-12.864839],[-69.840112,-12.856659],[-69.838546,-12.848535],[-69.84563,-12.835321],[-69.839245,-12.831363],[-69.826629,-12.832406],[-69.815838,-12.820477],[-69.803741,-12.814601],[-69.796589,-12.795942],[-69.797737,-12.792168],[-69.805871,-12.786374],[-69.819076,-12.770709],[-69.821053,-12.761598],[-69.806242,-12.757457],[-69.794656,-12.749707],[-69.773159,-12.750955],[-69.76342,-12.733098],[-69.747024,-12.719066],[-69.758642,-12.715072],[-69.759574,-12.710449],[-69.765003,-12.706726],[-69.778496,-12.702003],[-69.786749,-12.704646],[-69.793087,-12.690648],[-69.820542,-12.680329],[-69.821348,-12.671122],[-69.806234,-12.662081],[-69.806526,-12.658146],[-69.810387,-12.655078],[-69.823786,-12.659793],[-69.828362,-12.657672],[-69.837814,-12.659316],[-69.846721,-12.669912],[-69.851409,-12.671127],[-69.856403,-12.669347],[-69.860675,-12.661937],[-69.876062,-12.66384],[-69.882017,-12.661795],[-69.886972,-12.65639],[-69.887948,-12.646124],[-69.890919,-12.643094],[-69.896847,-12.641392],[-69.909079,-12.643087],[-69.918892,-12.649066],[-69.933697,-12.647902],[-69.937482,-12.650764],[-69.937344,-12.658921],[-69.928838,-12.664276],[-69.926891,-12.670603],[-69.934255,-12.676102],[-69.942566,-12.677411],[-69.946896,-12.67669],[-69.94852,-12.669785],[-69.967859,-12.654517],[-69.982609,-12.660041],[-70.000068,-12.657445],[-70.011095,-12.652457],[-70.014404,-12.642363],[-70.011259,-12.63704],[-70.001248,-12.630577],[-70.002417,-12.622562],[-70.020299,-12.606888],[-70.030319,-12.614951],[-70.036145,-12.615046],[-70.040476,-12.60785],[-70.040059,-12.592101],[-70.049679,-12.590138],[-70.062065,-12.581283],[-70.067692,-12.580971],[-70.073215,-12.575008],[-70.072521,-12.568302],[-70.081872,-12.566556],[-70.078665,-12.560855],[-70.082457,-12.554221],[-70.093254,-12.557079],[-70.092858,-12.549812],[-70.082021,-12.552523],[-70.079511,-12.548998],[-70.082533,-12.54734],[-70.086269,-12.549739],[-70.090945,-12.545163],[-70.097269,-12.549423],[-70.091843,-12.536389],[-70.09807,-12.535342],[-70.103069,-12.525521],[-70.100382,-12.520486],[-70.106788,-12.516147],[-70.103512,-12.510609],[-70.104656,-12.508118],[-70.121608,-12.505164],[-70.119847,-12.511554],[-70.126013,-12.513952],[-70.126663,-12.506264],[-70.129725,-12.511359],[-70.133172,-12.510314],[-70.131054,-12.50564],[-70.136587,-12.498121],[-70.139614,-12.499889],[-70.151475,-12.497063],[-70.161895,-12.487136],[-70.165935,-12.490482],[-70.174993,-12.491031],[-70.173951,-12.483133],[-70.179192,-12.485081],[-70.183803,-12.48111],[-70.189641,-12.481672],[-70.191841,-12.478697],[-70.188998,-12.473176],[-70.190801,-12.471387],[-70.200459,-12.471145],[-70.209546,-12.47803],[-70.2121,-12.464764],[-70.219342,-12.464343],[-70.217769,-12.472261],[-70.228214,-12.468254],[-70.231021,-12.466261],[-70.232969,-12.452609],[-70.235177,-12.451613],[-70.236614,-12.457538],[-70.239628,-12.456737],[-70.244155,-12.449891],[-70.250912,-12.447165],[-70.248168,-12.439041],[-70.251,-12.428558],[-70.256874,-12.429336],[-70.264289,-12.423714],[-70.256447,-12.4197],[-70.253037,-12.411913],[-70.258335,-12.406391],[-70.252844,-12.405974],[-70.255244,-12.398395],[-70.248788,-12.39517],[-70.252332,-12.389187],[-70.247769,-12.385203],[-70.254326,-12.382975],[-70.24902,-12.379537],[-70.24928,-12.37638],[-70.258414,-12.372776],[-70.257895,-12.370446],[-70.252135,-12.369306],[-70.249563,-12.362329],[-70.250568,-12.360164],[-70.257001,-12.360469],[-70.263518,-12.342971],[-70.275372,-12.344579],[-70.268916,-12.339447],[-70.27145,-12.338441],[-70.270739,-12.331455],[-70.278518,-12.330252],[-70.274616,-12.32811],[-70.280337,-12.32142],[-70.276449,-12.312053],[-70.278152,-12.307543],[-70.280174,-12.305996],[-70.282905,-12.308479],[-70.284858,-12.303669],[-70.281814,-12.292228],[-70.289936,-12.297606],[-70.294459,-12.296879],[-70.297565,-12.282625],[-70.302188,-12.281021],[-70.30114,-12.269697],[-70.306735,-12.25855],[-70.308434,-12.257448],[-70.308483,-12.262592],[-70.312207,-12.263451],[-70.314171,-12.259852],[-70.312347,-12.253089],[-70.316897,-12.255084],[-70.320947,-12.253148],[-70.317281,-12.25208],[-70.32117,-12.245055],[-70.318156,-12.240956],[-70.320083,-12.237818],[-70.31672,-12.229833],[-70.323346,-12.226908],[-70.327061,-12.228843],[-70.335487,-12.219888],[-70.337922,-12.221838],[-70.334524,-12.227758],[-70.339886,-12.23096],[-70.342406,-12.212567],[-70.346114,-12.213345],[-70.344318,-12.20782],[-70.347768,-12.204748],[-70.347942,-12.198933],[-70.354282,-12.201814],[-70.358592,-12.198529],[-70.355143,-12.193917],[-70.358016,-12.190874],[-70.363992,-12.195943],[-70.374397,-12.193324],[-70.372738,-12.181263],[-70.379144,-12.181945],[-70.381739,-12.179328],[-70.375771,-12.166638],[-70.383201,-12.17198],[-70.388484,-12.162216],[-70.390481,-12.166473],[-70.395667,-12.166818],[-70.39676,-12.153658],[-70.401662,-12.153597],[-70.409908,-12.147959],[-70.415354,-12.147434],[-70.415732,-12.150678],[-70.422271,-12.152371],[-70.425965,-12.146945],[-70.431008,-12.150264],[-70.430582,-12.153793],[-70.436674,-12.15396],[-70.437474,-12.142971],[-70.44282,-12.138667],[-70.439096,-12.145286],[-70.446639,-12.144388],[-70.449885,-12.135837],[-70.45255,-12.140189],[-70.455694,-12.137199],[-70.461347,-12.141653],[-70.459315,-12.135191],[-70.466785,-12.126798],[-70.475914,-12.132526],[-70.471852,-12.127702],[-70.471872,-12.119755],[-70.475627,-12.116851],[-70.480211,-12.122287],[-70.486581,-12.122642],[-70.484978,-12.118709],[-70.488354,-12.117651],[-70.488923,-12.112242],[-70.493762,-12.112731],[-70.491968,-12.100654],[-70.494466,-12.093923],[-70.515199,-12.081615],[-70.522034,-12.083603],[-70.534441,-12.079421],[-70.5989,-12.015877],[-70.631039,-11.972209],[-70.63529,-11.957304],[-70.643604,-11.950204],[-70.649309,-11.93935],[-70.662532,-11.93233],[-70.696688,-11.923438],[-70.712428,-11.915777],[-70.727394,-11.903509],[-70.736153,-11.892355],[-70.735746,-11.887792],[-70.710381,-11.887088],[-70.702653,-11.892098],[-70.691103,-11.885053],[-70.678729,-11.88349],[-70.65319,-11.889092],[-70.644675,-11.886819],[-70.628591,-11.891893],[-70.603206,-11.906955],[-70.590263,-11.907851],[-70.579916,-11.91854],[-70.570767,-11.922931],[-70.567607,-11.930461],[-70.544705,-11.942051],[-70.54806,-11.952329],[-70.544623,-11.957248],[-70.525283,-11.971647],[-70.512154,-11.977802],[-70.494778,-11.996555],[-70.485985,-11.997397],[-70.47413,-12.004457],[-70.456126,-12.005465],[-70.43357,-12.025381],[-70.426823,-12.026636],[-70.380703,-12.070002],[-70.371422,-12.067281],[-70.364805,-12.068869],[-70.361561,-12.063659],[-70.358432,-12.063484],[-70.342661,-12.074962],[-70.325796,-12.09175],[-70.307613,-12.100706],[-70.29252,-12.120306],[-70.284167,-12.124612],[-70.279013,-12.122656],[-70.273199,-12.125829],[-70.260877,-12.12141],[-70.252722,-12.131455],[-70.231128,-12.145214],[-70.225667,-12.152028],[-70.227684,-12.165256],[-70.239796,-12.168221],[-70.24424,-12.184042],[-70.251854,-12.184541],[-70.268626,-12.193578],[-70.282126,-12.237564],[-70.275181,-12.248816],[-70.278311,-12.264461],[-70.271769,-12.275657],[-70.270984,-12.282731],[-70.249753,-12.301969],[-70.252126,-12.307609],[-70.250945,-12.314748],[-70.237762,-12.322204],[-70.230028,-12.336922],[-70.216133,-12.347101],[-70.207323,-12.339555],[-70.198266,-12.346014],[-70.187324,-12.340646],[-70.150742,-12.353208],[-70.143618,-12.344188],[-70.131488,-12.343849],[-70.119588,-12.350589],[-70.108065,-12.351776],[-70.100273,-12.356681],[-70.091,-12.355986],[-70.082017,-12.359059],[-70.077569,-12.35679],[-70.069397,-12.364001],[-70.065781,-12.361655],[-70.055641,-12.369199],[-70.052802,-12.380467],[-70.042563,-12.38642],[-70.02405,-12.407621],[-69.996203,-12.43127],[-69.98984,-12.433382],[-69.963934,-12.430094],[-69.943236,-12.430528],[-69.929653,-12.439916],[-69.920249,-12.456739],[-69.90408,-12.457679],[-69.894337,-12.468788],[-69.881179,-12.473163],[-69.870037,-12.484447],[-69.862648,-12.48382],[-69.850214,-12.476011],[-69.836314,-12.475964],[-69.82851,-12.480057],[-69.82066,-12.489232],[-69.804947,-12.488691],[-69.779944,-12.512501],[-69.773821,-12.512627],[-69.765463,-12.504233],[-69.761644,-12.503683],[-69.726917,-12.529902],[-69.717472,-12.534051],[-69.705174,-12.532456],[-69.685962,-12.523264],[-69.675471,-12.529901],[-69.670492,-12.529027],[-69.653381,-12.51641],[-69.65293,-12.511844],[-69.64193,-12.501345],[-69.634959,-12.505087],[-69.616968,-12.502172],[-69.601825,-12.514749],[-69.59715,-12.515238],[-69.579143,-12.492617],[-69.569619,-12.49412],[-69.563012,-12.501468],[-69.558201,-12.520784],[-69.550554,-12.532419],[-69.5506,-12.545612],[-69.546785,-12.55516],[-69.548063,-12.570883],[-69.543565,-12.573804],[-69.540624,-12.580989],[-69.533407,-12.582143],[-69.527785,-12.586468],[-69.521321,-12.586218],[-69.51903,-12.583465],[-69.512011,-12.585142],[-69.505621,-12.583228],[-69.49037,-12.592489],[-69.491916,-12.596935],[-69.498446,-12.601779],[-69.500038,-12.612139],[-69.504344,-12.616842],[-69.502939,-12.623455],[-69.506579,-12.628421],[-69.504867,-12.635161],[-69.500564,-12.637286],[-69.494304,-12.634485],[-69.477248,-12.635782],[-69.456246,-12.62164],[-69.448842,-12.620965],[-69.463648,-12.663974],[-69.465215,-12.687826],[-69.460239,-12.715369],[-69.449961,-12.72424],[-69.438509,-12.745826],[-69.450036,-12.748863],[-69.457362,-12.757585],[-69.475419,-12.764996],[-69.492758,-12.77586]]]},"properties":{"distrito_":"Laberinto","provincia":"Tambopata","region":"Madre de Dios","situac_lim":"Definido","validado":"Pendiente"}},{"type":"Feature","geometry":{"type":"Polygon","coordinates":[[[-70.536842,-12.113843],[-70.537459,-12.11591],[-70.541078,-12.114172],[-70.543568,-12.124455],[-70.552248,-12.12833],[-70.562424,-12.128047],[-70.56569,-12.13206],[-70.565483,-12.127406],[-70.568682,-12.12539],[-70.570733,-12.129256],[-70.572578,-12.127628],[-70.576031,-12.129633],[-70.579208,-12.126026],[-70.581985,-12.127113],[-70.580656,-12.125041],[-70.588249,-12.112902],[-70.593757,-12.113856],[-70.59705,-12.110384],[-70.599849,-12.112781],[-70.602278,-12.109703],[-70.601833,-12.112643],[-70.606385,-12.110303],[-70.607061,-12.113092],[-70.61082,-12.108957],[-70.611402,-12.112498],[-70.615557,-12.111425],[-70.616912,-12.108687],[-70.622537,-12.107633],[-70.626322,-12.099149],[-70.633581,-12.097271],[-70.635311,-12.092126],[-70.642803,-12.089669],[-70.641962,-12.091952],[-70.645976,-12.092118],[-70.645488,-12.086181],[-70.649667,-12.083399],[-70.651253,-12.08584],[-70.653611,-12.082626],[-70.658463,-12.087117],[-70.660167,-12.084494],[-70.66236,-12.087346],[-70.664835,-12.085144],[-70.66796,-12.089654],[-70.672372,-12.087178],[-70.679465,-12.09038],[-70.680166,-12.087917],[-70.6881,-12.086875],[-70.689173,-12.090439],[-70.69216,-12.09099],[-70.695355,-12.100607],[-70.700442,-12.098361],[-70.703242,-12.100803],[-70.707724,-12.09687],[-70.706908,-12.094064],[-70.708751,-12.094622],[-70.706208,-12.091004],[-70.708775,-12.090988],[-70.708729,-12.087906],[-70.712089,-12.087695],[-70.716081,-12.082762],[-70.717831,-12.083891],[-70.723199,-12.076644],[-70.726746,-12.077065],[-70.731436,-12.072353],[-70.736617,-12.075186],[-70.738507,-12.070935],[-70.741143,-12.074064],[-70.741774,-12.071529],[-70.74315,-12.072985],[-70.746977,-12.070755],[-70.750197,-12.073058],[-70.755518,-12.06996],[-70.765131,-12.060354],[-70.774207,-12.04069],[-70.78053,-12.036392],[-70.797934,-12.033307],[-70.802109,-12.03027],[-70.814009,-12.039476],[-70.840594,-12.07873],[-70.846367,-12.10852],[-70.841139,-12.109522],[-70.828565,-12.123571],[-70.820141,-12.126835],[-70.814099,-12.137478],[-70.827105,-12.158715],[-70.824935,-12.162852],[-70.817396,-12.165586],[-70.808764,-12.180277],[-70.799614,-12.184947],[-70.792821,-12.18368],[-70.788924,-12.189997],[-70.775035,-12.198475],[-70.765605,-12.21609],[-70.757434,-12.215437],[-70.752368,-12.224455],[-70.740344,-12.235387],[-70.732218,-12.240908],[-70.728296,-12.240562],[-70.729488,-12.398021],[-70.731964,-12.397517],[-70.733529,-12.390185],[-70.73965,-12.388736],[-70.740164,-12.392719],[-70.744462,-12.392049],[-70.745887,-12.3864],[-70.757475,-12.390655],[-70.760091,-12.386453],[-70.758829,-12.380468],[-70.762707,-12.38075],[-70.764248,-12.376085],[-70.765019,-12.379741],[-70.768757,-12.381416],[-70.775624,-12.375532],[-70.784735,-12.377497],[-70.78796,-12.380214],[-70.789995,-12.389249],[-70.792962,-12.389989],[-70.791444,-12.392521],[-70.787682,-12.391506],[-70.782498,-12.398473],[-70.785605,-12.399022],[-70.785139,-12.403988],[-70.793436,-12.414373],[-70.792643,-12.417063],[-70.797595,-12.415747],[-70.80533,-12.418949],[-70.810052,-12.425896],[-70.815169,-12.426865],[-70.815943,-12.434064],[-70.824098,-12.43428],[-70.826717,-12.439496],[-70.830759,-12.440354],[-70.831369,-12.445159],[-70.836486,-12.445685],[-70.838919,-12.451435],[-70.84815,-12.453487],[-70.854279,-12.465792],[-70.860682,-12.465938],[-70.870597,-12.477737],[-70.873494,-12.47769],[-70.874128,-12.481418],[-70.87761,-12.482244],[-70.879884,-12.491746],[-70.882546,-12.488844],[-70.883669,-12.491584],[-70.887081,-12.490385],[-70.88685,-12.494246],[-70.889091,-12.491627],[-70.896476,-12.49181],[-70.897648,-12.496023],[-70.901598,-12.496592],[-70.899658,-12.497238],[-70.902698,-12.499765],[-70.901208,-12.502614],[-70.90408,-12.504438],[-70.9054,-12.502015],[-70.909017,-12.505641],[-70.908534,-12.502237],[-70.911634,-12.499675],[-70.919241,-12.499621],[-70.917971,-12.503598],[-70.922496,-12.504325],[-70.922762,-12.508996],[-70.927025,-12.509896],[-70.926152,-12.512605],[-70.929096,-12.512069],[-70.929948,-12.508194],[-70.933004,-12.510947],[-70.931185,-12.513355],[-70.933272,-12.51597],[-70.947271,-12.516574],[-70.948278,-12.518438],[-70.945371,-12.518703],[-70.948471,-12.52226],[-70.947547,-12.524689],[-70.952974,-12.527975],[-70.957215,-12.520804],[-70.967169,-12.523751],[-70.969255,-12.527061],[-70.970818,-12.525721],[-70.976494,-12.529114],[-70.977934,-12.537934],[-70.990474,-12.540245],[-70.990383,-12.542695],[-70.995804,-12.543893],[-71.002511,-12.554806],[-71.006157,-12.554897],[-71.003832,-12.557689],[-71.00992,-12.565208],[-71.021362,-12.562618],[-71.026321,-12.564099],[-71.027277,-12.562565],[-71.024634,-12.562449],[-71.029561,-12.559682],[-71.028964,-12.564531],[-71.032418,-12.561956],[-71.035393,-12.564265],[-71.035574,-12.561625],[-71.039218,-12.560422],[-71.045051,-12.565322],[-71.043816,-12.567482],[-71.046668,-12.567298],[-71.045087,-12.570997],[-71.054724,-12.572884],[-71.055141,-12.581765],[-71.059364,-12.577783],[-71.059439,-12.580033],[-71.062222,-12.58003],[-71.065929,-12.575907],[-71.072672,-12.57957],[-71.077717,-12.577533],[-71.079642,-12.581088],[-71.077847,-12.583298],[-71.084397,-12.584684],[-71.082295,-12.585568],[-71.085646,-12.588678],[-71.090508,-12.588369],[-71.091851,-12.592525],[-71.10043,-12.591626],[-71.099971,-12.595073],[-71.105877,-12.600919],[-71.103919,-12.603221],[-71.106694,-12.609507],[-71.104754,-12.609721],[-71.104951,-12.613877],[-71.115483,-12.61768],[-71.123087,-12.628527],[-71.120473,-12.639628],[-71.121784,-12.648836],[-71.129495,-12.655245],[-71.126891,-12.661293],[-71.129601,-12.668999],[-71.13879,-12.676832],[-71.153894,-12.684003],[-71.166138,-12.696276],[-71.171474,-12.705938],[-71.189713,-12.712267],[-71.199972,-12.700895],[-71.202888,-12.690479],[-71.191658,-12.664997],[-71.200799,-12.655966],[-71.202646,-12.639684],[-71.212638,-12.626263],[-71.209711,-12.624941],[-71.212148,-12.618758],[-71.211157,-12.615477],[-71.204225,-12.611747],[-71.204918,-12.608741],[-71.2019,-12.608224],[-71.20406,-12.603091],[-71.202603,-12.600501],[-71.207682,-12.594612],[-71.20531,-12.590755],[-71.204823,-12.575875],[-71.198708,-12.571235],[-71.193822,-12.562835],[-71.181644,-12.555135],[-71.184231,-12.543944],[-71.179123,-12.539314],[-71.175265,-12.521849],[-71.169296,-12.509851],[-71.166227,-12.490238],[-71.162293,-12.487468],[-71.155782,-12.488162],[-71.143806,-12.481082],[-71.139246,-12.472243],[-71.128491,-12.464764],[-71.118919,-12.444803],[-71.101137,-12.43191],[-71.09968,-12.425785],[-71.076352,-12.405395],[-71.058258,-12.40039],[-71.049858,-12.391841],[-71.047891,-12.386053],[-71.049534,-12.377735],[-71.03898,-12.365324],[-71.037429,-12.353722],[-71.031693,-12.353439],[-71.020845,-12.346335],[-71.001624,-12.34692],[-70.994794,-12.341764],[-70.980675,-12.337682],[-70.969079,-12.341951],[-70.963247,-12.339571],[-70.957812,-12.330372],[-70.94748,-12.324074],[-70.946113,-12.320568],[-70.95212,-12.316566],[-70.953614,-12.306885],[-70.947527,-12.300113],[-70.934529,-12.296021],[-70.93175,-12.282853],[-70.927914,-12.278045],[-70.928542,-12.272102],[-70.94193,-12.268708],[-70.942799,-12.265186],[-70.936504,-12.260395],[-70.934731,-12.253972],[-70.946887,-12.249891],[-70.945976,-12.24433],[-70.936382,-12.241686],[-70.936622,-12.234698],[-70.956936,-12.235548],[-70.957265,-12.240824],[-70.951664,-12.248574],[-70.951689,-12.251855],[-70.956058,-12.254246],[-70.962717,-12.252345],[-70.963367,-12.242209],[-70.966992,-12.241894],[-70.974868,-12.247694],[-70.978186,-12.245239],[-70.976086,-12.23598],[-70.984709,-12.225217],[-70.972761,-12.217883],[-70.962891,-12.216959],[-70.961701,-12.212972],[-70.965797,-12.201374],[-70.974087,-12.198341],[-70.976378,-12.201542],[-70.967352,-12.207301],[-70.967884,-12.211021],[-70.980495,-12.213154],[-70.99341,-12.222235],[-71.002485,-12.223154],[-71.003963,-12.218687],[-70.996379,-12.215028],[-70.995308,-12.206612],[-70.98872,-12.201454],[-70.9897,-12.197732],[-71.001558,-12.200366],[-71.010991,-12.181968],[-71.020778,-12.177188],[-71.023235,-12.16899],[-71.02973,-12.162002],[-71.038264,-12.158224],[-71.060961,-12.162267],[-71.066482,-12.15975],[-71.061135,-12.152108],[-71.049789,-12.150457],[-71.049462,-12.140553],[-71.065333,-12.141421],[-71.068441,-12.15255],[-71.083349,-12.158882],[-71.08559,-12.155639],[-71.076978,-12.149269],[-71.075682,-12.14457],[-71.100647,-12.125637],[-71.102902,-12.116935],[-71.098678,-12.111481],[-71.098642,-12.106917],[-71.116171,-12.091239],[-71.119984,-12.103555],[-71.12604,-12.105787],[-71.129274,-12.103484],[-71.124971,-12.087973],[-71.119393,-12.087554],[-71.117511,-12.084369],[-71.121658,-12.080225],[-71.130025,-12.081074],[-71.133211,-12.072826],[-71.128985,-12.066911],[-71.132656,-12.061397],[-71.150329,-12.064461],[-71.156718,-12.050241],[-71.156648,-12.041556],[-71.160323,-12.036503],[-71.178396,-12.031789],[-71.186349,-12.039047],[-71.189128,-12.038104],[-71.184827,-12.023054],[-71.193122,-12.015217],[-71.213113,-12.018259],[-71.219984,-12.006781],[-71.239446,-12.002053],[-71.243119,-11.996999],[-71.241092,-11.976447],[-71.24752,-11.967711],[-71.249833,-11.96678],[-71.265692,-11.975789],[-71.269939,-11.983987],[-71.274132,-11.985778],[-71.291715,-11.978776],[-71.292989,-11.964596],[-71.281882,-11.968807],[-71.274436,-11.966582],[-71.27388,-11.955615],[-71.288419,-11.942313],[-71.303752,-11.943118],[-71.307267,-11.940532],[-71.311876,-11.92796],[-71.318735,-11.930452],[-71.319519,-11.9395],[-71.322855,-11.943657],[-71.331353,-11.944743],[-71.332932,-11.936371],[-71.321726,-11.921843],[-71.326398,-11.916698],[-71.329946,-11.918061],[-71.334277,-11.928236],[-71.338778,-11.930756],[-71.347021,-11.929757],[-71.354251,-11.920642],[-71.351614,-11.915558],[-71.345701,-11.913285],[-71.34615,-11.910724],[-71.35687,-11.89624],[-71.36017,-11.896212],[-71.363266,-11.8999],[-71.357222,-11.909701],[-71.3603,-11.911302],[-71.380551,-11.908583],[-71.392756,-11.902444],[-71.395749,-11.894286],[-71.400429,-11.890306],[-71.413005,-11.899714],[-71.423598,-11.897996],[-71.428502,-11.892849],[-71.417282,-11.874141],[-71.41986,-11.867252],[-71.423253,-11.867412],[-71.424822,-11.874266],[-71.42824,-11.877201],[-71.446469,-11.871297],[-71.447391,-11.869057],[-71.439038,-11.862262],[-71.44308,-11.850534],[-71.44189,-11.843858],[-71.43944,-11.843879],[-71.433481,-11.851918],[-71.428777,-11.8527],[-71.422165,-11.850895],[-71.422119,-11.8457],[-71.429182,-11.834507],[-71.434811,-11.831856],[-71.453959,-11.844874],[-71.462249,-11.844613],[-71.467256,-11.83566],[-71.468214,-11.816342],[-71.471942,-11.811855],[-71.48175,-11.81307],[-71.482404,-11.822905],[-71.484872,-11.824925],[-71.490888,-11.82339],[-71.502166,-11.811572],[-71.507545,-11.812238],[-71.509801,-11.820658],[-71.512412,-11.820354],[-71.516851,-11.813439],[-71.523094,-11.813248],[-71.526814,-11.822937],[-71.53514,-11.828158],[-71.537894,-11.827564],[-71.540437,-11.819816],[-71.54305,-11.819648],[-71.54152,-11.826962],[-71.54996,-11.828739],[-71.551368,-11.824009],[-71.556007,-11.823109],[-71.556086,-11.831548],[-71.560159,-11.832225],[-71.564334,-11.828329],[-71.573099,-11.833824],[-71.566457,-11.837896],[-71.590178,-11.835909],[-71.592767,-11.839066],[-71.599903,-11.838874],[-71.600607,-11.842048],[-71.596847,-11.843275],[-71.597349,-11.853615],[-71.606966,-11.84517],[-71.603965,-11.855416],[-71.631515,-11.86312],[-71.633234,-11.870458],[-71.627318,-11.874426],[-71.630657,-11.877656],[-71.632614,-11.87481],[-71.640858,-11.883641],[-71.630091,-11.887645],[-71.635442,-11.893675],[-71.635063,-11.900202],[-71.634864,-11.902372],[-71.629341,-11.901339],[-71.628295,-11.907212],[-71.633001,-11.914983],[-71.630885,-11.924345],[-71.632284,-11.932147],[-71.636268,-11.933627],[-71.639998,-11.931641],[-71.639633,-11.939459],[-71.632347,-11.93866],[-71.631963,-11.944527],[-71.638163,-11.94708],[-71.639337,-11.954478],[-71.64248,-11.956427],[-71.648467,-11.952413],[-71.64773,-11.968465],[-71.65244,-11.970833],[-71.656005,-11.97014],[-71.65708,-11.965956],[-71.661554,-11.967015],[-71.666294,-11.972463],[-71.663914,-11.980174],[-71.669021,-11.977488],[-71.672605,-11.978772],[-71.685423,-11.988542],[-71.699186,-11.980939],[-71.71659,-11.980545],[-71.724659,-11.98399],[-71.724938,-11.98948],[-71.739731,-11.995704],[-71.738276,-12.000859],[-71.741999,-12.006288],[-71.739087,-12.006668],[-71.739808,-12.010682],[-71.743934,-12.010406],[-71.749298,-12.018737],[-71.754874,-12.018863],[-71.757932,-12.023169],[-71.781401,-12.027715],[-71.794361,-12.037179],[-71.799478,-12.035908],[-71.809814,-12.040203],[-71.819077,-12.040426],[-71.828367,-12.049121],[-71.84542,-12.045226],[-71.888204,-12.059618],[-71.903592,-12.078851],[-71.905348,-12.089247],[-71.928441,-12.096881],[-71.933769,-12.103554],[-71.937666,-12.117224],[-71.939255,-12.142714],[-71.948898,-12.160748],[-71.949824,-12.17361],[-71.959249,-12.190796],[-71.964332,-12.192394],[-71.967328,-12.196933],[-71.969563,-12.213726],[-71.967454,-12.216901],[-71.969466,-12.222985],[-71.965507,-12.246719],[-71.971175,-12.265427],[-71.969742,-12.279984],[-71.967465,-12.284615],[-71.950351,-12.295937],[-71.944061,-12.306599],[-71.942641,-12.322286],[-71.944517,-12.329267],[-71.947463,-12.325359],[-71.967162,-12.321731],[-71.980246,-12.313134],[-72.01979,-12.295342],[-72.02806,-12.285171],[-72.035788,-12.26356],[-72.039931,-12.258728],[-72.064566,-12.251712],[-72.074279,-12.243371],[-72.089095,-12.248018],[-72.09442,-12.240712],[-72.10424,-12.235758],[-72.099501,-12.201754],[-72.09027,-12.194684],[-72.08776,-12.18959],[-72.096816,-12.160808],[-72.080618,-12.144135],[-72.089583,-12.126896],[-72.087432,-12.109169],[-72.092192,-12.09651],[-72.090544,-12.091453],[-72.082862,-12.08477],[-72.083769,-12.08094],[-72.110534,-12.076198],[-72.127112,-12.068863],[-72.14791,-12.066295],[-72.180746,-12.055473],[-72.222838,-12.057938],[-72.256941,-12.044427],[-72.264823,-12.030421],[-72.266433,-12.02208],[-72.259894,-12.008185],[-72.251227,-11.998886],[-72.252738,-11.990933],[-72.268859,-11.98352],[-72.271445,-11.97564],[-72.268409,-11.966432],[-72.270301,-11.960615],[-72.298003,-11.928197],[-72.306151,-11.908039],[-72.314765,-11.900306],[-72.324744,-11.882531],[-72.332885,-11.874703],[-72.338149,-11.854543],[-72.356192,-11.839308],[-72.371802,-11.831945],[-72.37715,-11.825264],[-72.380294,-11.81605],[-72.380233,-11.799164],[-72.368453,-11.775565],[-72.381972,-11.75228],[-72.404296,-11.734215],[-72.408309,-11.724196],[-72.408125,-11.712539],[-72.396804,-11.687997],[-72.392577,-11.67231],[-72.371825,-11.655334],[-72.37107,-11.648632],[-72.375891,-11.644195],[-72.360075,-11.635928],[-72.354568,-11.623229],[-72.319274,-11.607129],[-72.292052,-11.58044],[-72.291167,-11.572635],[-72.298674,-11.56097],[-72.299094,-11.550322],[-72.284293,-11.5287],[-72.285888,-11.509517],[-72.277854,-11.496749],[-72.275824,-11.479809],[-72.266791,-11.461241],[-72.272788,-11.443942],[-72.273826,-11.429569],[-72.25241,-11.387279],[-72.234732,-11.381539],[-72.226729,-11.371382],[-72.224929,-11.365493],[-72.226943,-11.350498],[-72.220504,-11.339885],[-72.198991,-11.353868],[-72.191354,-11.354656],[-72.183584,-11.350152],[-72.175741,-11.33539],[-72.166859,-11.327692],[-72.15841,-11.325145],[-72.137567,-11.327255],[-72.112593,-11.336659],[-72.109024,-11.348591],[-72.109807,-11.375343],[-72.101838,-11.382598],[-72.09413,-11.383392],[-72.07267,-11.377241],[-72.04795,-11.378898],[-72.031536,-11.373766],[-72.011489,-11.372988],[-71.994322,-11.375873],[-71.981911,-11.389493],[-71.964841,-11.391707],[-71.94635,-11.386465],[-71.930722,-11.377624],[-71.916417,-11.359231],[-71.902541,-11.350769],[-71.893734,-11.351551],[-71.87164,-11.368785],[-71.863638,-11.370697],[-71.856127,-11.369117],[-71.848375,-11.362968],[-71.845073,-11.351708],[-71.830479,-11.339608],[-71.829348,-11.332736],[-71.832378,-11.323673],[-71.830688,-11.318594],[-71.82049,-11.315855],[-71.811014,-11.322811],[-71.805141,-11.323761],[-71.788446,-11.316575],[-71.779411,-11.321556],[-71.763477,-11.34486],[-71.755374,-11.344222],[-71.75504,-11.331894],[-71.752086,-11.327982],[-71.737036,-11.341764],[-71.720831,-11.338652],[-71.712421,-11.351459],[-71.696635,-11.356284],[-71.696099,-11.368124],[-71.688199,-11.374972],[-71.680546,-11.373091],[-71.668648,-11.356439],[-71.661077,-11.353617],[-71.660606,-11.365104],[-71.647841,-11.375916],[-71.645484,-11.385316],[-71.648125,-11.394363],[-71.664004,-11.407121],[-71.659963,-11.41771],[-71.643096,-11.430159],[-71.634009,-11.423167],[-71.625849,-11.423936],[-71.615237,-11.438026],[-71.607537,-11.442386],[-71.6016,-11.438138],[-71.597731,-11.42556],[-71.586456,-11.426563],[-71.581472,-11.434404],[-71.578927,-11.464297],[-71.56332,-11.475485],[-71.552841,-11.487458],[-71.546941,-11.48854],[-71.533776,-11.481272],[-71.517289,-11.489005],[-71.496462,-11.49213],[-71.465555,-11.51614],[-71.45456,-11.51513],[-71.442571,-11.503882],[-71.423933,-11.514465],[-71.400987,-11.557587],[-71.401414,-11.56249],[-71.407227,-11.570756],[-71.406935,-11.577788],[-71.402024,-11.580603],[-71.391766,-11.575628],[-71.387668,-11.576854],[-71.383301,-11.585511],[-71.369781,-11.59615],[-71.367309,-11.610728],[-71.354368,-11.619906],[-71.349904,-11.627262],[-71.347985,-11.637706],[-71.361286,-11.667183],[-71.358849,-11.673944],[-71.352537,-11.676328],[-71.349819,-11.682034],[-71.343038,-11.682821],[-71.336217,-11.688471],[-71.319114,-11.691067],[-71.308711,-11.684374],[-71.304492,-11.684426],[-71.299094,-11.691093],[-71.29515,-11.687148],[-71.289446,-11.692146],[-71.280542,-11.691991],[-71.248093,-11.708822],[-71.247775,-11.716452],[-71.24158,-11.721082],[-71.240164,-11.727229],[-71.233552,-11.734411],[-71.223648,-11.737778],[-71.223489,-11.741919],[-71.218947,-11.746147],[-71.214424,-11.7462],[-71.21289,-11.750505],[-71.210931,-11.749788],[-71.212635,-11.752161],[-71.210331,-11.756209],[-71.201754,-11.758445],[-71.198145,-11.763208],[-71.188119,-11.762535],[-71.186607,-11.766948],[-71.184155,-11.762349],[-71.17154,-11.760637],[-71.171792,-11.754797],[-71.166476,-11.754874],[-71.16512,-11.749633],[-71.156796,-11.748946],[-71.155189,-11.750856],[-71.153276,-11.748494],[-71.15195,-11.75229],[-71.147145,-11.74995],[-71.146075,-11.752796],[-71.140013,-11.753058],[-71.138943,-11.756528],[-71.136842,-11.753037],[-71.132788,-11.755896],[-71.131363,-11.753042],[-71.127913,-11.753302],[-71.121761,-11.75868],[-71.117868,-11.758754],[-71.117287,-11.761606],[-71.111249,-11.761958],[-71.108643,-11.771114],[-71.104699,-11.765341],[-71.0971,-11.770106],[-71.090945,-11.770115],[-71.087286,-11.774119],[-71.083718,-11.773241],[-71.082951,-11.776627],[-71.078706,-11.775022],[-71.077053,-11.779363],[-71.07899,-11.782793],[-71.073907,-11.783941],[-71.076079,-11.789258],[-71.074004,-11.790249],[-71.071997,-11.787146],[-71.069434,-11.792659],[-71.064677,-11.792342],[-71.065029,-11.795972],[-71.062488,-11.796994],[-71.063561,-11.799083],[-71.067525,-11.7974],[-71.060323,-11.806003],[-71.064312,-11.808577],[-71.059626,-11.811801],[-71.063358,-11.813175],[-71.06329,-11.816284],[-71.059231,-11.814235],[-71.06054,-11.8201],[-71.058022,-11.821556],[-71.060333,-11.826519],[-71.056648,-11.82735],[-71.058003,-11.831995],[-71.053177,-11.835609],[-71.057307,-11.838986],[-71.047885,-11.838946],[-71.051829,-11.845606],[-71.049406,-11.850604],[-71.044672,-11.852581],[-71.049947,-11.859547],[-71.046452,-11.868123],[-71.041974,-11.869276],[-71.04517,-11.872217],[-71.036307,-11.873673],[-71.035907,-11.865605],[-71.029118,-11.862364],[-71.021842,-11.864395],[-71.02119,-11.867401],[-71.024783,-11.870574],[-71.021309,-11.874215],[-71.026371,-11.874712],[-71.022922,-11.88513],[-71.026211,-11.884185],[-71.025746,-11.887984],[-71.024324,-11.889775],[-71.020474,-11.888447],[-71.020896,-11.892954],[-71.018027,-11.893481],[-71.016395,-11.897578],[-71.013873,-11.895933],[-71.014756,-11.892257],[-71.008866,-11.89313],[-71.011646,-11.900151],[-71.004641,-11.89692],[-71.004106,-11.899943],[-70.99855,-11.901663],[-70.999957,-11.905459],[-70.99571,-11.905064],[-70.994048,-11.90879],[-70.990769,-11.907621],[-70.991625,-11.913146],[-70.982273,-11.913917],[-70.982562,-11.917865],[-70.973851,-11.914871],[-70.971643,-11.9236],[-70.964164,-11.919955],[-70.963464,-11.916091],[-70.960536,-11.919791],[-70.956177,-11.915744],[-70.952391,-11.928624],[-70.946927,-11.924187],[-70.947328,-11.918228],[-70.939259,-11.92067],[-70.935063,-11.92671],[-70.936854,-11.923796],[-70.934058,-11.920444],[-70.926542,-11.922339],[-70.930141,-11.918699],[-70.928577,-11.916712],[-70.922749,-11.91809],[-70.916915,-11.924068],[-70.910156,-11.922143],[-70.908132,-11.915712],[-70.903357,-11.917598],[-70.896527,-11.915755],[-70.900297,-11.921044],[-70.890469,-11.924391],[-70.890903,-11.928881],[-70.886247,-11.925568],[-70.891419,-11.93243],[-70.888325,-11.933481],[-70.887779,-11.937055],[-70.882727,-11.93821],[-70.884128,-11.941924],[-70.875888,-11.939692],[-70.87208,-11.943315],[-70.872479,-11.947615],[-70.867496,-11.947648],[-70.866872,-11.955598],[-70.858532,-11.955626],[-70.861281,-11.964828],[-70.855709,-11.963201],[-70.851865,-11.966173],[-70.849762,-11.961559],[-70.846327,-11.961085],[-70.838321,-11.966254],[-70.835724,-11.962881],[-70.831117,-11.966599],[-70.826091,-11.965556],[-70.826268,-11.970526],[-70.819983,-11.969627],[-70.818871,-11.979876],[-70.812025,-11.981565],[-70.813674,-11.977858],[-70.810386,-11.977038],[-70.808016,-11.986156],[-70.79811,-11.981745],[-70.79548,-11.985116],[-70.797378,-11.987852],[-70.791942,-11.986006],[-70.781389,-11.989192],[-70.779047,-11.997966],[-70.773984,-11.987413],[-70.768796,-11.996178],[-70.76508,-11.994104],[-70.761009,-11.995721],[-70.762224,-11.999465],[-70.754167,-11.998512],[-70.756678,-11.994302],[-70.746135,-11.99726],[-70.745102,-11.993741],[-70.748064,-11.98989],[-70.743016,-11.987517],[-70.738949,-11.990977],[-70.73402,-11.983433],[-70.727086,-11.985718],[-70.726959,-11.990618],[-70.716789,-11.986983],[-70.716361,-11.990574],[-70.709946,-11.993642],[-70.709225,-11.988521],[-70.705313,-11.98962],[-70.703681,-11.994928],[-70.707091,-11.998794],[-70.698033,-11.996481],[-70.696522,-12.003902],[-70.686141,-11.997945],[-70.684559,-12.001344],[-70.686786,-12.005525],[-70.684426,-12.007239],[-70.680858,-12.003735],[-70.680989,-11.996104],[-70.674037,-11.993434],[-70.668813,-11.993935],[-70.665648,-11.999116],[-70.665218,-11.994391],[-70.662798,-11.994604],[-70.656953,-12.003561],[-70.64719,-12.001386],[-70.644643,-12.005704],[-70.647574,-12.013018],[-70.641457,-12.013253],[-70.637795,-12.017288],[-70.639729,-12.021182],[-70.636632,-12.024482],[-70.640664,-12.025588],[-70.637624,-12.027378],[-70.638185,-12.031777],[-70.634417,-12.033914],[-70.64051,-12.036075],[-70.636636,-12.041432],[-70.63078,-12.041855],[-70.630969,-12.036674],[-70.628231,-12.035767],[-70.627985,-12.04433],[-70.623261,-12.051427],[-70.605824,-12.037814],[-70.605622,-12.045481],[-70.611453,-12.051495],[-70.599806,-12.051951],[-70.59646,-12.058054],[-70.601727,-12.06305],[-70.593656,-12.066053],[-70.598277,-12.069714],[-70.589991,-12.067014],[-70.586802,-12.078621],[-70.581203,-12.078002],[-70.580587,-12.07429],[-70.576493,-12.075706],[-70.575925,-12.072961],[-70.572404,-12.083314],[-70.567592,-12.080294],[-70.564413,-12.082536],[-70.568851,-12.089011],[-70.568504,-12.093171],[-70.561132,-12.092897],[-70.560657,-12.09986],[-70.55424,-12.097012],[-70.555663,-12.103848],[-70.549704,-12.103022],[-70.550056,-12.099169],[-70.547038,-12.099864],[-70.546103,-12.104516],[-70.542643,-12.103035],[-70.541163,-12.112092],[-70.536842,-12.113843]]]},"properties":{"distrito_":"Fitzcarrald","provincia":"Manu","region":"Madre de Dios","situac_lim":"Definido","validado":"Validado"}},{"type":"Feature","geometry":{"type":"Polygon","coordinates":[[[-71.189388,-12.712333],[-71.186701,-12.722106],[-71.189415,-12.738287],[-71.18011,-12.748051],[-71.191116,-12.767679],[-71.237042,-12.797991],[-71.242164,-12.804589],[-71.2609,-12.817306],[-71.276082,-12.823013],[-71.281391,-12.829455],[-71.279418,-12.841056],[-71.268193,-12.850506],[-71.265286,-12.856026],[-71.266498,-12.861581],[-71.274892,-12.866244],[-71.269821,-12.882427],[-71.270735,-12.889928],[-71.265358,-12.898812],[-71.256456,-12.903733],[-71.250809,-12.916198],[-71.257749,-12.933488],[-71.264346,-12.939232],[-71.264679,-12.961666],[-71.271414,-12.962561],[-71.273108,-12.955193],[-71.285742,-12.951231],[-71.294043,-12.944968],[-71.297026,-12.94604],[-71.302954,-12.934336],[-71.307822,-12.934712],[-71.310202,-12.930161],[-71.315032,-12.931637],[-71.316054,-12.925379],[-71.320418,-12.924854],[-71.321219,-12.921733],[-71.326987,-12.918935],[-71.335585,-12.902827],[-71.359595,-12.882105],[-71.361349,-12.890894],[-71.377256,-12.902885],[-71.380825,-12.897825],[-71.387024,-12.896431],[-71.387533,-12.890562],[-71.396826,-12.884046],[-71.399603,-12.883651],[-71.403547,-12.889058],[-71.415641,-12.895805],[-71.419676,-12.891013],[-71.418272,-12.88379],[-71.424956,-12.884857],[-71.428603,-12.881476],[-71.424826,-12.873183],[-71.429594,-12.876642],[-71.439535,-12.87574],[-71.439322,-12.871025],[-71.447928,-12.866664],[-71.451247,-12.858792],[-71.444113,-12.854011],[-71.446173,-12.841148],[-71.452994,-12.843307],[-71.457373,-12.840234],[-71.447821,-12.826871],[-71.461142,-12.824975],[-71.465567,-12.811006],[-71.474524,-12.807678],[-71.484602,-12.792981],[-71.491301,-12.791707],[-71.491797,-12.786902],[-71.500082,-12.777804],[-71.499289,-12.770463],[-71.503424,-12.756408],[-71.514792,-12.743929],[-71.517775,-12.747877],[-71.522582,-12.748708],[-71.548041,-12.735147],[-71.547758,-12.732083],[-71.553892,-12.726096],[-71.550353,-12.716282],[-71.554465,-12.708725],[-71.559691,-12.711609],[-71.564872,-12.706513],[-71.591833,-12.703069],[-71.596808,-12.699747],[-71.6406,-12.711077],[-71.662024,-12.729568],[-71.681411,-12.732828],[-71.694396,-12.738724],[-71.694563,-12.753705],[-71.699309,-12.762857],[-71.707098,-12.767505],[-71.708029,-12.7727],[-71.722891,-12.785282],[-71.748084,-12.7955],[-71.753402,-12.794401],[-71.759543,-12.788977],[-71.765784,-12.767283],[-71.798834,-12.765411],[-71.80506,-12.752952],[-71.813674,-12.743475],[-71.820387,-12.740991],[-71.832137,-12.742424],[-71.857406,-12.735411],[-71.866698,-12.73609],[-71.881232,-12.730852],[-71.89585,-12.732668],[-71.910483,-12.72519],[-71.921584,-12.724407],[-71.924727,-12.720253],[-71.924163,-12.714684],[-71.915869,-12.707588],[-71.914725,-12.701587],[-71.902755,-12.698576],[-71.904029,-12.695421],[-71.909171,-12.69381],[-71.919463,-12.697208],[-71.923285,-12.694046],[-71.926383,-12.695618],[-71.930121,-12.689917],[-71.933844,-12.693329],[-71.937362,-12.689892],[-71.950118,-12.689037],[-71.965827,-12.69226],[-71.975577,-12.683422],[-71.970588,-12.664606],[-71.960517,-12.648867],[-71.967421,-12.639246],[-71.979544,-12.636927],[-71.98416,-12.63297],[-71.981238,-12.627725],[-71.963408,-12.62373],[-71.963706,-12.617682],[-71.979316,-12.608584],[-71.982146,-12.60289],[-71.980948,-12.584831],[-71.983382,-12.579277],[-72.005973,-12.568494],[-72.01303,-12.556028],[-72.013808,-12.547438],[-72.025694,-12.544725],[-72.025908,-12.538694],[-72.037429,-12.534305],[-72.034735,-12.52901],[-72.051673,-12.52375],[-72.061179,-12.509123],[-72.073218,-12.510735],[-72.079131,-12.509264],[-72.082991,-12.504591],[-72.080222,-12.489016],[-72.068091,-12.472328],[-72.069762,-12.459394],[-72.062674,-12.449617],[-72.063262,-12.438297],[-72.052161,-12.43487],[-72.049765,-12.424005],[-72.022574,-12.416301],[-72.011603,-12.408224],[-72.002143,-12.406087],[-71.994353,-12.399371],[-71.979506,-12.399107],[-71.974967,-12.39679],[-71.965201,-12.366334],[-71.969351,-12.35016],[-71.965361,-12.344525],[-71.944686,-12.333628],[-71.942641,-12.322286],[-71.944061,-12.306599],[-71.950351,-12.295937],[-71.967465,-12.284615],[-71.969742,-12.279984],[-71.971175,-12.265427],[-71.965507,-12.246719],[-71.969466,-12.222985],[-71.967454,-12.216901],[-71.969563,-12.213726],[-71.967328,-12.196933],[-71.964332,-12.192394],[-71.959249,-12.190796],[-71.949824,-12.17361],[-71.948898,-12.160748],[-71.939255,-12.142714],[-71.937666,-12.117224],[-71.933769,-12.103554],[-71.928441,-12.096881],[-71.905348,-12.089247],[-71.903592,-12.078851],[-71.888204,-12.059618],[-71.84542,-12.045226],[-71.828367,-12.049121],[-71.819077,-12.040426],[-71.809814,-12.040203],[-71.799478,-12.035908],[-71.794361,-12.037179],[-71.781401,-12.027715],[-71.757932,-12.023169],[-71.754874,-12.018863],[-71.749298,-12.018737],[-71.743934,-12.010406],[-71.739808,-12.010682],[-71.739087,-12.006668],[-71.741999,-12.006288],[-71.738276,-12.000859],[-71.739731,-11.995704],[-71.724938,-11.98948],[-71.724659,-11.98399],[-71.71659,-11.980545],[-71.699186,-11.980939],[-71.685423,-11.988542],[-71.672605,-11.978772],[-71.669021,-11.977488],[-71.663914,-11.980174],[-71.666294,-11.972463],[-71.661554,-11.967015],[-71.65708,-11.965956],[-71.656005,-11.97014],[-71.65244,-11.970833],[-71.64773,-11.968465],[-71.648467,-11.952413],[-71.64248,-11.956427],[-71.639337,-11.954478],[-71.638163,-11.94708],[-71.631963,-11.944527],[-71.632347,-11.93866],[-71.639633,-11.939459],[-71.639998,-11.931641],[-71.636268,-11.933627],[-71.632284,-11.932147],[-71.630885,-11.924345],[-71.633001,-11.914983],[-71.628295,-11.907212],[-71.629341,-11.901339],[-71.634864,-11.902372],[-71.635063,-11.900202],[-71.635442,-11.893675],[-71.630091,-11.887645],[-71.640858,-11.883641],[-71.632614,-11.87481],[-71.630657,-11.877656],[-71.627318,-11.874426],[-71.633234,-11.870458],[-71.631515,-11.86312],[-71.603965,-11.855416],[-71.606966,-11.84517],[-71.597349,-11.853615],[-71.596847,-11.843275],[-71.600607,-11.842048],[-71.599903,-11.838874],[-71.592767,-11.839066],[-71.590178,-11.835909],[-71.566457,-11.837896],[-71.573099,-11.833824],[-71.564334,-11.828329],[-71.560159,-11.832225],[-71.556086,-11.831548],[-71.556007,-11.823109],[-71.551368,-11.824009],[-71.54996,-11.828739],[-71.546617,-11.828488],[-71.540639,-11.825967],[-71.54437,-11.821064],[-71.540437,-11.819816],[-71.537894,-11.827564],[-71.53514,-11.828158],[-71.526814,-11.822937],[-71.523094,-11.813248],[-71.516851,-11.813439],[-71.512412,-11.820354],[-71.509801,-11.820658],[-71.507545,-11.812238],[-71.503326,-11.811417],[-71.488265,-11.825085],[-71.482404,-11.822905],[-71.48175,-11.81307],[-71.469691,-11.812995],[-71.467256,-11.83566],[-71.462249,-11.844613],[-71.453959,-11.844874],[-71.440674,-11.834218],[-71.431615,-11.832624],[-71.421022,-11.849423],[-71.424813,-11.851993],[-71.433481,-11.851918],[-71.43944,-11.843879],[-71.44189,-11.843858],[-71.44308,-11.850534],[-71.439038,-11.862262],[-71.447391,-11.869057],[-71.446469,-11.871297],[-71.42824,-11.877201],[-71.424822,-11.874266],[-71.423253,-11.867412],[-71.41986,-11.867252],[-71.417282,-11.874141],[-71.428012,-11.890766],[-71.427344,-11.895181],[-71.420544,-11.899188],[-71.413005,-11.899714],[-71.400429,-11.890306],[-71.395749,-11.894286],[-71.392756,-11.902444],[-71.380551,-11.908583],[-71.3603,-11.911302],[-71.357222,-11.909701],[-71.363266,-11.8999],[-71.36017,-11.896212],[-71.35687,-11.89624],[-71.34615,-11.910724],[-71.345701,-11.913285],[-71.351614,-11.915558],[-71.354251,-11.920642],[-71.347021,-11.929757],[-71.338778,-11.930756],[-71.334277,-11.928236],[-71.329946,-11.918061],[-71.326398,-11.916698],[-71.321726,-11.921843],[-71.332932,-11.936371],[-71.331353,-11.944743],[-71.322855,-11.943657],[-71.319519,-11.9395],[-71.318735,-11.930452],[-71.311876,-11.92796],[-71.307267,-11.940532],[-71.303752,-11.943118],[-71.288419,-11.942313],[-71.27388,-11.955615],[-71.274436,-11.966582],[-71.281882,-11.968807],[-71.292989,-11.964596],[-71.291715,-11.978776],[-71.274132,-11.985778],[-71.269939,-11.983987],[-71.265692,-11.975789],[-71.249833,-11.96678],[-71.24752,-11.967711],[-71.241092,-11.976447],[-71.243119,-11.996999],[-71.239446,-12.002053],[-71.219984,-12.006781],[-71.213113,-12.018259],[-71.193122,-12.015217],[-71.184827,-12.023054],[-71.189128,-12.038104],[-71.186349,-12.039047],[-71.178396,-12.031789],[-71.160323,-12.036503],[-71.156648,-12.041556],[-71.156718,-12.050241],[-71.150329,-12.064461],[-71.145224,-12.064961],[-71.135436,-12.060463],[-71.129888,-12.063705],[-71.128985,-12.066911],[-71.133237,-12.076025],[-71.130025,-12.081074],[-71.121658,-12.080225],[-71.117511,-12.084369],[-71.119393,-12.087554],[-71.124971,-12.087973],[-71.129274,-12.103484],[-71.12604,-12.105787],[-71.119984,-12.103555],[-71.116171,-12.091239],[-71.108808,-12.09998],[-71.100022,-12.105072],[-71.098678,-12.111481],[-71.102902,-12.116935],[-71.100647,-12.125637],[-71.075682,-12.14457],[-71.076978,-12.149269],[-71.08559,-12.155639],[-71.083349,-12.158882],[-71.068441,-12.15255],[-71.065333,-12.141421],[-71.050463,-12.139796],[-71.049789,-12.150457],[-71.061135,-12.152108],[-71.066482,-12.15975],[-71.060961,-12.162267],[-71.038264,-12.158224],[-71.02973,-12.162002],[-71.023235,-12.16899],[-71.020778,-12.177188],[-71.010991,-12.181968],[-71.001558,-12.200366],[-70.9897,-12.197732],[-70.98872,-12.201454],[-70.995308,-12.206612],[-70.996379,-12.215028],[-71.003963,-12.218687],[-71.002485,-12.223154],[-70.99341,-12.222235],[-70.980495,-12.213154],[-70.967884,-12.211021],[-70.967352,-12.207301],[-70.976378,-12.201542],[-70.974087,-12.198341],[-70.965797,-12.201374],[-70.961701,-12.212972],[-70.962891,-12.216959],[-70.972761,-12.217883],[-70.984709,-12.225217],[-70.976086,-12.23598],[-70.978186,-12.245239],[-70.974868,-12.247694],[-70.966992,-12.241894],[-70.963367,-12.242209],[-70.962717,-12.252345],[-70.956058,-12.254246],[-70.951689,-12.251855],[-70.951664,-12.248574],[-70.957265,-12.240824],[-70.956936,-12.235548],[-70.940535,-12.234236],[-70.935191,-12.237419],[-70.936382,-12.241686],[-70.945976,-12.24433],[-70.946887,-12.249891],[-70.934731,-12.253972],[-70.936504,-12.260395],[-70.942799,-12.265186],[-70.94193,-12.268708],[-70.928542,-12.272102],[-70.927914,-12.278045],[-70.93175,-12.282853],[-70.934529,-12.296021],[-70.947527,-12.300113],[-70.953614,-12.306885],[-70.95212,-12.316566],[-70.946113,-12.320568],[-70.94748,-12.324074],[-70.957812,-12.330372],[-70.963247,-12.339571],[-70.969079,-12.341951],[-70.980675,-12.337682],[-70.994794,-12.341764],[-71.001624,-12.34692],[-71.020845,-12.346335],[-71.031693,-12.353439],[-71.037429,-12.353722],[-71.03898,-12.365324],[-71.049534,-12.377735],[-71.047891,-12.386053],[-71.049858,-12.391841],[-71.058258,-12.40039],[-71.076352,-12.405395],[-71.09968,-12.425785],[-71.101137,-12.43191],[-71.118919,-12.444803],[-71.128491,-12.464764],[-71.139246,-12.472243],[-71.143806,-12.481082],[-71.155782,-12.488162],[-71.162293,-12.487468],[-71.166227,-12.490238],[-71.169296,-12.509851],[-71.175265,-12.521849],[-71.179123,-12.539314],[-71.184231,-12.543944],[-71.181644,-12.555135],[-71.193822,-12.562835],[-71.198708,-12.571235],[-71.204823,-12.575875],[-71.20531,-12.590755],[-71.207682,-12.594612],[-71.202603,-12.600501],[-71.20406,-12.603091],[-71.2019,-12.608224],[-71.204918,-12.608741],[-71.204225,-12.611747],[-71.211157,-12.615477],[-71.212148,-12.618758],[-71.209711,-12.624941],[-71.212638,-12.626263],[-71.202646,-12.639684],[-71.200799,-12.655966],[-71.191658,-12.664997],[-71.202888,-12.690479],[-71.199972,-12.700895],[-71.189388,-12.712333]]]},"properties":{"distrito_":"Manu","provincia":"Manu","region":"Madre de Dios","situac_lim":"Definido","validado":"Validado"}},{"type":"Feature","geometry":{"type":"Polygon","coordinates":[[[-70.537459,-12.11591],[-70.53301,-12.113285],[-70.534563,-12.11881],[-70.527953,-12.113946],[-70.524196,-12.115431],[-70.523754,-12.110778],[-70.514291,-12.114301],[-70.512355,-12.109756],[-70.516831,-12.107109],[-70.512741,-12.104872],[-70.508674,-12.110743],[-70.50968,-12.115872],[-70.500425,-12.107596],[-70.493521,-12.107218],[-70.49365,-12.112949],[-70.489259,-12.111906],[-70.488354,-12.117651],[-70.484978,-12.118709],[-70.486385,-12.122752],[-70.480211,-12.122287],[-70.476062,-12.116985],[-70.47309,-12.117913],[-70.471729,-12.12726],[-70.476124,-12.132326],[-70.473771,-12.132845],[-70.466785,-12.126798],[-70.459315,-12.135191],[-70.461347,-12.141653],[-70.455694,-12.137199],[-70.45281,-12.140315],[-70.449367,-12.135912],[-70.446639,-12.144388],[-70.439096,-12.145286],[-70.44282,-12.138667],[-70.437,-12.143507],[-70.436674,-12.15396],[-70.430582,-12.153793],[-70.431008,-12.150264],[-70.425965,-12.146945],[-70.422271,-12.152371],[-70.415732,-12.150678],[-70.415354,-12.147434],[-70.409908,-12.147959],[-70.401662,-12.153597],[-70.39676,-12.153658],[-70.395667,-12.166818],[-70.390481,-12.166473],[-70.388484,-12.162216],[-70.383201,-12.17198],[-70.375771,-12.166638],[-70.381739,-12.179328],[-70.379144,-12.181945],[-70.372738,-12.181263],[-70.374397,-12.193324],[-70.363992,-12.195943],[-70.358016,-12.190874],[-70.355143,-12.193917],[-70.358592,-12.198529],[-70.354282,-12.201814],[-70.347942,-12.198933],[-70.347768,-12.204748],[-70.344318,-12.20782],[-70.346114,-12.213345],[-70.342406,-12.212567],[-70.339886,-12.23096],[-70.334524,-12.227758],[-70.337922,-12.221838],[-70.335487,-12.219888],[-70.327061,-12.228843],[-70.323346,-12.226908],[-70.31672,-12.229833],[-70.320083,-12.237818],[-70.318156,-12.240956],[-70.32117,-12.245055],[-70.317281,-12.25208],[-70.320947,-12.253148],[-70.316897,-12.255084],[-70.312347,-12.253089],[-70.314171,-12.259852],[-70.312207,-12.263451],[-70.308483,-12.262592],[-70.308434,-12.257448],[-70.306735,-12.25855],[-70.30114,-12.269697],[-70.302188,-12.281021],[-70.297565,-12.282625],[-70.294459,-12.296879],[-70.289936,-12.297606],[-70.281814,-12.292228],[-70.284858,-12.303669],[-70.282905,-12.308479],[-70.280174,-12.305996],[-70.278152,-12.307543],[-70.276449,-12.312053],[-70.280337,-12.32142],[-70.274616,-12.32811],[-70.278518,-12.330252],[-70.270739,-12.331455],[-70.27145,-12.338441],[-70.268916,-12.339447],[-70.275372,-12.344579],[-70.263518,-12.342971],[-70.257001,-12.360469],[-70.250568,-12.360164],[-70.249563,-12.362329],[-70.252135,-12.369306],[-70.257895,-12.370446],[-70.258414,-12.372776],[-70.24928,-12.37638],[-70.24902,-12.379537],[-70.254326,-12.382975],[-70.247769,-12.385203],[-70.252332,-12.389187],[-70.248788,-12.39517],[-70.255244,-12.398395],[-70.252844,-12.405974],[-70.258335,-12.406391],[-70.253037,-12.411913],[-70.256447,-12.4197],[-70.264289,-12.423714],[-70.256874,-12.429336],[-70.251,-12.428558],[-70.248168,-12.439041],[-70.250912,-12.447165],[-70.244155,-12.449891],[-70.239628,-12.456737],[-70.236614,-12.457538],[-70.235177,-12.451613],[-70.232969,-12.452609],[-70.231021,-12.466261],[-70.228214,-12.468254],[-70.217769,-12.472261],[-70.219342,-12.464343],[-70.2121,-12.464764],[-70.209546,-12.47803],[-70.200459,-12.471145],[-70.190801,-12.471387],[-70.188998,-12.473176],[-70.191841,-12.478697],[-70.189641,-12.481672],[-70.183803,-12.48111],[-70.179192,-12.485081],[-70.173951,-12.483133],[-70.174993,-12.491031],[-70.165935,-12.490482],[-70.161895,-12.487136],[-70.151475,-12.497063],[-70.139614,-12.499889],[-70.136587,-12.498121],[-70.131054,-12.50564],[-70.133172,-12.510314],[-70.129725,-12.511359],[-70.126663,-12.506264],[-70.126013,-12.513952],[-70.119847,-12.511554],[-70.121608,-12.505164],[-70.105027,-12.507809],[-70.103512,-12.510609],[-70.106788,-12.516147],[-70.100447,-12.519935],[-70.102818,-12.526073],[-70.09807,-12.535342],[-70.091843,-12.536389],[-70.097269,-12.549423],[-70.090945,-12.545163],[-70.086269,-12.549739],[-70.082533,-12.54734],[-70.079511,-12.548998],[-70.082021,-12.552523],[-70.092858,-12.549812],[-70.093254,-12.557079],[-70.08197,-12.554566],[-70.078665,-12.560855],[-70.081872,-12.566556],[-70.072521,-12.568302],[-70.072962,-12.575543],[-70.050452,-12.596826],[-70.047481,-12.604007],[-70.048334,-12.610252],[-70.058124,-12.62024],[-70.071584,-12.627745],[-70.083655,-12.644071],[-70.101733,-12.652866],[-70.122889,-12.658429],[-70.154394,-12.685074],[-70.173804,-12.69573],[-70.208507,-12.730392],[-70.221528,-12.737456],[-70.248637,-12.74129],[-70.258697,-12.753583],[-70.271248,-12.776152],[-70.291747,-12.843578],[-70.322284,-12.856571],[-70.330255,-12.867361],[-70.340758,-12.871991],[-70.345158,-12.889968],[-70.350643,-12.897688],[-70.349652,-12.910114],[-70.352282,-12.914829],[-70.367582,-12.926059],[-70.385107,-12.928245],[-70.387129,-12.933866],[-70.39855,-12.929882],[-70.403687,-12.933054],[-70.425732,-12.925106],[-70.429262,-12.929986],[-70.43516,-12.928634],[-70.428536,-12.918509],[-70.428661,-12.912524],[-70.444514,-12.904048],[-70.447247,-12.89869],[-70.462187,-12.889006],[-70.474492,-12.876118],[-70.476635,-12.870492],[-70.475146,-12.864679],[-70.47922,-12.853455],[-70.488671,-12.845736],[-70.494722,-12.845258],[-70.507719,-12.827583],[-70.508197,-12.8177],[-70.513361,-12.81485],[-70.509567,-12.810605],[-70.512371,-12.811529],[-70.513899,-12.808907],[-70.518114,-12.814723],[-70.514605,-12.819751],[-70.517641,-12.82307],[-70.517363,-12.828522],[-70.520901,-12.830915],[-70.520058,-12.836073],[-70.530269,-12.842749],[-70.538246,-12.841427],[-70.551409,-12.855515],[-70.561897,-12.858364],[-70.56046,-12.866228],[-70.563186,-12.872485],[-70.557806,-12.87739],[-70.558046,-12.881312],[-70.574158,-12.886739],[-70.581965,-12.903831],[-70.591215,-12.90316],[-70.595336,-12.913892],[-70.590349,-12.921931],[-70.601355,-12.923094],[-70.603356,-12.930909],[-70.611199,-12.933338],[-70.614828,-12.942165],[-70.621512,-12.941889],[-70.623168,-12.95005],[-70.620765,-12.955507],[-70.626786,-12.959709],[-70.628546,-12.970238],[-70.633601,-12.965451],[-70.637083,-12.973682],[-70.64542,-12.97335],[-70.648894,-12.9687],[-70.652174,-12.970821],[-70.659069,-12.965525],[-70.685994,-12.96443],[-70.706865,-12.955318],[-70.732067,-12.949946],[-70.737774,-12.945081],[-70.748874,-12.942982],[-70.760818,-12.929669],[-70.76097,-12.925591],[-70.756934,-12.922961],[-70.763808,-12.916452],[-70.758506,-12.910296],[-70.761786,-12.910735],[-70.765015,-12.906022],[-70.770545,-12.906933],[-70.772605,-12.903873],[-70.779179,-12.905826],[-70.780599,-12.908637],[-70.789595,-12.905041],[-70.791488,-12.908228],[-70.800179,-12.909443],[-70.807127,-12.916174],[-70.806564,-12.920823],[-70.813069,-12.92763],[-70.831546,-12.931306],[-70.837932,-12.929923],[-70.839704,-12.926386],[-70.837885,-12.91069],[-70.844535,-12.90822],[-70.849125,-12.896022],[-70.845274,-12.894856],[-70.841554,-12.888293],[-70.838396,-12.889716],[-70.838108,-12.886013],[-70.831798,-12.881348],[-70.828876,-12.874951],[-70.826581,-12.876223],[-70.826652,-12.866687],[-70.818336,-12.865443],[-70.820632,-12.859389],[-70.818117,-12.858485],[-70.817137,-12.852128],[-70.821674,-12.852314],[-70.814981,-12.84211],[-70.821224,-12.83584],[-70.844651,-12.83319],[-70.857911,-12.840174],[-70.868122,-12.838375],[-70.88627,-12.847013],[-70.891207,-12.853702],[-70.896189,-12.847683],[-70.90025,-12.847256],[-70.905497,-12.852785],[-70.90704,-12.868537],[-70.915931,-12.864405],[-70.919298,-12.870725],[-70.926472,-12.8737],[-70.928895,-12.871603],[-70.927506,-12.864745],[-70.930058,-12.863442],[-70.938266,-12.879307],[-70.947866,-12.869538],[-70.945934,-12.874713],[-70.9477,-12.880222],[-70.9541,-12.886085],[-70.949209,-12.898151],[-70.955787,-12.901826],[-70.951969,-12.912158],[-70.955856,-12.917226],[-70.956101,-12.924166],[-70.966494,-12.929601],[-70.960382,-12.941279],[-70.968534,-12.946974],[-70.970589,-12.95756],[-70.98221,-12.975991],[-70.982409,-12.981339],[-70.978203,-12.981543],[-70.97707,-12.983947],[-70.99012,-12.996238],[-70.988034,-13.000909],[-70.990495,-13.003149],[-70.987099,-13.010414],[-70.99293,-13.021025],[-70.990609,-13.023998],[-70.980971,-13.025347],[-70.982343,-13.036489],[-70.978571,-13.044769],[-70.970313,-13.053445],[-70.962172,-13.052657],[-70.947507,-13.05754],[-70.932541,-13.067893],[-70.915978,-13.069598],[-70.909633,-13.065343],[-70.897323,-13.068334],[-70.900641,-13.071404],[-70.89942,-13.077808],[-70.8878,-13.102911],[-70.916159,-13.108478],[-70.929434,-13.125144],[-70.940634,-13.134623],[-70.935522,-13.146957],[-70.938605,-13.153213],[-70.945234,-13.158361],[-70.95603,-13.15587],[-70.961363,-13.166682],[-70.97991,-13.179632],[-70.991171,-13.203926],[-70.990439,-13.22002],[-70.998739,-13.228559],[-71.006514,-13.230603],[-71.009665,-13.235407],[-71.00936,-13.263112],[-71.011953,-13.270966],[-71.037115,-13.275853],[-71.052595,-13.269741],[-71.062987,-13.2738],[-71.077689,-13.287057],[-71.082869,-13.28702],[-71.102003,-13.268879],[-71.12776,-13.253913],[-71.129004,-13.235],[-71.135435,-13.222545],[-71.136679,-13.203369],[-71.141432,-13.19097],[-71.142416,-13.169841],[-71.147101,-13.147369],[-71.145201,-13.138109],[-71.151609,-13.122747],[-71.146765,-13.112657],[-71.16416,-13.110607],[-71.171957,-13.099019],[-71.15402,-13.067518],[-71.155142,-13.065243],[-71.172812,-13.062934],[-71.175818,-13.056679],[-71.171294,-13.045719],[-71.172354,-13.036494],[-71.168608,-13.027234],[-71.168982,-13.013251],[-71.171073,-13.008698],[-71.175474,-13.006723],[-71.178954,-12.997118],[-71.170599,-12.984271],[-71.163268,-12.980273],[-71.163023,-12.968493],[-71.164999,-12.965589],[-71.17008,-12.964951],[-71.178771,-12.971053],[-71.182669,-12.967582],[-71.189391,-12.967139],[-71.19203,-12.961167],[-71.204009,-12.965439],[-71.212988,-12.959894],[-71.221007,-12.95862],[-71.226775,-12.961773],[-71.230757,-12.972552],[-71.234457,-12.970124],[-71.240515,-12.972242],[-71.252089,-12.964756],[-71.265538,-12.962801],[-71.264346,-12.939232],[-71.257749,-12.933488],[-71.250899,-12.915049],[-71.256456,-12.903733],[-71.265358,-12.898812],[-71.270735,-12.889928],[-71.269821,-12.882427],[-71.274892,-12.866244],[-71.266498,-12.861581],[-71.265286,-12.856026],[-71.280116,-12.839858],[-71.280943,-12.828356],[-71.275003,-12.822335],[-71.26151,-12.817644],[-71.245471,-12.807082],[-71.237042,-12.797991],[-71.191116,-12.767679],[-71.18011,-12.748051],[-71.189415,-12.738287],[-71.186701,-12.722106],[-71.189388,-12.712333],[-71.171474,-12.705938],[-71.166138,-12.696276],[-71.153894,-12.684003],[-71.13879,-12.676832],[-71.129601,-12.668999],[-71.126891,-12.661293],[-71.129495,-12.655245],[-71.121784,-12.648836],[-71.120473,-12.639628],[-71.123087,-12.628527],[-71.115483,-12.61768],[-71.104951,-12.613877],[-71.104754,-12.609721],[-71.106694,-12.609507],[-71.103919,-12.603221],[-71.105877,-12.600919],[-71.099971,-12.595073],[-71.10043,-12.591626],[-71.091851,-12.592525],[-71.090508,-12.588369],[-71.085646,-12.588678],[-71.082295,-12.585568],[-71.084397,-12.584684],[-71.077847,-12.583298],[-71.079642,-12.581088],[-71.077717,-12.577533],[-71.072672,-12.57957],[-71.065929,-12.575907],[-71.062222,-12.58003],[-71.059439,-12.580033],[-71.059364,-12.577783],[-71.055141,-12.581765],[-71.054724,-12.572884],[-71.045087,-12.570997],[-71.046668,-12.567298],[-71.043816,-12.567482],[-71.045051,-12.565322],[-71.039218,-12.560422],[-71.035574,-12.561625],[-71.035393,-12.564265],[-71.032418,-12.561956],[-71.028964,-12.564531],[-71.029561,-12.559682],[-71.024634,-12.562449],[-71.027277,-12.562565],[-71.026321,-12.564099],[-71.021362,-12.562618],[-71.00992,-12.565208],[-71.003832,-12.557689],[-71.006157,-12.554897],[-71.002511,-12.554806],[-70.995804,-12.543893],[-70.990383,-12.542695],[-70.990474,-12.540245],[-70.977934,-12.537934],[-70.976494,-12.529114],[-70.970818,-12.525721],[-70.969255,-12.527061],[-70.967169,-12.523751],[-70.957215,-12.520804],[-70.952974,-12.527975],[-70.947547,-12.524689],[-70.948471,-12.52226],[-70.945371,-12.518703],[-70.948278,-12.518438],[-70.947271,-12.516574],[-70.933272,-12.51597],[-70.931185,-12.513355],[-70.933004,-12.510947],[-70.929948,-12.508194],[-70.929096,-12.512069],[-70.926152,-12.512605],[-70.927025,-12.509896],[-70.922762,-12.508996],[-70.922496,-12.504325],[-70.917971,-12.503598],[-70.919241,-12.499621],[-70.911634,-12.499675],[-70.908534,-12.502237],[-70.909017,-12.505641],[-70.9054,-12.502015],[-70.90408,-12.504438],[-70.901208,-12.502614],[-70.902698,-12.499765],[-70.899658,-12.497238],[-70.901598,-12.496592],[-70.897648,-12.496023],[-70.896476,-12.49181],[-70.889091,-12.491627],[-70.88685,-12.494246],[-70.887081,-12.490385],[-70.883669,-12.491584],[-70.882546,-12.488844],[-70.879884,-12.491746],[-70.87761,-12.482244],[-70.874128,-12.481418],[-70.873494,-12.47769],[-70.870597,-12.477737],[-70.860682,-12.465938],[-70.854279,-12.465792],[-70.84815,-12.453487],[-70.838919,-12.451435],[-70.836486,-12.445685],[-70.831369,-12.445159],[-70.830759,-12.440354],[-70.826717,-12.439496],[-70.824098,-12.43428],[-70.815943,-12.434064],[-70.815169,-12.426865],[-70.810052,-12.425896],[-70.80533,-12.418949],[-70.797595,-12.415747],[-70.792643,-12.417063],[-70.793436,-12.414373],[-70.785139,-12.403988],[-70.785605,-12.399022],[-70.782498,-12.398473],[-70.787682,-12.391506],[-70.791444,-12.392521],[-70.792962,-12.389989],[-70.789995,-12.389249],[-70.78796,-12.380214],[-70.784735,-12.377497],[-70.775624,-12.375532],[-70.768757,-12.381416],[-70.765019,-12.379741],[-70.764248,-12.376085],[-70.762707,-12.38075],[-70.758829,-12.380468],[-70.760091,-12.386453],[-70.757475,-12.390655],[-70.745887,-12.3864],[-70.744462,-12.392049],[-70.740164,-12.392719],[-70.73965,-12.388736],[-70.733529,-12.390185],[-70.731964,-12.397517],[-70.729488,-12.398021],[-70.728296,-12.240562],[-70.732218,-12.240908],[-70.740344,-12.235387],[-70.752368,-12.224455],[-70.757434,-12.215437],[-70.765605,-12.21609],[-70.775035,-12.198475],[-70.788924,-12.189997],[-70.792821,-12.18368],[-70.799614,-12.184947],[-70.808764,-12.180277],[-70.817396,-12.165586],[-70.824935,-12.162852],[-70.827105,-12.158715],[-70.814099,-12.137478],[-70.820141,-12.126835],[-70.828565,-12.123571],[-70.841139,-12.109522],[-70.846367,-12.10852],[-70.840594,-12.07873],[-70.814009,-12.039476],[-70.802109,-12.03027],[-70.797934,-12.033307],[-70.78053,-12.036392],[-70.774207,-12.04069],[-70.765131,-12.060354],[-70.755518,-12.06996],[-70.750197,-12.073058],[-70.746977,-12.070755],[-70.74315,-12.072985],[-70.741774,-12.071529],[-70.741143,-12.074064],[-70.738507,-12.070935],[-70.736617,-12.075186],[-70.731436,-12.072353],[-70.726746,-12.077065],[-70.723199,-12.076644],[-70.717831,-12.083891],[-70.716081,-12.082762],[-70.712089,-12.087695],[-70.708729,-12.087906],[-70.708775,-12.090988],[-70.706208,-12.091004],[-70.708751,-12.094622],[-70.706908,-12.094064],[-70.707724,-12.09687],[-70.703242,-12.100803],[-70.700442,-12.098361],[-70.695355,-12.100607],[-70.69216,-12.09099],[-70.689173,-12.090439],[-70.6881,-12.086875],[-70.680166,-12.087917],[-70.679465,-12.09038],[-70.672372,-12.087178],[-70.66796,-12.089654],[-70.664835,-12.085144],[-70.66236,-12.087346],[-70.660167,-12.084494],[-70.658463,-12.087117],[-70.653611,-12.082626],[-70.651253,-12.08584],[-70.649667,-12.083399],[-70.645488,-12.086181],[-70.645976,-12.092118],[-70.641962,-12.091952],[-70.642803,-12.089669],[-70.635311,-12.092126],[-70.633581,-12.097271],[-70.626322,-12.099149],[-70.622537,-12.107633],[-70.616912,-12.108687],[-70.615557,-12.111425],[-70.611402,-12.112498],[-70.61082,-12.108957],[-70.607061,-12.113092],[-70.606385,-12.110303],[-70.601833,-12.112643],[-70.602278,-12.109703],[-70.599849,-12.112781],[-70.59705,-12.110384],[-70.593757,-12.113856],[-70.588249,-12.112902],[-70.580656,-12.125041],[-70.581985,-12.127113],[-70.579208,-12.126026],[-70.576031,-12.129633],[-70.572578,-12.127628],[-70.570733,-12.129256],[-70.568682,-12.12539],[-70.565483,-12.127406],[-70.56569,-12.13206],[-70.562424,-12.128047],[-70.552248,-12.12833],[-70.543568,-12.124455],[-70.541078,-12.114172],[-70.537459,-12.11591]]]},"properties":{"distrito_":"Madre de Dios","provincia":"Manu","region":"Madre de Dios","situac_lim":"Definido","validado":"Pendiente"}},{"type":"Feature","geometry":{"type":"Polygon","coordinates":[[[-70.352282,-12.914829],[-70.349332,-12.948276],[-70.355599,-12.965574],[-70.35271,-12.979927],[-70.360334,-12.999279],[-70.360372,-13.01265],[-70.364858,-13.020365],[-70.375776,-13.030477],[-70.380301,-13.044981],[-70.38975,-13.057035],[-70.392274,-13.066704],[-70.390863,-13.079296],[-70.397891,-13.099589],[-70.401505,-13.127169],[-70.415857,-13.131927],[-70.415882,-13.136284],[-70.409472,-13.138263],[-70.399057,-13.131052],[-70.393618,-13.130114],[-70.387229,-13.135961],[-70.400668,-13.153797],[-70.39822,-13.157689],[-70.38689,-13.163554],[-70.383289,-13.184269],[-70.387963,-13.191326],[-70.399412,-13.181482],[-70.40885,-13.182706],[-70.416586,-13.177246],[-70.443235,-13.17095],[-70.467573,-13.158551],[-70.508871,-13.157591],[-70.527846,-13.152359],[-70.548437,-13.153998],[-70.559347,-13.136539],[-70.571234,-13.127744],[-70.579496,-13.11563],[-70.59593,-13.108355],[-70.609648,-13.097469],[-70.614317,-13.098938],[-70.638083,-13.09053],[-70.650953,-13.092335],[-70.665594,-13.087991],[-70.695097,-13.105262],[-70.726752,-13.105691],[-70.740629,-13.103431],[-70.762236,-13.10681],[-70.799261,-13.08998],[-70.821562,-13.069775],[-70.841665,-13.068665],[-70.851919,-13.07768],[-70.859884,-13.079071],[-70.904866,-13.065757],[-70.912077,-13.065767],[-70.916847,-13.069691],[-70.934796,-13.06718],[-70.947507,-13.05754],[-70.962172,-13.052657],[-70.970935,-13.052979],[-70.982343,-13.036489],[-70.980971,-13.025347],[-70.990609,-13.023998],[-70.993123,-13.020237],[-70.987099,-13.010414],[-70.990495,-13.003149],[-70.988034,-13.000909],[-70.99012,-12.996238],[-70.97707,-12.983947],[-70.978203,-12.981543],[-70.982409,-12.981339],[-70.98221,-12.975991],[-70.970589,-12.95756],[-70.968534,-12.946974],[-70.960382,-12.941279],[-70.966494,-12.929601],[-70.956101,-12.924166],[-70.955856,-12.917226],[-70.951969,-12.912158],[-70.955787,-12.901826],[-70.949209,-12.898151],[-70.9541,-12.886085],[-70.9477,-12.880222],[-70.945934,-12.874713],[-70.947866,-12.869538],[-70.938266,-12.879307],[-70.930058,-12.863442],[-70.927506,-12.864745],[-70.928895,-12.871603],[-70.926472,-12.8737],[-70.919298,-12.870725],[-70.915931,-12.864405],[-70.911312,-12.864999],[-70.907699,-12.868776],[-70.905497,-12.852785],[-70.900885,-12.847567],[-70.896189,-12.847683],[-70.890574,-12.853571],[-70.88627,-12.847013],[-70.868779,-12.838552],[-70.857911,-12.840174],[-70.844651,-12.83319],[-70.821224,-12.83584],[-70.814922,-12.842825],[-70.821674,-12.852314],[-70.817137,-12.852128],[-70.818117,-12.858485],[-70.820632,-12.859389],[-70.818336,-12.865443],[-70.826652,-12.866687],[-70.826581,-12.876223],[-70.828876,-12.874951],[-70.831798,-12.881348],[-70.838108,-12.886013],[-70.838396,-12.889716],[-70.841554,-12.888293],[-70.845274,-12.894856],[-70.849125,-12.896022],[-70.844535,-12.90822],[-70.837885,-12.91069],[-70.839704,-12.926386],[-70.837932,-12.929923],[-70.831546,-12.931306],[-70.813069,-12.92763],[-70.806564,-12.920823],[-70.807127,-12.916174],[-70.800179,-12.909443],[-70.791488,-12.908228],[-70.789595,-12.905041],[-70.780599,-12.908637],[-70.779179,-12.905826],[-70.772605,-12.903873],[-70.770545,-12.906933],[-70.765015,-12.906022],[-70.761786,-12.910735],[-70.758506,-12.910296],[-70.763808,-12.916452],[-70.756934,-12.922961],[-70.76097,-12.925591],[-70.760818,-12.929669],[-70.748874,-12.942982],[-70.737774,-12.945081],[-70.732067,-12.949946],[-70.706865,-12.955318],[-70.685994,-12.96443],[-70.659069,-12.965525],[-70.652174,-12.970821],[-70.648894,-12.9687],[-70.64542,-12.97335],[-70.636285,-12.973516],[-70.633601,-12.965451],[-70.628546,-12.970238],[-70.626786,-12.959709],[-70.620765,-12.955507],[-70.623168,-12.95005],[-70.621512,-12.941889],[-70.614828,-12.942165],[-70.611199,-12.933338],[-70.603356,-12.930909],[-70.601355,-12.923094],[-70.589967,-12.921337],[-70.595336,-12.913892],[-70.591215,-12.90316],[-70.581965,-12.903831],[-70.574158,-12.886739],[-70.558427,-12.881843],[-70.557806,-12.87739],[-70.563186,-12.872485],[-70.56046,-12.866228],[-70.561897,-12.858364],[-70.551409,-12.855515],[-70.538246,-12.841427],[-70.530269,-12.842749],[-70.520534,-12.836694],[-70.520901,-12.830915],[-70.517363,-12.828522],[-70.517641,-12.82307],[-70.514605,-12.819751],[-70.518114,-12.814723],[-70.513899,-12.808907],[-70.512371,-12.811529],[-70.509567,-12.810605],[-70.513361,-12.81485],[-70.508197,-12.8177],[-70.507719,-12.827583],[-70.494722,-12.845258],[-70.488671,-12.845736],[-70.47922,-12.853455],[-70.475146,-12.864679],[-70.476635,-12.870492],[-70.474492,-12.876118],[-70.462187,-12.889006],[-70.447247,-12.89869],[-70.444514,-12.904048],[-70.428661,-12.912524],[-70.428536,-12.918509],[-70.43516,-12.928634],[-70.429262,-12.929986],[-70.425732,-12.925106],[-70.403687,-12.933054],[-70.39855,-12.929882],[-70.387129,-12.933866],[-70.385107,-12.928245],[-70.367582,-12.926059],[-70.352282,-12.914829]]]},"properties":{"distrito_":"Huepetuhe","provincia":"Manu","region":"Madre de Dios","situac_lim":"Definido","validado":"Pendiente"}},{"type":"Feature","geometry":{"type":"Polygon","coordinates":[[[-69.492758,-12.77586],[-69.484806,-12.806176],[-69.466436,-12.81688],[-69.463604,-12.82723],[-69.446234,-12.830054],[-69.444157,-12.835673],[-69.450086,-12.845917],[-69.466888,-12.850219],[-69.48303,-12.857713],[-69.491245,-12.865447],[-69.502094,-12.868827],[-69.506457,-12.878928],[-69.518263,-12.890922],[-69.520335,-12.901118],[-69.518055,-12.911377],[-69.511991,-12.921145],[-69.506027,-12.923336],[-69.505241,-12.927009],[-69.507941,-12.930639],[-69.521426,-12.93573],[-69.52631,-12.940639],[-69.529412,-12.950706],[-69.522499,-12.960287],[-69.513169,-12.961689],[-69.501441,-12.969199],[-69.504812,-12.982784],[-69.501545,-12.995657],[-69.497964,-12.999742],[-69.500774,-13.003987],[-69.503628,-13.003782],[-69.505608,-13.014286],[-69.516138,-13.012276],[-69.532359,-13.033031],[-69.536641,-13.033447],[-69.538141,-13.029131],[-69.542729,-13.026327],[-69.548807,-13.033802],[-69.552318,-13.032998],[-69.572654,-13.067216],[-69.579392,-13.069768],[-69.580231,-13.076087],[-69.586429,-13.083189],[-69.587409,-13.089056],[-69.581202,-13.097967],[-69.597091,-13.103275],[-69.597549,-13.124903],[-69.616617,-13.146369],[-69.616751,-13.160863],[-69.632824,-13.19182],[-69.631417,-13.197538],[-69.633894,-13.214866],[-69.637825,-13.222931],[-69.638312,-13.238943],[-69.641448,-13.244162],[-69.638846,-13.254494],[-69.641093,-13.260745],[-69.638516,-13.261548],[-69.651934,-13.26891],[-69.652565,-13.276422],[-69.657224,-13.282116],[-69.647735,-13.297285],[-69.657194,-13.314197],[-69.65239,-13.323685],[-69.649487,-13.34345],[-69.654949,-13.372438],[-69.661646,-13.37053],[-69.667922,-13.372806],[-69.674553,-13.368571],[-69.693911,-13.363472],[-69.711852,-13.372431],[-69.709887,-13.383402],[-69.71532,-13.388155],[-69.719562,-13.397817],[-69.781419,-13.394663],[-69.79227,-13.382698],[-69.795009,-13.372701],[-69.794257,-13.362905],[-69.800022,-13.358049],[-69.806296,-13.35957],[-69.810983,-13.357211],[-69.814617,-13.360315],[-69.8228,-13.35845],[-69.828654,-13.353903],[-69.839658,-13.340951],[-69.84187,-13.332948],[-69.83774,-13.328425],[-69.849663,-13.319344],[-69.853792,-13.331403],[-69.881333,-13.316822],[-69.884298,-13.311076],[-69.899196,-13.312319],[-69.912255,-13.299281],[-69.915976,-13.304758],[-69.926377,-13.30002],[-69.947763,-13.302817],[-69.954655,-13.296033],[-69.964029,-13.296661],[-69.982363,-13.300785],[-69.993109,-13.310599],[-70.00029,-13.309831],[-70.016199,-13.299574],[-70.02389,-13.297852],[-70.042295,-13.301715],[-70.052405,-13.299143],[-70.06568,-13.288949],[-70.067433,-13.277406],[-70.07582,-13.273461],[-70.081451,-13.273409],[-70.097712,-13.282149],[-70.106422,-13.291995],[-70.123954,-13.287735],[-70.127821,-13.29079],[-70.131333,-13.290166],[-70.130316,-13.292243],[-70.133016,-13.294479],[-70.14947,-13.281773],[-70.155811,-13.281289],[-70.159032,-13.273446],[-70.171378,-13.264956],[-70.181177,-13.265407],[-70.18418,-13.270894],[-70.191763,-13.271852],[-70.201216,-13.267964],[-70.205854,-13.261845],[-70.211343,-13.263608],[-70.218158,-13.259798],[-70.221578,-13.253817],[-70.225145,-13.263609],[-70.23196,-13.259798],[-70.233417,-13.253628],[-70.238629,-13.254067],[-70.236707,-13.248774],[-70.246886,-13.255017],[-70.255207,-13.254648],[-70.276521,-13.242216],[-70.272163,-13.23687],[-70.273887,-13.230168],[-70.279059,-13.236106],[-70.282064,-13.228602],[-70.283383,-13.234958],[-70.292979,-13.23312],[-70.296207,-13.229525],[-70.302784,-13.232341],[-70.299464,-13.218706],[-70.303523,-13.218752],[-70.311363,-13.230111],[-70.315534,-13.225848],[-70.314294,-13.221613],[-70.322681,-13.221503],[-70.324603,-13.217351],[-70.329583,-13.231242],[-70.333207,-13.229153],[-70.332823,-13.220622],[-70.345104,-13.224451],[-70.355617,-13.22287],[-70.360892,-13.212099],[-70.351958,-13.204161],[-70.352465,-13.202053],[-70.358627,-13.204489],[-70.366106,-13.203723],[-70.367118,-13.199145],[-70.375413,-13.19881],[-70.38793,-13.191464],[-70.383289,-13.184269],[-70.38689,-13.163554],[-70.39822,-13.157689],[-70.400668,-13.153797],[-70.387229,-13.135961],[-70.389183,-13.132073],[-70.399057,-13.131052],[-70.409472,-13.138263],[-70.415882,-13.136284],[-70.415857,-13.131927],[-70.401505,-13.127169],[-70.397891,-13.099589],[-70.390863,-13.079296],[-70.392274,-13.066704],[-70.38975,-13.057035],[-70.380301,-13.044981],[-70.375776,-13.030477],[-70.364858,-13.020365],[-70.360372,-13.01265],[-70.360334,-12.999279],[-70.35271,-12.979927],[-70.355599,-12.965574],[-70.349332,-12.948276],[-70.352613,-12.915767],[-70.349652,-12.910114],[-70.350742,-12.898193],[-70.345158,-12.889968],[-70.341162,-12.872531],[-70.330255,-12.867361],[-70.322284,-12.856571],[-70.296956,-12.847503],[-70.291391,-12.843073],[-70.272086,-12.778146],[-70.259006,-12.754061],[-70.248637,-12.74129],[-70.221528,-12.737456],[-70.208507,-12.730392],[-70.175735,-12.697259],[-70.154394,-12.685074],[-70.125451,-12.659991],[-70.101733,-12.652866],[-70.08429,-12.644475],[-70.071136,-12.627331],[-70.052165,-12.615237],[-70.047802,-12.6084],[-70.04914,-12.598974],[-70.067692,-12.580971],[-70.062065,-12.581283],[-70.049679,-12.590138],[-70.040059,-12.592101],[-70.040476,-12.60785],[-70.036145,-12.615046],[-70.030319,-12.614951],[-70.020299,-12.606888],[-70.003006,-12.621809],[-70.001248,-12.630577],[-70.011259,-12.63704],[-70.014561,-12.643032],[-70.009641,-12.653367],[-69.998943,-12.657729],[-69.982609,-12.660041],[-69.967859,-12.654517],[-69.94852,-12.669785],[-69.946896,-12.67669],[-69.942566,-12.677411],[-69.934255,-12.676102],[-69.926891,-12.670603],[-69.928838,-12.664276],[-69.937344,-12.658921],[-69.937482,-12.650764],[-69.933697,-12.647902],[-69.918892,-12.649066],[-69.909079,-12.643087],[-69.896847,-12.641392],[-69.890919,-12.643094],[-69.887948,-12.646124],[-69.886972,-12.65639],[-69.882017,-12.661795],[-69.876062,-12.66384],[-69.860675,-12.661937],[-69.856403,-12.669347],[-69.851409,-12.671127],[-69.846721,-12.669912],[-69.837814,-12.659316],[-69.828362,-12.657672],[-69.823786,-12.659793],[-69.810387,-12.655078],[-69.806526,-12.658146],[-69.806234,-12.662081],[-69.821348,-12.671122],[-69.820542,-12.680329],[-69.793087,-12.690648],[-69.786749,-12.704646],[-69.778496,-12.702003],[-69.765003,-12.706726],[-69.759574,-12.710449],[-69.758642,-12.715072],[-69.747024,-12.719066],[-69.76342,-12.733098],[-69.773159,-12.750955],[-69.794656,-12.749707],[-69.806242,-12.757457],[-69.821053,-12.761598],[-69.819076,-12.770709],[-69.805871,-12.786374],[-69.797737,-12.792168],[-69.796589,-12.795942],[-69.803741,-12.814601],[-69.815838,-12.820477],[-69.826629,-12.832406],[-69.839245,-12.831363],[-69.84563,-12.835321],[-69.838546,-12.848535],[-69.838545,-12.861393],[-69.833138,-12.865624],[-69.824353,-12.867017],[-69.811363,-12.861741],[-69.804267,-12.864068],[-69.80221,-12.863378],[-69.80269,-12.856107],[-69.774972,-12.856516],[-69.768548,-12.847855],[-69.765659,-12.847655],[-69.762796,-12.853957],[-69.754769,-12.852985],[-69.74079,-12.858043],[-69.733759,-12.868923],[-69.723697,-12.863932],[-69.716502,-12.866755],[-69.712716,-12.885682],[-69.704812,-12.887819],[-69.699328,-12.899173],[-69.694276,-12.898544],[-69.683358,-12.904667],[-69.661486,-12.895121],[-69.658226,-12.889821],[-69.637839,-12.88828],[-69.630341,-12.877547],[-69.620971,-12.876457],[-69.616972,-12.87851],[-69.612371,-12.885294],[-69.602562,-12.89236],[-69.598041,-12.88218],[-69.598924,-12.869736],[-69.590987,-12.861435],[-69.584658,-12.836989],[-69.578714,-12.82871],[-69.571273,-12.80509],[-69.562233,-12.789032],[-69.552994,-12.785],[-69.537949,-12.788124],[-69.517228,-12.776365],[-69.510764,-12.776667],[-69.506867,-12.779713],[-69.492758,-12.77586]]]},"properties":{"distrito_":"Inambari","provincia":"Tambopata","region":"Madre de Dios","situac_lim":"Indefinido","validado":"Pendiente"}},{"type":"Feature","geometry":{"type":"Polygon","coordinates":[[[-70.677561,-11.437301],[-70.69207,-11.439061],[-70.694256,-11.442483],[-70.689381,-11.446345],[-70.676272,-11.445525],[-70.677331,-11.450491],[-70.684734,-11.452645],[-70.686205,-11.455728],[-70.681211,-11.461886],[-70.668766,-11.466008],[-70.668432,-11.473043],[-70.665907,-11.475769],[-70.65783,-11.47361],[-70.657973,-11.464641],[-70.652078,-11.472666],[-70.646885,-11.472813],[-70.643465,-11.469433],[-70.643545,-11.462345],[-70.637256,-11.464794],[-70.628222,-11.479218],[-70.621139,-11.483932],[-70.618587,-11.492344],[-70.612453,-11.489621],[-70.615748,-11.481331],[-70.608185,-11.477964],[-70.606315,-11.47397],[-70.599928,-11.4766],[-70.593964,-11.484497],[-70.587978,-11.49885],[-70.581535,-11.49752],[-70.581496,-11.492846],[-70.574575,-11.488083],[-70.563477,-11.48893],[-70.555618,-11.50227],[-70.560018,-11.506017],[-70.559386,-11.511291],[-70.566118,-11.511824],[-70.566943,-11.514342],[-70.558363,-11.51918],[-70.553656,-11.537937],[-70.54527,-11.536906],[-70.541717,-11.543326],[-70.534628,-11.544475],[-70.531118,-11.565513],[-70.524133,-11.573397],[-70.511489,-11.576122],[-70.500314,-11.5659],[-70.500596,-11.573873],[-70.498095,-11.575893],[-70.494497,-11.567368],[-70.495883,-11.557642],[-70.493125,-11.56054],[-70.487216,-11.559793],[-70.482662,-11.553054],[-70.474224,-11.56381],[-70.464143,-11.564078],[-70.463228,-11.569887],[-70.468117,-11.575359],[-70.467461,-11.579277],[-70.480456,-11.576011],[-70.483206,-11.578528],[-70.472232,-11.595717],[-70.46564,-11.594195],[-70.464795,-11.582211],[-70.459398,-11.586036],[-70.458135,-11.592009],[-70.462149,-11.595903],[-70.46342,-11.601927],[-70.454947,-11.607277],[-70.461846,-11.613815],[-70.452173,-11.617733],[-70.447589,-11.610316],[-70.437796,-11.609406],[-70.428623,-11.614533],[-70.41976,-11.61586],[-70.42262,-11.620602],[-70.428702,-11.615382],[-70.43396,-11.61598],[-70.434221,-11.625571],[-70.443696,-11.629484],[-70.44177,-11.634312],[-70.435017,-11.639744],[-70.437676,-11.654268],[-70.4252,-11.659249],[-70.422305,-11.65345],[-70.422823,-11.642715],[-70.415807,-11.638437],[-70.413021,-11.650114],[-70.41991,-11.65564],[-70.419369,-11.659467],[-70.411872,-11.662804],[-70.409167,-11.668748],[-70.404657,-11.668653],[-70.399557,-11.663154],[-70.401682,-11.671009],[-70.413559,-11.680073],[-70.403903,-11.695111],[-70.407127,-11.696668],[-70.410707,-11.692121],[-70.415866,-11.694256],[-70.41827,-11.697454],[-70.416173,-11.703802],[-70.399153,-11.705676],[-70.393631,-11.709084],[-70.386696,-11.701397],[-70.382284,-11.701852],[-70.379929,-11.705814],[-70.38432,-11.713388],[-70.376941,-11.718342],[-70.366186,-11.716856],[-70.367167,-11.731236],[-70.351662,-11.729059],[-70.351004,-11.74002],[-70.343466,-11.750136],[-70.338257,-11.748298],[-70.331397,-11.732219],[-70.311352,-11.738803],[-70.300643,-11.751564],[-70.289539,-11.757284],[-70.285823,-11.764823],[-70.277697,-11.768467],[-70.278385,-11.772261],[-70.286292,-11.777135],[-70.287663,-11.781731],[-70.285213,-11.785666],[-70.27725,-11.782239],[-70.267279,-11.789878],[-70.255253,-11.784769],[-70.253224,-11.791369],[-70.262763,-11.796571],[-70.274041,-11.822759],[-70.268123,-11.82406],[-70.258283,-11.816618],[-70.245673,-11.820905],[-70.235306,-11.816646],[-70.236868,-11.824343],[-70.234277,-11.833025],[-70.241015,-11.839524],[-70.240482,-11.842103],[-70.22931,-11.84858],[-70.226218,-11.860809],[-70.218592,-11.868527],[-70.210441,-11.867513],[-70.213773,-11.853466],[-70.208443,-11.858001],[-70.208899,-11.864355],[-70.20389,-11.868337],[-70.199597,-11.867044],[-70.197812,-11.855451],[-70.195045,-11.855589],[-70.197459,-11.864829],[-70.194135,-11.884608],[-70.189814,-11.885223],[-70.184739,-11.879973],[-70.172816,-11.876144],[-70.171972,-11.880433],[-70.176759,-11.887204],[-70.175495,-11.891359],[-70.17178,-11.892152],[-70.16449,-11.888674],[-70.160807,-11.895425],[-70.14857,-11.895331],[-70.141767,-11.901787],[-70.125626,-11.904763],[-70.111696,-11.895306],[-70.107505,-11.894925],[-70.106139,-11.900672],[-70.111535,-11.918255],[-70.110504,-11.927518],[-70.10616,-11.928277],[-70.099599,-11.923239],[-70.094599,-11.936198],[-70.083646,-11.947181],[-70.081874,-11.95434],[-70.072164,-11.953617],[-70.07228,-11.948454],[-70.07744,-11.945306],[-70.07581,-11.942599],[-70.0516,-11.945223],[-70.041747,-11.968922],[-70.037088,-11.971761],[-70.03005,-11.968098],[-70.027545,-11.969626],[-70.036084,-11.984722],[-70.032954,-11.991379],[-70.021825,-11.987885],[-70.017514,-11.976363],[-70.006631,-11.977261],[-70.003962,-11.996603],[-69.99006,-11.998135],[-70.003938,-12.010084],[-70.004153,-12.012679],[-69.979955,-12.01583],[-69.976774,-12.021827],[-69.976628,-12.026104],[-69.98735,-12.03481],[-69.985376,-12.040387],[-69.974786,-12.040895],[-69.959979,-12.0462],[-69.950952,-12.05464],[-69.948366,-12.049449],[-69.95179,-12.044528],[-69.950548,-12.041114],[-69.943893,-12.041652],[-69.94158,-12.048387],[-69.928567,-12.053965],[-69.924348,-12.048345],[-69.918699,-12.047198],[-69.914225,-12.054754],[-69.906877,-12.053457],[-69.906034,-12.06923],[-69.902136,-12.073131],[-69.895895,-12.071722],[-69.891218,-12.06539],[-69.88556,-12.063518],[-69.883673,-12.052384],[-69.876142,-12.046801],[-69.868176,-12.058138],[-69.850384,-12.052297],[-69.850928,-12.062468],[-69.862725,-12.073871],[-69.859763,-12.079875],[-69.843658,-12.072717],[-69.842585,-12.059293],[-69.838031,-12.055762],[-69.82894,-12.057498],[-69.825785,-12.053565],[-69.828342,-12.048873],[-69.826416,-12.047504],[-69.810977,-12.053599],[-69.822526,-12.056884],[-69.826033,-12.062191],[-69.824294,-12.068308],[-69.816835,-12.070727],[-69.807212,-12.068693],[-69.795062,-12.054269],[-69.780732,-12.061905],[-69.771465,-12.063523],[-69.761855,-12.070403],[-69.748684,-12.074092],[-69.743202,-12.073194],[-69.732968,-12.050415],[-69.737965,-12.038176],[-69.728178,-12.043682],[-69.717975,-12.043193],[-69.711279,-12.049323],[-69.706499,-12.049787],[-69.698155,-12.044428],[-69.687147,-12.052458],[-69.677586,-12.05316],[-69.672989,-12.060541],[-69.666518,-12.0609],[-69.659295,-12.067654],[-69.649677,-12.069214],[-69.645471,-12.061564],[-69.641514,-12.069061],[-69.635628,-12.071245],[-69.622853,-12.065323],[-69.619117,-12.060358],[-69.626105,-12.052005],[-69.625228,-12.049493],[-69.618181,-12.048008],[-69.616361,-12.043047],[-69.622539,-12.041098],[-69.622885,-12.038068],[-69.601898,-12.037418],[-69.589491,-12.050638],[-69.58407,-12.052132],[-69.579462,-12.049456],[-69.574671,-12.035866],[-69.568268,-12.048557],[-69.563487,-12.047653],[-69.563189,-12.039027],[-69.560164,-12.048691],[-69.552587,-12.051274],[-69.547045,-12.045678],[-69.547329,-12.035396],[-69.538346,-12.027004],[-69.532051,-12.029186],[-69.52908,-12.032501],[-69.53765,-12.032666],[-69.53876,-12.037122],[-69.532117,-12.042325],[-69.532241,-12.053647],[-69.523906,-12.057425],[-69.524088,-12.069596],[-69.516218,-12.070642],[-69.492735,-12.065114],[-69.484437,-12.082382],[-69.476844,-12.087423],[-69.475047,-12.096578],[-69.471696,-12.099704],[-69.476072,-12.10684],[-69.473656,-12.120752],[-69.46786,-12.120084],[-69.465569,-12.104986],[-69.457582,-12.103661],[-69.437885,-12.1247],[-69.432253,-12.137993],[-69.423235,-12.135719],[-69.414921,-12.13782],[-69.406271,-12.131467],[-69.406923,-12.138511],[-69.410606,-12.143036],[-69.416223,-12.141092],[-69.418029,-12.143377],[-69.415577,-12.159197],[-69.407265,-12.158197],[-69.393147,-12.162558],[-69.391933,-12.165128],[-69.396249,-12.170358],[-69.384656,-12.179833],[-69.384157,-12.188841],[-69.378529,-12.192855],[-69.369893,-12.188616],[-69.357461,-12.208844],[-69.344213,-12.204131],[-69.343337,-12.208916],[-69.349576,-12.209406],[-69.360679,-12.217024],[-69.350516,-12.232274],[-69.333686,-12.235026],[-69.324259,-12.242028],[-69.314359,-12.236858],[-69.309036,-12.237858],[-69.305388,-12.246083],[-69.313412,-12.256229],[-69.309253,-12.260991],[-69.289379,-12.261302],[-69.28006,-12.244817],[-69.270484,-12.254204],[-69.27453,-12.264862],[-69.267937,-12.27506],[-69.269488,-12.281208],[-69.254008,-12.280978],[-69.250492,-12.288243],[-69.253331,-12.295755],[-69.264933,-12.297499],[-69.254354,-12.321988],[-69.266936,-12.312599],[-69.272766,-12.314266],[-69.26956,-12.330393],[-69.271512,-12.337291],[-69.246039,-12.340372],[-69.237316,-12.345317],[-69.235685,-12.349026],[-69.236995,-12.353818],[-69.245974,-12.363893],[-69.26794,-12.365572],[-69.277009,-12.371332],[-69.275703,-12.378369],[-69.270257,-12.382516],[-69.267993,-12.389192],[-69.262778,-12.389225],[-69.259794,-12.384968],[-69.251413,-12.385139],[-69.243201,-12.386449],[-69.240478,-12.390421],[-69.244451,-12.407988],[-69.252973,-12.415377],[-69.2585,-12.412822],[-69.263667,-12.416208],[-69.260767,-12.421854],[-69.251995,-12.426691],[-69.25173,-12.429016],[-69.261886,-12.425732],[-69.274674,-12.429925],[-69.270068,-12.438158],[-69.26235,-12.440481],[-69.259686,-12.44656],[-69.250575,-12.44949],[-69.246868,-12.456538],[-69.249958,-12.459049],[-69.259213,-12.456626],[-69.257058,-12.46218],[-69.265084,-12.471867],[-69.26129,-12.476121],[-69.257591,-12.469315],[-69.252726,-12.46978],[-69.249935,-12.481774],[-69.251499,-12.489966],[-69.246041,-12.492457],[-69.242201,-12.504705],[-69.243285,-12.50852],[-69.250882,-12.504688],[-69.254146,-12.505571],[-69.253911,-12.520574],[-69.249571,-12.520162],[-69.241753,-12.513206],[-69.22393,-12.511078],[-69.211601,-12.49453],[-69.198814,-12.494766],[-69.182625,-12.487073],[-69.168569,-12.49334],[-69.165751,-12.499988],[-69.172323,-12.513684],[-69.167278,-12.52784],[-69.168227,-12.543212],[-69.165844,-12.556851],[-69.168907,-12.561705],[-69.184659,-12.562816],[-69.190733,-12.574766],[-69.18664,-12.583803],[-69.166104,-12.596947],[-69.140061,-12.604938],[-69.132572,-12.603784],[-69.094735,-12.608123],[-69.078382,-12.604981],[-69.067961,-12.595407],[-69.06133,-12.578336],[-69.048801,-12.565027],[-69.050176,-12.554103],[-69.046129,-12.544708],[-69.018665,-12.526155],[-69.008575,-12.52299],[-69.001103,-12.524591],[-68.992512,-12.51921],[-68.986083,-12.518839],[-68.970758,-12.5209],[-68.955347,-12.536208],[-68.944123,-12.540474],[-68.933461,-12.54086],[-68.919216,-12.532148],[-68.899241,-12.535189],[-68.89423,-12.531877],[-68.877577,-12.504443],[-68.870857,-12.499267],[-68.862321,-12.479883],[-68.85047,-12.483503],[-68.8364,-12.49403],[-68.817732,-12.515315],[-68.807559,-12.517252],[-68.785292,-12.513346],[-68.766784,-12.502452],[-68.754505,-12.487945],[-68.752789,-12.477002],[-68.757755,-12.460901],[-68.756173,-12.453954],[-68.752302,-12.451979],[-68.742282,-12.454891],[-68.726696,-12.472121],[-68.712071,-12.483608],[-68.659283,-12.502256],[-68.652015,-12.502019],[-68.65345,-12.510814],[-68.660444,-12.518947],[-68.655822,-12.524296],[-68.655616,-12.535127],[-68.661147,-12.53623],[-68.663686,-12.525166],[-68.682786,-12.523603],[-68.682108,-12.527373],[-68.674709,-12.531389],[-68.673908,-12.55182],[-68.676623,-12.555076],[-68.691244,-12.557364],[-68.692478,-12.564624],[-68.699878,-12.573504],[-68.692694,-12.581572],[-68.692928,-12.585508],[-68.697502,-12.588952],[-68.701094,-12.579702],[-68.702943,-12.585798],[-68.711431,-12.592609],[-68.714531,-12.605345],[-68.723254,-12.603194],[-68.732202,-12.610223],[-68.73467,-12.625516],[-68.741478,-12.634113],[-68.733246,-12.644432],[-68.731115,-12.652234],[-68.737705,-12.658082],[-68.734808,-12.667781],[-68.729344,-12.668066],[-68.726954,-12.674799],[-68.725417,-12.668863],[-68.720758,-12.667629],[-68.717874,-12.677894],[-68.712239,-12.68089],[-68.721626,-12.68855],[-68.728708,-12.689042],[-68.736022,-12.693586],[-68.732243,-12.696914],[-68.728749,-12.691076],[-68.726371,-12.691199],[-68.725765,-12.698119],[-68.742568,-12.707403],[-68.743087,-12.710752],[-68.739925,-12.71342],[-68.735174,-12.7098],[-68.72862,-12.713422],[-68.741085,-12.718206],[-68.741569,-12.724207],[-68.746425,-12.730348],[-68.752446,-12.731228],[-68.767604,-12.74283],[-68.771341,-12.738196],[-68.777696,-12.737789],[-68.780522,-12.73289],[-68.790729,-12.760088],[-68.802456,-12.755255],[-68.805331,-12.757005],[-68.803264,-12.763423],[-68.808238,-12.765403],[-68.804611,-12.770453],[-68.809333,-12.776645],[-68.805008,-12.78436],[-68.811102,-12.783595],[-68.818641,-12.790851],[-68.81663,-12.798009],[-68.810514,-12.800285],[-68.80806,-12.809591],[-68.815716,-12.804662],[-68.818956,-12.806277],[-68.824263,-12.804513],[-68.825694,-12.813074],[-68.83392,-12.810047],[-68.834339,-12.818153],[-68.839702,-12.824],[-68.829522,-12.82878],[-68.831115,-12.8313],[-68.837081,-12.828427],[-68.839147,-12.830104],[-68.8346,-12.833955],[-68.831817,-12.843748],[-68.841944,-12.843096],[-68.834382,-12.857589],[-68.835994,-12.859346],[-68.844687,-12.857625],[-68.847425,-12.865012],[-68.851172,-12.866846],[-68.857554,-12.858108],[-68.859864,-12.865188],[-68.871058,-12.87012],[-68.870673,-12.872324],[-68.865566,-12.871997],[-68.864366,-12.874919],[-68.873085,-12.889446],[-68.865228,-12.893867],[-68.866515,-12.896587],[-68.873055,-12.898684],[-68.86744,-12.903661],[-68.875562,-12.919236],[-68.862981,-12.922897],[-68.86022,-12.926287],[-68.865116,-12.92794],[-68.8654,-12.932292],[-68.874142,-12.935692],[-68.87491,-12.938976],[-68.859145,-12.947185],[-68.862692,-12.949239],[-68.873583,-12.943937],[-68.876136,-12.954019],[-68.883791,-12.954667],[-68.877558,-12.956949],[-68.874113,-12.965252],[-68.875549,-12.980004],[-68.87003,-12.980773],[-68.872657,-12.974744],[-68.866454,-12.970235],[-68.861871,-12.979185],[-68.864868,-12.985679],[-68.878503,-12.986928],[-68.877681,-12.989941],[-68.869852,-12.987992],[-68.86626,-12.994636],[-68.866548,-12.998133],[-68.872444,-13.001368],[-68.870419,-13.005422],[-68.964013,-13.046325],[-69.229992,-13.173978],[-69.649583,-13.344556],[-69.65239,-13.323685],[-69.657194,-13.314197],[-69.647735,-13.297285],[-69.657224,-13.282116],[-69.652565,-13.276422],[-69.651934,-13.26891],[-69.638516,-13.261548],[-69.641093,-13.260745],[-69.638846,-13.254494],[-69.641448,-13.244162],[-69.638312,-13.238943],[-69.637825,-13.222931],[-69.633894,-13.214866],[-69.631417,-13.197538],[-69.632824,-13.19182],[-69.616751,-13.160863],[-69.616617,-13.146369],[-69.597549,-13.124903],[-69.597091,-13.103275],[-69.581202,-13.097967],[-69.587409,-13.089056],[-69.586429,-13.083189],[-69.580231,-13.076087],[-69.579392,-13.069768],[-69.572654,-13.067216],[-69.552318,-13.032998],[-69.548807,-13.033802],[-69.542729,-13.026327],[-69.538141,-13.029131],[-69.536641,-13.033447],[-69.532359,-13.033031],[-69.516138,-13.012276],[-69.505608,-13.014286],[-69.503628,-13.003782],[-69.500774,-13.003987],[-69.497964,-12.999742],[-69.501545,-12.995657],[-69.504812,-12.982784],[-69.501441,-12.969199],[-69.513169,-12.961689],[-69.522499,-12.960287],[-69.529412,-12.950706],[-69.52631,-12.940639],[-69.521426,-12.93573],[-69.507941,-12.930639],[-69.505241,-12.927009],[-69.506027,-12.923336],[-69.511991,-12.921145],[-69.518055,-12.911377],[-69.520335,-12.901118],[-69.518263,-12.890922],[-69.506457,-12.878928],[-69.502094,-12.868827],[-69.491245,-12.865447],[-69.48303,-12.857713],[-69.466888,-12.850219],[-69.450086,-12.845917],[-69.444213,-12.836414],[-69.446234,-12.830054],[-69.463604,-12.82723],[-69.466436,-12.81688],[-69.484806,-12.806176],[-69.492734,-12.779468],[-69.492758,-12.77586],[-69.488927,-12.772919],[-69.457362,-12.757585],[-69.450036,-12.748863],[-69.438509,-12.745826],[-69.449961,-12.72424],[-69.460239,-12.715369],[-69.465215,-12.687826],[-69.463648,-12.663974],[-69.448842,-12.620965],[-69.456246,-12.62164],[-69.477248,-12.635782],[-69.494304,-12.634485],[-69.500564,-12.637286],[-69.504867,-12.635161],[-69.506579,-12.628421],[-69.502939,-12.623455],[-69.504344,-12.616842],[-69.500038,-12.612139],[-69.498446,-12.601779],[-69.491916,-12.596935],[-69.49037,-12.592489],[-69.505621,-12.583228],[-69.512011,-12.585142],[-69.51903,-12.583465],[-69.521321,-12.586218],[-69.527785,-12.586468],[-69.533407,-12.582143],[-69.540624,-12.580989],[-69.543565,-12.573804],[-69.548063,-12.570883],[-69.546785,-12.55516],[-69.5506,-12.545612],[-69.550554,-12.532419],[-69.558201,-12.520784],[-69.563012,-12.501468],[-69.569619,-12.49412],[-69.579143,-12.492617],[-69.59715,-12.515238],[-69.601825,-12.514749],[-69.616968,-12.502172],[-69.634959,-12.505087],[-69.64193,-12.501345],[-69.65293,-12.511844],[-69.653381,-12.51641],[-69.670492,-12.529027],[-69.675471,-12.529901],[-69.685962,-12.523264],[-69.705174,-12.532456],[-69.717472,-12.534051],[-69.726917,-12.529902],[-69.761644,-12.503683],[-69.765463,-12.504233],[-69.773821,-12.512627],[-69.779944,-12.512501],[-69.804947,-12.488691],[-69.82066,-12.489232],[-69.82851,-12.480057],[-69.836314,-12.475964],[-69.850214,-12.476011],[-69.862648,-12.48382],[-69.870037,-12.484447],[-69.881179,-12.473163],[-69.894337,-12.468788],[-69.90408,-12.457679],[-69.920249,-12.456739],[-69.929653,-12.439916],[-69.943236,-12.430528],[-69.963934,-12.430094],[-69.98984,-12.433382],[-69.996203,-12.43127],[-70.02405,-12.407621],[-70.042563,-12.38642],[-70.052802,-12.380467],[-70.055641,-12.369199],[-70.065781,-12.361655],[-70.069397,-12.364001],[-70.077569,-12.35679],[-70.082017,-12.359059],[-70.091,-12.355986],[-70.100273,-12.356681],[-70.108065,-12.351776],[-70.119588,-12.350589],[-70.131488,-12.343849],[-70.143618,-12.344188],[-70.150742,-12.353208],[-70.187324,-12.340646],[-70.198266,-12.346014],[-70.207323,-12.339555],[-70.216133,-12.347101],[-70.230028,-12.336922],[-70.237762,-12.322204],[-70.250945,-12.314748],[-70.252126,-12.307609],[-70.249753,-12.301969],[-70.270984,-12.282731],[-70.271769,-12.275657],[-70.278311,-12.264461],[-70.275181,-12.248816],[-70.282126,-12.237564],[-70.270767,-12.197221],[-70.268626,-12.193578],[-70.251854,-12.184541],[-70.24424,-12.184042],[-70.239796,-12.168221],[-70.227684,-12.165256],[-70.225361,-12.156026],[-70.228404,-12.147857],[-70.252722,-12.131455],[-70.259222,-12.12243],[-70.262824,-12.121518],[-70.273199,-12.125829],[-70.279013,-12.122656],[-70.284167,-12.124612],[-70.29252,-12.120306],[-70.307613,-12.100706],[-70.325796,-12.09175],[-70.342661,-12.074962],[-70.358432,-12.063484],[-70.361561,-12.063659],[-70.364805,-12.068869],[-70.371422,-12.067281],[-70.380703,-12.070002],[-70.426823,-12.026636],[-70.43357,-12.025381],[-70.456126,-12.005465],[-70.47413,-12.004457],[-70.485985,-11.997397],[-70.49748,-11.994552],[-70.512154,-11.977802],[-70.525283,-11.971647],[-70.544623,-11.957248],[-70.54806,-11.952329],[-70.544705,-11.942051],[-70.567607,-11.930461],[-70.570767,-11.922931],[-70.579916,-11.91854],[-70.590263,-11.907851],[-70.603206,-11.906955],[-70.628591,-11.891893],[-70.641945,-11.887314],[-70.65319,-11.889092],[-70.678729,-11.88349],[-70.691103,-11.885053],[-70.702653,-11.892098],[-70.710381,-11.887088],[-70.71823,-11.888613],[-70.730887,-11.886231],[-70.736796,-11.890534],[-70.727394,-11.903509],[-70.712428,-11.915777],[-70.696688,-11.923438],[-70.662532,-11.93233],[-70.649309,-11.93935],[-70.643604,-11.950204],[-70.63529,-11.957304],[-70.631039,-11.972209],[-70.5989,-12.015877],[-70.534441,-12.079421],[-70.522034,-12.083603],[-70.515199,-12.081615],[-70.494466,-12.093923],[-70.492445,-12.107874],[-70.500425,-12.107596],[-70.50968,-12.115872],[-70.508834,-12.110299],[-70.511563,-12.105203],[-70.514263,-12.104972],[-70.516875,-12.107679],[-70.512462,-12.109529],[-70.513681,-12.114006],[-70.523754,-12.110778],[-70.524196,-12.115431],[-70.527953,-12.113946],[-70.53509,-12.118716],[-70.53301,-12.113285],[-70.541017,-12.112292],[-70.542773,-12.102826],[-70.546103,-12.104516],[-70.546535,-12.100337],[-70.549801,-12.099116],[-70.549704,-12.103022],[-70.555663,-12.103848],[-70.55424,-12.097012],[-70.560657,-12.09986],[-70.561132,-12.092897],[-70.568678,-12.092963],[-70.568851,-12.089011],[-70.564315,-12.08354],[-70.56588,-12.080711],[-70.572404,-12.083314],[-70.576862,-12.072639],[-70.576493,-12.075706],[-70.580587,-12.07429],[-70.581203,-12.078002],[-70.587033,-12.078539],[-70.590435,-12.06674],[-70.598277,-12.069714],[-70.593656,-12.066053],[-70.601727,-12.06305],[-70.59646,-12.058054],[-70.599806,-12.051951],[-70.611453,-12.051495],[-70.605622,-12.045481],[-70.605824,-12.037814],[-70.623261,-12.051427],[-70.627985,-12.04433],[-70.628231,-12.035767],[-70.630969,-12.036674],[-70.63078,-12.041855],[-70.636463,-12.041604],[-70.64051,-12.036075],[-70.634417,-12.033914],[-70.638185,-12.031777],[-70.637624,-12.027378],[-70.640664,-12.025588],[-70.636632,-12.024482],[-70.639729,-12.021182],[-70.637795,-12.017288],[-70.641457,-12.013253],[-70.647746,-12.012583],[-70.645339,-12.003051],[-70.648805,-12.000997],[-70.657193,-12.003478],[-70.663001,-11.994512],[-70.665218,-11.994391],[-70.665409,-11.999126],[-70.669027,-11.993862],[-70.679982,-11.995125],[-70.680965,-12.004041],[-70.684426,-12.007239],[-70.686786,-12.005525],[-70.684559,-12.001344],[-70.686141,-11.997945],[-70.696522,-12.003902],[-70.698033,-11.996481],[-70.707091,-11.998794],[-70.703681,-11.994928],[-70.705313,-11.98962],[-70.709225,-11.988521],[-70.709946,-11.993642],[-70.716361,-11.990574],[-70.716789,-11.986983],[-70.726959,-11.990618],[-70.727086,-11.985718],[-70.73456,-11.983439],[-70.738668,-11.990844],[-70.743016,-11.987517],[-70.748064,-11.98989],[-70.745102,-11.993741],[-70.746135,-11.99726],[-70.756678,-11.994302],[-70.754167,-11.998512],[-70.762224,-11.999465],[-70.761009,-11.995721],[-70.76508,-11.994104],[-70.768796,-11.996178],[-70.773984,-11.987413],[-70.779047,-11.997966],[-70.781389,-11.989192],[-70.791942,-11.986006],[-70.797378,-11.987852],[-70.79548,-11.985116],[-70.79811,-11.981745],[-70.808016,-11.986156],[-70.810386,-11.977038],[-70.813674,-11.977858],[-70.812025,-11.981565],[-70.818871,-11.979876],[-70.819983,-11.969627],[-70.826268,-11.970526],[-70.826091,-11.965556],[-70.831117,-11.966599],[-70.835724,-11.962881],[-70.838321,-11.966254],[-70.846327,-11.961085],[-70.849762,-11.961559],[-70.851865,-11.966173],[-70.855709,-11.963201],[-70.861281,-11.964828],[-70.858532,-11.955626],[-70.866872,-11.955598],[-70.867496,-11.947648],[-70.872479,-11.947615],[-70.87208,-11.943315],[-70.875888,-11.939692],[-70.884128,-11.941924],[-70.882727,-11.93821],[-70.887779,-11.937055],[-70.888325,-11.933481],[-70.891419,-11.93243],[-70.886247,-11.925568],[-70.890903,-11.928881],[-70.890469,-11.924391],[-70.900297,-11.921044],[-70.896527,-11.915755],[-70.903357,-11.917598],[-70.908132,-11.915712],[-70.910156,-11.922143],[-70.916915,-11.924068],[-70.922749,-11.91809],[-70.928577,-11.916712],[-70.930141,-11.918699],[-70.926542,-11.922339],[-70.934058,-11.920444],[-70.936854,-11.923796],[-70.935063,-11.92671],[-70.939259,-11.92067],[-70.947328,-11.918228],[-70.946927,-11.924187],[-70.952391,-11.928624],[-70.956177,-11.915744],[-70.960536,-11.919791],[-70.963464,-11.916091],[-70.964164,-11.919955],[-70.971643,-11.9236],[-70.974646,-11.914422],[-70.982562,-11.917865],[-70.982273,-11.913917],[-70.990904,-11.913621],[-70.990769,-11.907621],[-70.994048,-11.90879],[-70.99571,-11.905064],[-70.999957,-11.905459],[-70.99855,-11.901663],[-71.004106,-11.899943],[-71.004641,-11.89692],[-71.011646,-11.900151],[-71.008866,-11.89313],[-71.014756,-11.892257],[-71.013873,-11.895933],[-71.016395,-11.897578],[-71.018027,-11.893481],[-71.020896,-11.892954],[-71.020474,-11.888447],[-71.025583,-11.88879],[-71.026211,-11.884185],[-71.022922,-11.88513],[-71.026371,-11.874712],[-71.021309,-11.874215],[-71.024783,-11.870574],[-71.02119,-11.867401],[-71.021842,-11.864395],[-71.029118,-11.862364],[-71.035907,-11.865605],[-71.036307,-11.873673],[-71.04517,-11.872217],[-71.041974,-11.869276],[-71.046452,-11.868123],[-71.049947,-11.859547],[-71.044672,-11.852581],[-71.049406,-11.850604],[-71.051829,-11.845606],[-71.047885,-11.838946],[-71.057307,-11.838986],[-71.053177,-11.835609],[-71.058003,-11.831995],[-71.056648,-11.82735],[-71.060333,-11.826519],[-71.058022,-11.821556],[-71.06054,-11.8201],[-71.059231,-11.814235],[-71.06329,-11.816284],[-71.063358,-11.813175],[-71.059626,-11.811801],[-71.064312,-11.808577],[-71.060323,-11.806003],[-71.067525,-11.7974],[-71.063561,-11.799083],[-71.062488,-11.796994],[-71.065029,-11.795972],[-71.064677,-11.792342],[-71.069434,-11.792659],[-71.071997,-11.787146],[-71.074004,-11.790249],[-71.076079,-11.789258],[-71.073907,-11.783941],[-71.07899,-11.782793],[-71.077053,-11.779363],[-71.078706,-11.775022],[-71.082951,-11.776627],[-71.083718,-11.773241],[-71.087286,-11.774119],[-71.090945,-11.770115],[-71.0971,-11.770106],[-71.104699,-11.765341],[-71.108643,-11.771114],[-71.111249,-11.761958],[-71.117287,-11.761606],[-71.117868,-11.758754],[-71.121761,-11.75868],[-71.127913,-11.753302],[-71.131363,-11.753042],[-71.132788,-11.755896],[-71.136842,-11.753037],[-71.138943,-11.756528],[-71.140013,-11.753058],[-71.146075,-11.752796],[-71.147145,-11.74995],[-71.15195,-11.75229],[-71.153276,-11.748494],[-71.155189,-11.750856],[-71.156796,-11.748946],[-71.16512,-11.749633],[-71.166476,-11.754874],[-71.171792,-11.754797],[-71.17154,-11.760637],[-71.184155,-11.762349],[-71.186607,-11.766948],[-71.188119,-11.762535],[-71.198145,-11.763208],[-71.201754,-11.758445],[-71.210331,-11.756209],[-71.212635,-11.752161],[-71.210931,-11.749788],[-71.21289,-11.750505],[-71.214424,-11.7462],[-71.218947,-11.746147],[-71.223489,-11.741919],[-71.223648,-11.737778],[-71.233552,-11.734411],[-71.240164,-11.727229],[-71.24158,-11.721082],[-71.247775,-11.716452],[-71.248093,-11.708822],[-71.268501,-11.699786],[-71.274625,-11.694279],[-71.285132,-11.690771],[-71.289446,-11.692146],[-71.29515,-11.687148],[-71.298371,-11.691325],[-71.3037,-11.684857],[-71.307778,-11.684002],[-71.318321,-11.690866],[-71.328017,-11.690616],[-71.336939,-11.688194],[-71.343923,-11.682435],[-71.350424,-11.681622],[-71.352537,-11.676328],[-71.359454,-11.67337],[-71.361497,-11.66804],[-71.347985,-11.637706],[-71.350206,-11.626555],[-71.354368,-11.619906],[-71.367309,-11.610728],[-71.369781,-11.59615],[-71.383301,-11.585511],[-71.387668,-11.576854],[-71.391766,-11.575628],[-71.402024,-11.580603],[-71.406935,-11.577788],[-71.407227,-11.570756],[-71.401414,-11.56249],[-71.400987,-11.557587],[-71.422212,-11.515989],[-71.441662,-11.50388],[-71.446836,-11.506132],[-71.45456,-11.51513],[-71.466602,-11.515842],[-71.495625,-11.492471],[-71.517289,-11.489005],[-71.531498,-11.481581],[-71.537157,-11.481767],[-71.546941,-11.48854],[-71.552841,-11.487458],[-71.56332,-11.475485],[-71.578927,-11.464297],[-71.581472,-11.434404],[-71.588513,-11.425388],[-71.598577,-11.426212],[-71.601171,-11.437302],[-71.606559,-11.442377],[-71.614408,-11.438819],[-71.62703,-11.423464],[-71.635038,-11.423618],[-71.642072,-11.43015],[-71.647216,-11.428225],[-71.65932,-11.418457],[-71.66441,-11.40999],[-71.661971,-11.404393],[-71.647535,-11.393627],[-71.645472,-11.38631],[-71.647841,-11.375916],[-71.660606,-11.365104],[-71.661077,-11.353617],[-71.668648,-11.356439],[-71.680546,-11.373091],[-71.688199,-11.374972],[-71.696099,-11.368124],[-71.696635,-11.356284],[-71.712421,-11.351459],[-71.720831,-11.338652],[-71.737036,-11.341764],[-71.752086,-11.327982],[-71.75504,-11.331894],[-71.755374,-11.344222],[-71.762388,-11.345213],[-71.766958,-11.342216],[-71.776523,-11.325107],[-71.783696,-11.318101],[-71.790565,-11.316735],[-71.807514,-11.323775],[-71.822489,-11.315737],[-71.831964,-11.320298],[-71.829245,-11.333839],[-71.830479,-11.339608],[-71.845073,-11.351708],[-71.84984,-11.364833],[-71.859678,-11.370293],[-71.873768,-11.367816],[-71.892719,-11.352157],[-71.90014,-11.350386],[-71.916417,-11.359231],[-71.92976,-11.376965],[-71.958575,-11.391057],[-71.978739,-11.390636],[-71.984475,-11.388058],[-71.994322,-11.375873],[-72.011489,-11.372988],[-72.031536,-11.373766],[-72.04795,-11.378898],[-72.073533,-11.377341],[-72.098435,-11.383474],[-72.109592,-11.376194],[-72.109196,-11.346774],[-72.114966,-11.334412],[-72.137567,-11.327255],[-72.161046,-11.325532],[-72.173426,-11.332543],[-72.184818,-11.351322],[-72.190303,-11.35445],[-72.19816,-11.354175],[-72.209584,-11.345443],[-72.206061,-11.343588],[-72.206267,-11.338829],[-72.213553,-11.320442],[-72.221862,-11.310746],[-72.223555,-11.300824],[-72.219824,-11.289587],[-72.208846,-11.277116],[-72.205588,-11.268964],[-72.206725,-11.262706],[-72.215453,-11.248893],[-72.207816,-11.231242],[-72.207595,-11.206839],[-72.196616,-11.191993],[-72.182257,-11.187359],[-72.177863,-11.182033],[-72.185752,-11.164745],[-72.184355,-11.155138],[-72.173407,-11.146227],[-72.13616,-11.132937],[-72.106924,-11.115088],[-72.097235,-11.100333],[-72.09948,-11.088728],[-72.096577,-11.081757],[-72.090291,-11.077964],[-72.092534,-11.071409],[-72.090458,-11.073304],[-72.088944,-11.067436],[-72.08603,-11.068483],[-72.084726,-11.065715],[-72.080859,-11.065326],[-72.082278,-11.05637],[-72.075628,-11.05607],[-72.07096,-11.063197],[-72.06781,-11.063646],[-72.067657,-11.066869],[-72.063576,-11.063604],[-72.058588,-11.066419],[-72.055079,-11.061932],[-72.056723,-11.06697],[-72.053163,-11.072075],[-72.052004,-11.067042],[-72.042106,-11.064795],[-72.045881,-11.062321],[-72.044089,-11.060154],[-72.034304,-11.058748],[-72.037993,-11.064872],[-72.031115,-11.063134],[-72.02879,-11.065739],[-72.020963,-11.062203],[-72.017919,-11.064078],[-72.014812,-11.060344],[-72.013578,-11.062726],[-72.011068,-11.059711],[-72.013762,-11.056513],[-72.0053,-11.055951],[-72.003223,-11.057962],[-72.001443,-11.054594],[-71.997949,-11.055462],[-71.997702,-11.05901],[-71.992242,-11.055342],[-71.981841,-11.055121],[-71.984613,-11.060523],[-71.98109,-11.062041],[-71.978132,-11.055563],[-71.979368,-11.052947],[-71.971011,-11.054055],[-71.97168,-11.059554],[-71.968812,-11.056183],[-71.963724,-11.056846],[-71.961759,-11.059698],[-71.956346,-11.056771],[-71.956149,-11.05247],[-71.946913,-11.056559],[-71.941601,-11.062448],[-71.940976,-11.052759],[-71.931898,-11.05339],[-71.92398,-11.047096],[-71.916606,-11.051022],[-71.912719,-11.041065],[-71.910378,-11.045105],[-71.91214,-11.050136],[-71.907058,-11.050328],[-71.906163,-11.043382],[-71.900562,-11.046911],[-71.903901,-11.051488],[-71.900818,-11.057074],[-71.903727,-11.056508],[-71.905504,-11.060111],[-71.897388,-11.06122],[-71.902562,-11.063784],[-71.902294,-11.066283],[-71.898167,-11.067677],[-71.892748,-11.065354],[-71.892192,-11.060688],[-71.887453,-11.062789],[-71.878798,-11.057678],[-71.875753,-11.059679],[-71.875487,-11.050599],[-71.871226,-11.053183],[-71.865078,-11.051205],[-71.862637,-11.054738],[-71.859695,-11.047058],[-71.870306,-11.038688],[-71.870236,-11.033909],[-71.864963,-11.040664],[-71.856233,-11.042723],[-71.855204,-11.048565],[-71.851991,-11.043636],[-71.843942,-11.054092],[-71.834205,-11.048499],[-71.836723,-11.050557],[-71.836178,-11.056287],[-71.830445,-11.06076],[-71.823925,-11.059734],[-71.8223,-11.066644],[-71.81017,-11.064303],[-71.812941,-11.070961],[-71.799427,-11.07351],[-71.796218,-11.068283],[-71.791949,-11.075047],[-71.796192,-11.078343],[-71.795054,-11.08001],[-71.784811,-11.075214],[-71.762109,-11.076046],[-71.757414,-11.074081],[-71.751544,-11.079879],[-71.750744,-11.086797],[-71.742394,-11.076069],[-71.731281,-11.074757],[-71.728004,-11.064923],[-71.724385,-11.064171],[-71.722205,-11.075254],[-71.713921,-11.069791],[-71.713023,-11.074441],[-71.71635,-11.079733],[-71.714101,-11.086156],[-71.707521,-11.090508],[-71.700875,-11.089957],[-71.695037,-11.092882],[-71.691132,-11.095945],[-71.689103,-11.104285],[-71.685221,-11.105317],[-71.681645,-11.100618],[-71.674037,-11.099577],[-71.673001,-11.094906],[-71.669647,-11.093406],[-71.656901,-11.097563],[-71.653327,-11.092746],[-71.650115,-11.098688],[-71.645038,-11.098505],[-71.638628,-11.087924],[-71.630933,-11.094528],[-71.635468,-11.099834],[-71.630074,-11.106103],[-71.624202,-11.101378],[-71.623338,-11.092412],[-71.609843,-11.098472],[-71.593253,-11.089924],[-71.587138,-11.095823],[-71.591278,-11.103761],[-71.589436,-11.106124],[-71.581292,-11.103224],[-71.577226,-11.088848],[-71.570217,-11.088408],[-71.567467,-11.085749],[-71.558535,-11.094604],[-71.549358,-11.083149],[-71.545382,-11.081912],[-71.539726,-11.1005],[-71.536724,-11.099247],[-71.535753,-11.087336],[-71.526643,-11.085904],[-71.512429,-11.101151],[-71.504285,-11.101824],[-71.499485,-11.107546],[-71.496027,-11.107533],[-71.492819,-11.102711],[-71.498753,-11.092352],[-71.49101,-11.091919],[-71.482505,-11.096045],[-71.475398,-11.107428],[-71.457847,-11.105371],[-71.449548,-11.111321],[-71.442141,-11.105817],[-71.436971,-11.109972],[-71.437916,-11.11308],[-71.447164,-11.115672],[-71.448823,-11.12016],[-71.439762,-11.128539],[-71.432443,-11.12708],[-71.432255,-11.129398],[-71.438773,-11.132842],[-71.437403,-11.140202],[-71.418088,-11.137651],[-71.408953,-11.149052],[-71.399424,-11.147548],[-71.398451,-11.153638],[-71.395699,-11.15542],[-71.391786,-11.154028],[-71.390022,-11.149971],[-71.383993,-11.149176],[-71.376073,-11.162946],[-71.383394,-11.172432],[-71.380594,-11.178049],[-71.37026,-11.178222],[-71.36913,-11.171709],[-71.375573,-11.168266],[-71.372452,-11.164843],[-71.360195,-11.162365],[-71.346303,-11.164525],[-71.336972,-11.155132],[-71.333935,-11.171369],[-71.324931,-11.172712],[-71.311429,-11.169315],[-71.316526,-11.181626],[-71.311699,-11.187317],[-71.306487,-11.18737],[-71.303321,-11.181075],[-71.299318,-11.180276],[-71.295822,-11.18304],[-71.294846,-11.189536],[-71.290636,-11.190016],[-71.279492,-11.185608],[-71.277162,-11.180209],[-71.270422,-11.185613],[-71.270032,-11.192621],[-71.261553,-11.194338],[-71.252449,-11.191363],[-71.248334,-11.182231],[-71.246365,-11.19755],[-71.239643,-11.198856],[-71.234552,-11.196643],[-71.228676,-11.202102],[-71.220402,-11.20179],[-71.221049,-11.210381],[-71.21921,-11.211811],[-71.200755,-11.210168],[-71.18923,-11.215797],[-71.188544,-11.22309],[-71.183579,-11.226645],[-71.174384,-11.223865],[-71.174563,-11.215248],[-71.163366,-11.209915],[-71.159807,-11.213885],[-71.157687,-11.228027],[-71.133513,-11.222182],[-71.121247,-11.241921],[-71.114253,-11.238247],[-71.115086,-11.230254],[-71.112947,-11.227365],[-71.100226,-11.221278],[-71.101448,-11.228171],[-71.109132,-11.233731],[-71.092903,-11.244203],[-71.089574,-11.240045],[-71.09674,-11.23402],[-71.091858,-11.231637],[-71.082724,-11.237879],[-71.074984,-11.233824],[-71.06943,-11.236133],[-71.071219,-11.250271],[-71.068932,-11.252045],[-71.061623,-11.249999],[-71.060412,-11.239903],[-71.057674,-11.238008],[-71.054159,-11.239189],[-71.0534,-11.247941],[-71.050645,-11.250494],[-71.041795,-11.250873],[-71.034291,-11.244754],[-71.032483,-11.249611],[-71.040397,-11.256115],[-71.037524,-11.261256],[-71.028336,-11.25552],[-71.028811,-11.249328],[-71.025948,-11.244507],[-71.018773,-11.246324],[-71.015003,-11.249612],[-71.018751,-11.256276],[-71.015388,-11.264777],[-71.006173,-11.263462],[-71.005017,-11.254017],[-71.000533,-11.254669],[-70.999216,-11.26242],[-70.996697,-11.264263],[-70.985861,-11.26298],[-70.979444,-11.270815],[-70.970045,-11.267936],[-70.964721,-11.269487],[-70.961046,-11.277134],[-70.946865,-11.281596],[-70.941442,-11.293161],[-70.939395,-11.292475],[-70.938045,-11.280997],[-70.931876,-11.276861],[-70.926368,-11.277264],[-70.922744,-11.281265],[-70.924129,-11.28594],[-70.929634,-11.290076],[-70.926136,-11.293673],[-70.921692,-11.291518],[-70.916386,-11.281899],[-70.91071,-11.277165],[-70.907732,-11.278198],[-70.907838,-11.283478],[-70.912453,-11.290642],[-70.90886,-11.296682],[-70.902679,-11.284904],[-70.895482,-11.2914],[-70.892399,-11.291357],[-70.886477,-11.282613],[-70.881534,-11.290006],[-70.878877,-11.289788],[-70.874786,-11.284129],[-70.880883,-11.276328],[-70.868225,-11.273653],[-70.86179,-11.277587],[-70.863945,-11.291764],[-70.871906,-11.305805],[-70.879163,-11.309966],[-70.878081,-11.313767],[-70.867553,-11.318456],[-70.853199,-11.319987],[-70.848235,-11.328812],[-70.840221,-11.32473],[-70.837014,-11.329042],[-70.832409,-11.32969],[-70.825602,-11.319571],[-70.81494,-11.325085],[-70.819921,-11.348521],[-70.815356,-11.350486],[-70.803828,-11.349005],[-70.801317,-11.355293],[-70.793162,-11.362935],[-70.789826,-11.35955],[-70.790733,-11.35544],[-70.795727,-11.34474],[-70.800831,-11.343027],[-70.79869,-11.340605],[-70.793695,-11.343132],[-70.782764,-11.364789],[-70.772795,-11.367172],[-70.778311,-11.375586],[-70.776866,-11.379264],[-70.767625,-11.380836],[-70.766267,-11.388538],[-70.762601,-11.382875],[-70.755264,-11.38008],[-70.750572,-11.386607],[-70.744345,-11.38989],[-70.746712,-11.396068],[-70.740007,-11.395555],[-70.731827,-11.400632],[-70.730876,-11.403595],[-70.73552,-11.412494],[-70.731371,-11.414941],[-70.726248,-11.40968],[-70.724119,-11.410542],[-70.724997,-11.416517],[-70.729706,-11.421123],[-70.725117,-11.43069],[-70.720082,-11.43169],[-70.713588,-11.42915],[-70.710094,-11.432265],[-70.709588,-11.437742],[-70.702917,-11.438898],[-70.702167,-11.444497],[-70.698322,-11.442772],[-70.696985,-11.435175],[-70.703406,-11.430552],[-70.697907,-11.430237],[-70.693439,-11.425751],[-70.689367,-11.435063],[-70.677561,-11.437301]]]},"properties":{"distrito_":"Tambopata","provincia":"Tambopata","region":"Madre de Dios","situac_lim":"Indefinido","validado":"Pendiente"}},{"type":"Feature","geometry":{"type":"Polygon","coordinates":[[[-70.354824,-11.438974],[-70.347425,-11.45018],[-70.341592,-11.445582],[-70.329347,-11.452626],[-70.319545,-11.449713],[-70.311799,-11.452932],[-70.304432,-11.452053],[-70.289879,-11.461187],[-70.287555,-11.470435],[-70.27927,-11.474892],[-70.278782,-11.487826],[-70.274324,-11.496127],[-70.261307,-11.510509],[-70.26118,-11.519668],[-70.256696,-11.530934],[-70.241314,-11.542443],[-70.236545,-11.559166],[-70.22798,-11.562536],[-70.225725,-11.567181],[-70.217925,-11.571593],[-70.214444,-11.58529],[-70.19166,-11.602183],[-70.187311,-11.616509],[-70.178068,-11.626522],[-70.15629,-11.637869],[-70.149497,-11.638229],[-70.14438,-11.644534],[-70.141648,-11.642131],[-70.139267,-11.645242],[-70.135186,-11.644168],[-70.132595,-11.655763],[-70.129277,-11.653628],[-70.115834,-11.666598],[-70.096437,-11.670869],[-70.090278,-11.6756],[-70.077371,-11.670227],[-70.072314,-11.676564],[-70.072071,-11.681003],[-70.052915,-11.686153],[-70.040439,-11.703436],[-70.032301,-11.704928],[-70.034103,-11.705581],[-70.032725,-11.709523],[-70.027109,-11.711416],[-70.025411,-11.708773],[-70.013539,-11.709324],[-70.00734,-11.704817],[-70.002254,-11.707036],[-69.994873,-11.701644],[-69.993044,-11.706361],[-69.984121,-11.71363],[-69.974469,-11.714902],[-69.971711,-11.709221],[-69.965792,-11.711442],[-69.960027,-11.710034],[-69.953621,-11.720851],[-69.945937,-11.728969],[-69.942068,-11.726837],[-69.936951,-11.735794],[-69.925611,-11.726383],[-69.920916,-11.731246],[-69.920746,-11.740524],[-69.916429,-11.736257],[-69.908163,-11.738038],[-69.90911,-11.746246],[-69.900998,-11.751047],[-69.902127,-11.754158],[-69.896394,-11.762309],[-69.8889,-11.76476],[-69.886509,-11.761969],[-69.879378,-11.77023],[-69.877968,-11.767249],[-69.872733,-11.767362],[-69.872471,-11.77024],[-69.868386,-11.77223],[-69.868388,-11.77587],[-69.86304,-11.774539],[-69.861191,-11.780146],[-69.853976,-11.77788],[-69.849837,-11.78276],[-69.845617,-11.783666],[-69.842523,-11.781204],[-69.840562,-11.785295],[-69.828378,-11.791335],[-69.820123,-11.784995],[-69.813938,-11.78735],[-69.814622,-11.784408],[-69.808083,-11.786072],[-69.80923,-11.791868],[-69.802681,-11.796676],[-69.79765,-11.795431],[-69.794254,-11.797918],[-69.787471,-11.795046],[-69.784602,-11.79911],[-69.783042,-11.796748],[-69.778925,-11.800456],[-69.774948,-11.797482],[-69.769108,-11.799302],[-69.768145,-11.803023],[-69.755889,-11.807526],[-69.755768,-11.802191],[-69.739455,-11.797141],[-69.735395,-11.79921],[-69.73702,-11.801826],[-69.734282,-11.804856],[-69.730851,-11.80336],[-69.726202,-11.80712],[-69.722597,-11.805899],[-69.726824,-11.800862],[-69.720289,-11.790173],[-69.710808,-11.795609],[-69.70556,-11.786935],[-69.707392,-11.7846],[-69.703167,-11.783756],[-69.702555,-11.780718],[-69.696624,-11.78149],[-69.698897,-11.779362],[-69.694107,-11.770147],[-69.690509,-11.771566],[-69.686044,-11.768681],[-69.684216,-11.770845],[-69.678627,-11.765516],[-69.676964,-11.770709],[-69.669832,-11.76727],[-69.671079,-11.763339],[-69.66688,-11.764089],[-69.668532,-11.759391],[-69.663463,-11.760368],[-69.661831,-11.758194],[-69.655888,-11.759676],[-69.654544,-11.76565],[-69.648177,-11.771682],[-69.643213,-11.768733],[-69.645165,-11.765852],[-69.638977,-11.765519],[-69.637847,-11.763408],[-69.632522,-11.767505],[-69.62881,-11.7604],[-69.624558,-11.763842],[-69.623586,-11.762166],[-69.618203,-11.76355],[-69.614261,-11.768204],[-69.614564,-11.772722],[-69.607565,-11.776742],[-69.599145,-11.776474],[-69.589427,-11.779756],[-69.588357,-11.777421],[-69.589448,-11.781567],[-69.583787,-11.782783],[-69.587133,-11.785756],[-69.582246,-11.787374],[-69.585669,-11.792104],[-69.58491,-11.796647],[-69.579579,-11.795338],[-69.574926,-11.799212],[-69.570471,-11.798793],[-69.571425,-11.801342],[-69.567579,-11.801098],[-69.568413,-11.798421],[-69.563829,-11.801638],[-69.563203,-11.799474],[-69.557919,-11.801354],[-69.555113,-11.808568],[-69.553055,-11.808249],[-69.553412,-11.812714],[-69.546734,-11.81462],[-69.549855,-11.82039],[-69.536955,-11.820862],[-69.538035,-11.825503],[-69.534929,-11.824407],[-69.53062,-11.827043],[-69.530144,-11.825386],[-69.525433,-11.830041],[-69.528569,-11.8341],[-69.528016,-11.837493],[-69.52621,-11.83591],[-69.52475,-11.837574],[-69.527263,-11.842567],[-69.524362,-11.840079],[-69.522235,-11.842379],[-69.513476,-11.8413],[-69.512693,-11.846589],[-69.509002,-11.843681],[-69.504439,-11.848175],[-69.503833,-11.844643],[-69.501924,-11.846938],[-69.499099,-11.844415],[-69.498639,-11.848099],[-69.494273,-11.84506],[-69.49465,-11.847931],[-69.487996,-11.850304],[-69.484604,-11.857811],[-69.479973,-11.855956],[-69.478347,-11.861003],[-69.472531,-11.861555],[-69.473244,-11.865783],[-69.471342,-11.865377],[-69.466906,-11.873376],[-69.464271,-11.872037],[-69.461033,-11.875431],[-69.450917,-11.875709],[-69.452173,-11.87342],[-69.448152,-11.870153],[-69.443449,-11.871825],[-69.439958,-11.867776],[-69.437514,-11.867872],[-69.436073,-11.87312],[-69.427612,-11.870702],[-69.427108,-11.866973],[-69.420452,-11.866004],[-69.415665,-11.869394],[-69.414069,-11.866526],[-69.409374,-11.87143],[-69.40996,-11.87471],[-69.406581,-11.873167],[-69.394374,-11.88109],[-69.392383,-11.877882],[-69.387012,-11.884221],[-69.38423,-11.88069],[-69.378352,-11.885957],[-69.374526,-11.885665],[-69.374802,-11.888695],[-69.370636,-11.890133],[-69.36826,-11.894912],[-69.365848,-11.893747],[-69.365429,-11.896719],[-69.363608,-11.894287],[-69.362947,-11.897236],[-69.357818,-11.897286],[-69.357166,-11.90272],[-69.351489,-11.902714],[-69.350164,-11.899437],[-69.350614,-11.902634],[-69.341425,-11.902458],[-69.338099,-11.904155],[-69.337311,-11.907975],[-69.334895,-11.908214],[-69.333345,-11.90288],[-69.330569,-11.905174],[-69.323831,-11.902265],[-69.320107,-11.905152],[-69.318361,-11.903469],[-69.31799,-11.908404],[-69.31127,-11.911023],[-69.307877,-11.909045],[-69.308762,-11.907209],[-69.306594,-11.909074],[-69.305565,-11.905092],[-69.30282,-11.9068],[-69.3005,-11.903279],[-69.294908,-11.904668],[-69.296085,-11.902757],[-69.289509,-11.898698],[-69.286866,-11.90248],[-69.284717,-11.901176],[-69.28501,-11.904512],[-69.282165,-11.902933],[-69.280755,-11.905524],[-69.278371,-11.902802],[-69.279883,-11.90105],[-69.27259,-11.902828],[-69.270169,-11.896712],[-69.26779,-11.898302],[-69.268243,-11.896285],[-69.264896,-11.895578],[-69.265546,-11.898067],[-69.263299,-11.896779],[-69.262827,-11.898506],[-69.261611,-11.895457],[-69.260222,-11.898192],[-69.258031,-11.893197],[-69.256658,-11.896364],[-69.252051,-11.896909],[-69.25128,-11.892177],[-69.247083,-11.891668],[-69.247049,-11.887562],[-69.244939,-11.889355],[-69.246133,-11.886598],[-69.243201,-11.886917],[-69.244127,-11.883146],[-69.242303,-11.884756],[-69.235646,-11.88281],[-69.231355,-11.88446],[-69.230466,-11.889896],[-69.221809,-11.889908],[-69.224183,-11.891982],[-69.220694,-11.896303],[-69.218555,-11.895692],[-69.219743,-11.897804],[-69.217458,-11.899521],[-69.214408,-11.898505],[-69.212887,-11.892713],[-69.208637,-11.896964],[-69.205415,-11.896267],[-69.205003,-11.899697],[-69.201681,-11.898197],[-69.202627,-11.900503],[-69.198983,-11.902525],[-69.196959,-11.9026],[-69.197064,-11.899848],[-69.19439,-11.902331],[-69.192449,-11.900581],[-69.190001,-11.911727],[-69.184079,-11.910678],[-69.182115,-11.913895],[-69.17871,-11.911107],[-69.180434,-11.913923],[-69.178034,-11.914594],[-69.177004,-11.911818],[-69.174219,-11.914551],[-69.169914,-11.911905],[-69.161737,-11.915668],[-69.149472,-11.911165],[-69.149418,-11.917086],[-69.147093,-11.915184],[-69.144251,-11.918103],[-69.143086,-11.915739],[-69.140273,-11.918389],[-69.134087,-11.915056],[-69.130506,-11.917843],[-69.129815,-11.922383],[-69.126028,-11.920855],[-69.128505,-11.923768],[-69.127535,-11.926124],[-69.125057,-11.925523],[-69.125406,-11.928392],[-69.121005,-11.927418],[-69.120642,-11.930767],[-69.117301,-11.929329],[-69.115819,-11.932079],[-69.1089,-11.925319],[-69.108208,-11.927123],[-69.104614,-11.926093],[-69.104093,-11.925209],[-69.104384,-11.924028],[-69.105982,-11.924763],[-69.103689,-11.922465],[-69.100976,-11.92158],[-69.097439,-11.924808],[-69.100568,-11.920033],[-69.095726,-11.922082],[-69.093449,-11.917219],[-69.095115,-11.915238],[-69.092138,-11.916553],[-69.094147,-11.912599],[-69.091987,-11.909575],[-69.086242,-11.911569],[-69.081998,-11.906314],[-69.071072,-11.910439],[-69.066552,-11.907995],[-69.065247,-11.910865],[-69.062547,-11.908423],[-69.05876,-11.910989],[-69.057309,-11.908871],[-69.055969,-11.91569],[-69.05277,-11.912536],[-69.049173,-11.914817],[-69.04991,-11.917245],[-69.047715,-11.915425],[-69.045906,-11.917565],[-69.046455,-11.914148],[-69.040445,-11.916432],[-69.041106,-11.917904],[-69.040138,-11.918774],[-69.038064,-11.914798],[-69.036309,-11.916983],[-69.032775,-11.913381],[-69.02563,-11.91411],[-69.025808,-11.916994],[-69.018509,-11.920347],[-69.011706,-11.911915],[-69.009998,-11.915928],[-69.008445,-11.91351],[-69.003124,-11.914665],[-69.002283,-11.912263],[-69.00157,-11.914965],[-69.000207,-11.912147],[-69.000014,-11.91648],[-68.994906,-11.91637],[-68.989593,-11.911758],[-68.987742,-11.914597],[-68.985468,-11.911337],[-68.983719,-11.912865],[-68.981464,-11.908749],[-68.976445,-11.912691],[-68.972548,-11.910124],[-68.972471,-11.915233],[-68.970387,-11.913003],[-68.956845,-11.937021],[-68.652015,-12.502019],[-68.659283,-12.502256],[-68.712071,-12.483608],[-68.726696,-12.472121],[-68.742282,-12.454891],[-68.752302,-12.451979],[-68.756173,-12.453954],[-68.757755,-12.460901],[-68.752789,-12.477002],[-68.754505,-12.487945],[-68.766784,-12.502452],[-68.785292,-12.513346],[-68.807559,-12.517252],[-68.817732,-12.515315],[-68.8364,-12.49403],[-68.85047,-12.483503],[-68.862321,-12.479883],[-68.870857,-12.499267],[-68.877577,-12.504443],[-68.89423,-12.531877],[-68.899241,-12.535189],[-68.919216,-12.532148],[-68.933461,-12.54086],[-68.944123,-12.540474],[-68.955347,-12.536208],[-68.970758,-12.5209],[-68.986083,-12.518839],[-68.992512,-12.51921],[-69.001103,-12.524591],[-69.008575,-12.52299],[-69.018665,-12.526155],[-69.046129,-12.544708],[-69.050176,-12.554103],[-69.049334,-12.565977],[-69.06133,-12.578336],[-69.069819,-12.597849],[-69.081296,-12.606002],[-69.094735,-12.608123],[-69.132572,-12.603784],[-69.140061,-12.604938],[-69.166104,-12.596947],[-69.181631,-12.587623],[-69.190559,-12.577723],[-69.188217,-12.566765],[-69.178784,-12.560803],[-69.168907,-12.561705],[-69.165844,-12.556851],[-69.168227,-12.543212],[-69.167278,-12.52784],[-69.172323,-12.513684],[-69.165751,-12.499988],[-69.167967,-12.493874],[-69.182625,-12.487073],[-69.198814,-12.494766],[-69.211601,-12.49453],[-69.22393,-12.511078],[-69.241753,-12.513206],[-69.249571,-12.520162],[-69.253911,-12.520574],[-69.254146,-12.505571],[-69.250882,-12.504688],[-69.243285,-12.50852],[-69.242201,-12.504705],[-69.246041,-12.492457],[-69.251499,-12.489966],[-69.249935,-12.481774],[-69.252726,-12.46978],[-69.257591,-12.469315],[-69.26129,-12.476121],[-69.265084,-12.471867],[-69.257058,-12.46218],[-69.259213,-12.456626],[-69.249958,-12.459049],[-69.246868,-12.456538],[-69.250575,-12.44949],[-69.259686,-12.44656],[-69.26235,-12.440481],[-69.270068,-12.438158],[-69.274674,-12.429925],[-69.261886,-12.425732],[-69.25173,-12.429016],[-69.251995,-12.426691],[-69.260767,-12.421854],[-69.263667,-12.416208],[-69.2585,-12.412822],[-69.252973,-12.415377],[-69.244451,-12.407988],[-69.240478,-12.390421],[-69.243201,-12.386449],[-69.251413,-12.385139],[-69.259794,-12.384968],[-69.262778,-12.389225],[-69.267993,-12.389192],[-69.277113,-12.37296],[-69.276624,-12.369334],[-69.268593,-12.365752],[-69.245974,-12.363893],[-69.235603,-12.350862],[-69.236853,-12.34576],[-69.246039,-12.340372],[-69.271512,-12.337291],[-69.26956,-12.330393],[-69.272766,-12.314266],[-69.266936,-12.312599],[-69.256564,-12.321878],[-69.254023,-12.321229],[-69.26499,-12.298014],[-69.252794,-12.295394],[-69.250492,-12.288243],[-69.253243,-12.281395],[-69.269119,-12.281778],[-69.267937,-12.27506],[-69.27453,-12.264862],[-69.270232,-12.254919],[-69.278502,-12.244945],[-69.281345,-12.245611],[-69.289379,-12.261302],[-69.308509,-12.261154],[-69.313394,-12.257124],[-69.305388,-12.246083],[-69.309036,-12.237858],[-69.314359,-12.236858],[-69.324259,-12.242028],[-69.333686,-12.235026],[-69.350516,-12.232274],[-69.360679,-12.217024],[-69.349576,-12.209406],[-69.343337,-12.208916],[-69.344213,-12.204131],[-69.357461,-12.208844],[-69.369893,-12.188616],[-69.378529,-12.192855],[-69.384157,-12.188841],[-69.384656,-12.179833],[-69.396249,-12.170358],[-69.391933,-12.165128],[-69.393147,-12.162558],[-69.407265,-12.158197],[-69.415577,-12.159197],[-69.418029,-12.143377],[-69.416223,-12.141092],[-69.410606,-12.143036],[-69.406923,-12.138511],[-69.406271,-12.131467],[-69.414921,-12.13782],[-69.423235,-12.135719],[-69.432253,-12.137993],[-69.437885,-12.1247],[-69.457582,-12.103661],[-69.465569,-12.104986],[-69.46786,-12.120084],[-69.473656,-12.120752],[-69.476072,-12.10684],[-69.471696,-12.099704],[-69.475047,-12.096578],[-69.476844,-12.087423],[-69.484437,-12.082382],[-69.492735,-12.065114],[-69.516218,-12.070642],[-69.524088,-12.069596],[-69.523906,-12.057425],[-69.532241,-12.053647],[-69.532117,-12.042325],[-69.53876,-12.037122],[-69.53765,-12.032666],[-69.52908,-12.032501],[-69.532051,-12.029186],[-69.538346,-12.027004],[-69.547329,-12.035396],[-69.547045,-12.045678],[-69.552587,-12.051274],[-69.560164,-12.048691],[-69.563189,-12.039027],[-69.563487,-12.047653],[-69.568268,-12.048557],[-69.574671,-12.035866],[-69.579462,-12.049456],[-69.58407,-12.052132],[-69.589491,-12.050638],[-69.601898,-12.037418],[-69.622885,-12.038068],[-69.622539,-12.041098],[-69.616361,-12.043047],[-69.618181,-12.048008],[-69.625228,-12.049493],[-69.626105,-12.052005],[-69.619117,-12.060358],[-69.622853,-12.065323],[-69.635628,-12.071245],[-69.641514,-12.069061],[-69.645471,-12.061564],[-69.649677,-12.069214],[-69.659295,-12.067654],[-69.666518,-12.0609],[-69.672989,-12.060541],[-69.677586,-12.05316],[-69.687147,-12.052458],[-69.698155,-12.044428],[-69.706499,-12.049787],[-69.711279,-12.049323],[-69.717975,-12.043193],[-69.728178,-12.043682],[-69.737965,-12.038176],[-69.732968,-12.050415],[-69.743202,-12.073194],[-69.748684,-12.074092],[-69.761855,-12.070403],[-69.771465,-12.063523],[-69.780732,-12.061905],[-69.795062,-12.054269],[-69.807212,-12.068693],[-69.816835,-12.070727],[-69.824294,-12.068308],[-69.826033,-12.062191],[-69.822526,-12.056884],[-69.810977,-12.053599],[-69.826416,-12.047504],[-69.828342,-12.048873],[-69.825785,-12.053565],[-69.82894,-12.057498],[-69.838031,-12.055762],[-69.842585,-12.059293],[-69.843658,-12.072717],[-69.859763,-12.079875],[-69.862725,-12.073871],[-69.850928,-12.062468],[-69.850384,-12.052297],[-69.868176,-12.058138],[-69.876142,-12.046801],[-69.883673,-12.052384],[-69.88556,-12.063518],[-69.891218,-12.06539],[-69.895895,-12.071722],[-69.902136,-12.073131],[-69.906034,-12.06923],[-69.906877,-12.053457],[-69.914225,-12.054754],[-69.918699,-12.047198],[-69.924348,-12.048345],[-69.928567,-12.053965],[-69.94158,-12.048387],[-69.943893,-12.041652],[-69.950548,-12.041114],[-69.95179,-12.044528],[-69.948366,-12.049449],[-69.950952,-12.05464],[-69.959979,-12.0462],[-69.974786,-12.040895],[-69.984681,-12.040742],[-69.98735,-12.03481],[-69.976628,-12.026104],[-69.976774,-12.021827],[-69.979955,-12.01583],[-70.004153,-12.012679],[-70.003938,-12.010084],[-69.99006,-11.998135],[-70.003962,-11.996603],[-70.006631,-11.977261],[-70.017514,-11.976363],[-70.021825,-11.987885],[-70.032954,-11.991379],[-70.036084,-11.984722],[-70.027545,-11.969626],[-70.03005,-11.968098],[-70.037088,-11.971761],[-70.041747,-11.968922],[-70.0516,-11.945223],[-70.07581,-11.942599],[-70.07744,-11.945306],[-70.07228,-11.948454],[-70.072164,-11.953617],[-70.081874,-11.95434],[-70.083646,-11.947181],[-70.094599,-11.936198],[-70.099599,-11.923239],[-70.10616,-11.928277],[-70.110504,-11.927518],[-70.111535,-11.918255],[-70.106139,-11.900672],[-70.107505,-11.894925],[-70.111696,-11.895306],[-70.125626,-11.904763],[-70.141767,-11.901787],[-70.14857,-11.895331],[-70.160807,-11.895425],[-70.16449,-11.888674],[-70.17178,-11.892152],[-70.175495,-11.891359],[-70.176759,-11.887204],[-70.171972,-11.880433],[-70.172816,-11.876144],[-70.184739,-11.879973],[-70.189814,-11.885223],[-70.194135,-11.884608],[-70.197459,-11.864829],[-70.195045,-11.855589],[-70.197812,-11.855451],[-70.199597,-11.867044],[-70.20389,-11.868337],[-70.208899,-11.864355],[-70.208443,-11.858001],[-70.213773,-11.853466],[-70.210441,-11.867513],[-70.218592,-11.868527],[-70.226218,-11.860809],[-70.22931,-11.84858],[-70.240482,-11.842103],[-70.241015,-11.839524],[-70.234277,-11.833025],[-70.236868,-11.824343],[-70.235306,-11.816646],[-70.245673,-11.820905],[-70.258283,-11.816618],[-70.268123,-11.82406],[-70.274041,-11.822759],[-70.262763,-11.796571],[-70.253224,-11.791369],[-70.255253,-11.784769],[-70.267279,-11.789878],[-70.27725,-11.782239],[-70.285213,-11.785666],[-70.287663,-11.781731],[-70.286292,-11.777135],[-70.278385,-11.772261],[-70.277697,-11.768467],[-70.285823,-11.764823],[-70.289539,-11.757284],[-70.300643,-11.751564],[-70.311352,-11.738803],[-70.331397,-11.732219],[-70.338257,-11.748298],[-70.343466,-11.750136],[-70.351004,-11.74002],[-70.351662,-11.729059],[-70.367167,-11.731236],[-70.366186,-11.716856],[-70.376941,-11.718342],[-70.38432,-11.713388],[-70.379929,-11.705814],[-70.382284,-11.701852],[-70.386696,-11.701397],[-70.393631,-11.709084],[-70.399153,-11.705676],[-70.416173,-11.703802],[-70.41827,-11.697454],[-70.415866,-11.694256],[-70.410707,-11.692121],[-70.407127,-11.696668],[-70.403903,-11.695111],[-70.413559,-11.680073],[-70.401682,-11.671009],[-70.399557,-11.663154],[-70.404657,-11.668653],[-70.409167,-11.668748],[-70.411872,-11.662804],[-70.419369,-11.659467],[-70.41991,-11.65564],[-70.413021,-11.650114],[-70.415807,-11.638437],[-70.422823,-11.642715],[-70.422305,-11.65345],[-70.4252,-11.659249],[-70.437676,-11.654268],[-70.435017,-11.639744],[-70.44177,-11.634312],[-70.443696,-11.629484],[-70.434221,-11.625571],[-70.43396,-11.61598],[-70.428702,-11.615382],[-70.42262,-11.620602],[-70.41976,-11.61586],[-70.428623,-11.614533],[-70.437796,-11.609406],[-70.447589,-11.610316],[-70.452173,-11.617733],[-70.461846,-11.613815],[-70.454947,-11.607277],[-70.46342,-11.601927],[-70.462149,-11.595903],[-70.458135,-11.592009],[-70.459398,-11.586036],[-70.464795,-11.582211],[-70.46564,-11.594195],[-70.472232,-11.595717],[-70.483206,-11.578528],[-70.480456,-11.576011],[-70.467461,-11.579277],[-70.468117,-11.575359],[-70.463228,-11.569887],[-70.464143,-11.564078],[-70.474224,-11.56381],[-70.482662,-11.553054],[-70.487216,-11.559793],[-70.493125,-11.56054],[-70.495883,-11.557642],[-70.494497,-11.567368],[-70.498095,-11.575893],[-70.500596,-11.573873],[-70.500314,-11.5659],[-70.511489,-11.576122],[-70.523667,-11.573653],[-70.531118,-11.565513],[-70.534628,-11.544475],[-70.541717,-11.543326],[-70.54527,-11.536906],[-70.553656,-11.537937],[-70.558363,-11.51918],[-70.566832,-11.514578],[-70.566118,-11.511824],[-70.559386,-11.511291],[-70.560018,-11.506017],[-70.555618,-11.50227],[-70.563721,-11.488729],[-70.574575,-11.488083],[-70.581496,-11.492846],[-70.581535,-11.49752],[-70.587978,-11.49885],[-70.593964,-11.484497],[-70.599928,-11.4766],[-70.606315,-11.47397],[-70.608185,-11.477964],[-70.615748,-11.481331],[-70.612453,-11.489621],[-70.618587,-11.492344],[-70.621139,-11.483932],[-70.628222,-11.479218],[-70.637256,-11.464794],[-70.643545,-11.462345],[-70.643465,-11.469433],[-70.646885,-11.472813],[-70.652078,-11.472666],[-70.657973,-11.464641],[-70.65783,-11.47361],[-70.665344,-11.47599],[-70.668184,-11.473768],[-70.668766,-11.466008],[-70.681211,-11.461886],[-70.686205,-11.455728],[-70.684734,-11.452645],[-70.677331,-11.450491],[-70.676272,-11.445525],[-70.689381,-11.446345],[-70.694256,-11.442483],[-70.69207,-11.439061],[-70.677561,-11.437301],[-70.354824,-11.438974]]]},"properties":{"distrito_":"Las Piedras","provincia":"Tambopata","region":"Madre de Dios","situac_lim":"Indefinido","validado":"Validado"}},{"type":"Feature","geometry":{"type":"Polygon","coordinates":[[[-69.334219,-11.331835],[-69.330538,-11.337681],[-69.460076,-11.6794],[-69.477402,-11.684391],[-69.483186,-11.688771],[-69.494277,-11.689488],[-69.499588,-11.685711],[-69.505387,-11.686334],[-69.504594,-11.680691],[-69.508332,-11.678449],[-69.514053,-11.680693],[-69.524314,-11.67726],[-69.529824,-11.682588],[-69.539338,-11.674908],[-69.562477,-11.673781],[-69.564064,-11.668426],[-69.574158,-11.657756],[-69.589211,-11.657193],[-69.597404,-11.648072],[-69.601738,-11.650035],[-69.604584,-11.646504],[-69.609504,-11.64884],[-69.616783,-11.638213],[-69.622307,-11.644234],[-69.627426,-11.641879],[-69.630127,-11.645533],[-69.64,-11.634117],[-69.6455,-11.638453],[-69.654037,-11.638025],[-69.65432,-11.634051],[-69.662217,-11.628729],[-69.67151,-11.630596],[-69.683938,-11.643021],[-69.686387,-11.639221],[-69.692154,-11.641408],[-69.712479,-11.626686],[-69.729225,-11.628012],[-69.733437,-11.635303],[-69.740082,-11.635516],[-69.74627,-11.630332],[-69.753937,-11.628607],[-69.76767,-11.615885],[-69.783158,-11.606094],[-69.789566,-11.607643],[-69.795699,-11.613717],[-69.800186,-11.613654],[-69.811623,-11.604662],[-69.814332,-11.605242],[-69.815613,-11.610508],[-69.827217,-11.618016],[-69.833908,-11.618027],[-69.840652,-11.611381],[-69.850166,-11.615895],[-69.866607,-11.605385],[-69.873131,-11.58667],[-69.866271,-11.577719],[-69.870117,-11.571281],[-69.88343,-11.565588],[-69.909355,-11.572219],[-69.917313,-11.563627],[-69.926293,-11.561199],[-69.938027,-11.562072],[-69.945564,-11.55457],[-69.948891,-11.540365],[-69.954086,-11.535156],[-69.968529,-11.532344],[-69.985139,-11.522871],[-70.000252,-11.52225],[-70.01152,-11.507709],[-70.024758,-11.513533],[-70.040543,-11.51008],[-70.05458,-11.499902],[-70.055619,-11.490195],[-70.061203,-11.489307],[-70.067322,-11.490682],[-70.075904,-11.503625],[-70.103836,-11.512426],[-70.121322,-11.512432],[-70.133217,-11.504086],[-70.140838,-11.502168],[-70.159225,-11.485602],[-70.166344,-11.484818],[-70.169639,-11.478248],[-70.1671,-11.468316],[-70.173424,-11.461508],[-70.181693,-11.461482],[-70.190057,-11.467199],[-70.197006,-11.464916],[-70.203637,-11.468109],[-70.216217,-11.468172],[-69.629852,-11.230713],[-69.622338,-11.238945],[-69.609428,-11.239855],[-69.597312,-11.249813],[-69.585572,-11.250256],[-69.575568,-11.260672],[-69.568139,-11.260303],[-69.559762,-11.254564],[-69.552131,-11.253471],[-69.534516,-11.28173],[-69.519059,-11.291621],[-69.523811,-11.299373],[-69.521553,-11.305822],[-69.506699,-11.30452],[-69.491234,-11.316092],[-69.47834,-11.331051],[-69.453232,-11.344148],[-69.417854,-11.349422],[-69.411445,-11.345672],[-69.395164,-11.344236],[-69.379975,-11.330164],[-69.367928,-11.327285],[-69.360475,-11.331303],[-69.353395,-11.328988],[-69.334219,-11.331835]]]},"properties":{"distrito_":"Iberia","provincia":"Tahuamanu","region":"Madre de Dios","situac_lim":"Definido pero impreciso","validado":"Validado"}}]}