{"type":"FeatureCollection","features":[{"type":"Feature","geometry":{"type":"Polygon","coordinates":[[[-71.085345,-12.120693],[-71.086265,-12.121377],[-71.087448,-12.121766],[-71.090493,-12.121509],[-71.09188,-12.120751],[-71.092837,-12.120637],[-71.095473,-12.119677],[-71.095997,-12.11913],[-71.096068,-12.118496],[-71.095951,-12.118153],[-71.095137,-12.11828],[-71.090041,-12.120126],[-71.087938,-12.120379],[-71.08697,-12.12005],[-71.085931,-12.119239],[-71.085134,-12.116829],[-71.085388,-12.115687],[-71.086563,-12.114105],[-71.086375,-12.113572],[-71.086066,-12.113587],[-71.084375,-12.114866],[-71.083959,-12.1158],[-71.08364,-12.117198],[-71.084129,-12.119312],[-71.085345,-12.120693]]]},"properties":{"id":"agua-2101","nombre":null,"tipo":"Pantano","FUENTE":"Gobierno Regional Madre de Dios","FECREG":"2020-01-27","TIPMAG":3,"NOMMAG":null}},{"type":"Feature","geometry":{"type":"Polygon","coordinates":[[[-71.145219,-12.090104],[-71.145034,-12.088903],[-71.144672,-12.089095],[-71.14381,-12.091232],[-71.142916,-12.092062],[-71.14258,-12.092064],[-71.141581,-12.092742],[-71.139978,-12.094489],[-71.138313,-12.095903],[-71.136957,-12.096694],[-71.137062,-12.096958],[-71.137772,-12.097272],[-71.138278,-12.097182],[-71.139609,-12.096346],[-71.141032,-12.09513],[-71.144669,-12.091452],[-71.145219,-12.090104]]]},"properties":{"id":"agua-2102","nombre":null,"tipo":"Pantano","FUENTE":"Gobierno Regional Madre de Dios","FECREG":"2020-01-27","TIPMAG":3,"NOMMAG":null}},{"type":"Feature","geometry":{"type":"Polygon","coordinates":[[[-71.125008,-12.108667],[-71.122893,-12.108381],[-71.121949,-12.108574],[-71.123212,-12.109015],[-71.124779,-12.109295],[-71.127097,-12.108651],[-71.129029,-12.107106],[-71.130009,-12.103503],[-71.128892,-12.102295],[-71.128867,-12.101088],[-71.128355,-12.099587],[-71.128224,-12.098234],[-71.128315,-12.097301],[-71.128753,-12.096566],[-71.129572,-12.093803],[-71.13015,-12.090836],[-71.130151,-12.090052],[-71.129782,-12.088756],[-71.128771,-12.087463],[-71.128479,-12.087397],[-71.12931,-12.089012],[-71.129591,-12.090227],[-71.128762,-12.095185],[-71.128346,-12.096123],[-71.127877,-12.096349],[-71.12768,-12.097165],[-71.127753,-12.099635],[-71.128764,-12.104334],[-71.128629,-12.105674],[-71.127621,-12.107355],[-71.126559,-12.108177],[-71.125008,-12.108667]]]},"properties":{"id":"agua-2103","nombre":null,"tipo":"Pantano","FUENTE":"Gobierno Regional Madre de Dios","FECREG":"2020-01-27","TIPMAG":3,"NOMMAG":null}},{"type":"Feature","geometry":{"type":"Polygon","coordinates":[[[-71.196648,-12.040258],[-71.198766,-12.040827],[-71.199967,-12.041959],[-71.201872,-12.04314],[-71.202844,-12.043276],[-71.202492,-12.041796],[-71.200879,-12.040565],[-71.200003,-12.040381],[-71.198589,-12.03977],[-71.197222,-12.038968],[-71.194987,-12.038986],[-71.193534,-12.039475],[-71.192374,-12.04025],[-71.191459,-12.041309],[-71.190972,-12.042671],[-71.190033,-12.044293],[-71.188498,-12.048757],[-71.18754,-12.050217],[-71.186277,-12.051534],[-71.185043,-12.052391],[-71.182503,-12.053517],[-71.180819,-12.053348],[-71.178625,-12.052409],[-71.17735,-12.050888],[-71.176654,-12.048981],[-71.176595,-12.047642],[-71.176969,-12.045822],[-71.179713,-12.04274],[-71.177876,-12.043854],[-71.176767,-12.044867],[-71.175905,-12.046452],[-71.175733,-12.049179],[-71.175989,-12.050803],[-71.17678,-12.052471],[-71.177905,-12.053514],[-71.179078,-12.05427],[-71.180393,-12.054642],[-71.183697,-12.054712],[-71.185914,-12.053628],[-71.188389,-12.051333],[-71.189758,-12.049533],[-71.190482,-12.047766],[-71.191411,-12.044564],[-71.192344,-12.042548],[-71.194082,-12.041145],[-71.195774,-12.040408],[-71.196648,-12.040258]]]},"properties":{"id":"agua-2104","nombre":null,"tipo":"Pantano","FUENTE":"Gobierno Regional Madre de Dios","FECREG":"2020-01-27","TIPMAG":3,"NOMMAG":null}},{"type":"Feature","geometry":{"type":"Polygon","coordinates":[[[-71.22025,-11.987932],[-71.217084,-11.990067],[-71.215748,-11.991513],[-71.214992,-11.992631],[-71.213797,-11.99802],[-71.213366,-11.998777],[-71.212717,-11.999607],[-71.210539,-12.00052],[-71.208435,-12.001649],[-71.208039,-12.002262],[-71.207651,-12.003771],[-71.211428,-12.002343],[-71.213998,-12.000314],[-71.215042,-11.998763],[-71.215495,-11.996177],[-71.21559,-11.994491],[-71.216341,-11.992763],[-71.217167,-11.991358],[-71.218435,-11.990487],[-71.2191,-11.989761],[-71.22157,-11.989018],[-71.222576,-11.988897],[-71.225117,-11.988925],[-71.227554,-11.989682],[-71.229175,-11.990858],[-71.231089,-11.992854],[-71.231659,-11.994655],[-71.23161,-11.995822],[-71.230905,-11.996755],[-71.229347,-11.997173],[-71.227513,-11.996522],[-71.22519,-11.996035],[-71.223069,-11.995962],[-71.221906,-11.996061],[-71.218964,-11.997302],[-71.217065,-11.998922],[-71.215874,-12.000416],[-71.213652,-12.003806],[-71.2123,-12.008425],[-71.212227,-12.009711],[-71.212374,-12.010305],[-71.212658,-12.010203],[-71.213648,-12.008778],[-71.214093,-12.007241],[-71.216152,-12.002446],[-71.218266,-11.999583],[-71.220209,-11.998186],[-71.222484,-11.997412],[-71.224245,-11.997295],[-71.230083,-11.998627],[-71.231523,-11.9983],[-71.23247,-11.997894],[-71.233263,-11.997182],[-71.233698,-11.996369],[-71.233606,-11.994217],[-71.23319,-11.992986],[-71.231466,-11.99065],[-71.229741,-11.989013],[-71.228647,-11.988279],[-71.225702,-11.987294],[-71.223018,-11.987285],[-71.22025,-11.987932]]]},"properties":{"id":"agua-2105","nombre":null,"tipo":"Pantano","FUENTE":"Gobierno Regional Madre de Dios","FECREG":"2020-01-27","TIPMAG":3,"NOMMAG":null}},{"type":"Feature","geometry":{"type":"Polygon","coordinates":[[[-71.321621,-11.954821],[-71.321719,-11.953068],[-71.321532,-11.952591],[-71.321135,-11.952206],[-71.320618,-11.95212],[-71.32078,-11.953344],[-71.321029,-11.953816],[-71.320579,-11.954411],[-71.31943,-11.955232],[-71.31775,-11.955516],[-71.317313,-11.955439],[-71.315499,-11.954498],[-71.314821,-11.953901],[-71.314341,-11.952889],[-71.312691,-11.951618],[-71.312417,-11.9515],[-71.312299,-11.95192],[-71.312674,-11.953142],[-71.315531,-11.955986],[-71.316608,-11.95647],[-71.3195,-11.956397],[-71.320771,-11.955779],[-71.321621,-11.954821]]]},"properties":{"id":"agua-2106","nombre":null,"tipo":"Pantano","FUENTE":"Gobierno Regional Madre de Dios","FECREG":"2020-01-27","TIPMAG":3,"NOMMAG":null}},{"type":"Feature","geometry":{"type":"Polygon","coordinates":[[[-71.338202,-11.939945],[-71.338562,-11.939401],[-71.337763,-11.937232],[-71.33798,-11.93679],[-71.33838,-11.936554],[-71.339563,-11.936904],[-71.341263,-11.938233],[-71.341755,-11.939133],[-71.341668,-11.940228],[-71.341837,-11.940494],[-71.342208,-11.940058],[-71.342319,-11.939608],[-71.342077,-11.938764],[-71.341276,-11.937662],[-71.340487,-11.936956],[-71.339,-11.936186],[-71.337709,-11.936325],[-71.337352,-11.936985],[-71.337378,-11.937718],[-71.337959,-11.939971],[-71.338202,-11.939945]]]},"properties":{"id":"agua-2107","nombre":null,"tipo":"Pantano","FUENTE":"Gobierno Regional Madre de Dios","FECREG":"2020-01-27","TIPMAG":3,"NOMMAG":null}},{"type":"Feature","geometry":{"type":"Polygon","coordinates":[[[-71.41241,-11.882312],[-71.411725,-11.882131],[-71.411585,-11.881854],[-71.411919,-11.881653],[-71.413238,-11.881695],[-71.414147,-11.882201],[-71.41509,-11.883164],[-71.415405,-11.883061],[-71.415925,-11.883421],[-71.41568,-11.882741],[-71.414949,-11.881755],[-71.414017,-11.881135],[-71.412453,-11.880631],[-71.411397,-11.880818],[-71.409105,-11.882309],[-71.407705,-11.884616],[-71.407633,-11.885337],[-71.407685,-11.888821],[-71.408024,-11.889899],[-71.408752,-11.89111],[-71.409132,-11.891112],[-71.409322,-11.890803],[-71.408769,-11.887994],[-71.409114,-11.885039],[-71.40966,-11.883928],[-71.410176,-11.883348],[-71.410516,-11.883108],[-71.412074,-11.882874],[-71.41241,-11.882312]]]},"properties":{"id":"agua-2108","nombre":null,"tipo":"Pantano","FUENTE":"Gobierno Regional Madre de Dios","FECREG":"2020-01-27","TIPMAG":3,"NOMMAG":null}},{"type":"Feature","geometry":{"type":"Polygon","coordinates":[[[-71.455252,-11.86523],[-71.455172,-11.864886],[-71.454648,-11.864929],[-71.454333,-11.86452],[-71.453767,-11.865195],[-71.452454,-11.865785],[-71.4515,-11.865903],[-71.449791,-11.866469],[-71.449197,-11.867086],[-71.449447,-11.867225],[-71.450645,-11.867233],[-71.452125,-11.866888],[-71.454401,-11.86607],[-71.455252,-11.86523]]]},"properties":{"id":"agua-2109","nombre":null,"tipo":"Pantano","FUENTE":"Gobierno Regional Madre de Dios","FECREG":"2020-01-27","TIPMAG":3,"NOMMAG":null}},{"type":"Feature","geometry":{"type":"Polygon","coordinates":[[[-71.454199,-11.860303],[-71.455252,-11.860819],[-71.455817,-11.86052],[-71.455003,-11.859401],[-71.453102,-11.858792],[-71.452696,-11.858932],[-71.452624,-11.859723],[-71.453011,-11.860229],[-71.454199,-11.860303]]]},"properties":{"id":"agua-2110","nombre":null,"tipo":"Pantano","FUENTE":"Gobierno Regional Madre de Dios","FECREG":"2020-01-27","TIPMAG":3,"NOMMAG":null}},{"type":"Feature","geometry":{"type":"Polygon","coordinates":[[[-71.466407,-11.845385],[-71.4647,-11.845919],[-71.463062,-11.847296],[-71.463354,-11.847365],[-71.465222,-11.846661],[-71.467405,-11.846229],[-71.468278,-11.846571],[-71.469042,-11.847581],[-71.469194,-11.848138],[-71.469062,-11.851136],[-71.470026,-11.852557],[-71.470833,-11.853308],[-71.472487,-11.853972],[-71.47401,-11.8543],[-71.476375,-11.854264],[-71.477358,-11.854021],[-71.478033,-11.854203],[-71.478747,-11.854163],[-71.479201,-11.855279],[-71.478891,-11.855903],[-71.478275,-11.856468],[-71.477316,-11.856718],[-71.475254,-11.856701],[-71.474143,-11.856451],[-71.47359,-11.856633],[-71.471008,-11.85645],[-71.467928,-11.856716],[-71.466419,-11.856275],[-71.46498,-11.855546],[-71.464003,-11.854838],[-71.463,-11.85401],[-71.461603,-11.852468],[-71.461084,-11.851191],[-71.460407,-11.851665],[-71.460901,-11.852713],[-71.461662,-11.853591],[-71.463962,-11.855675],[-71.465183,-11.856501],[-71.467692,-11.857555],[-71.471356,-11.857379],[-71.472765,-11.857558],[-71.473602,-11.85742],[-71.475089,-11.857754],[-71.476164,-11.857744],[-71.477723,-11.857408],[-71.478769,-11.856838],[-71.479215,-11.856833],[-71.479866,-11.856349],[-71.48027,-11.855413],[-71.480241,-11.854887],[-71.479746,-11.853792],[-71.478626,-11.853062],[-71.477316,-11.852683],[-71.474276,-11.853217],[-71.473503,-11.853136],[-71.471766,-11.8525],[-71.470434,-11.85101],[-71.470185,-11.848132],[-71.469902,-11.847378],[-71.469057,-11.846193],[-71.468353,-11.845625],[-71.467739,-11.845409],[-71.466407,-11.845385]]]},"properties":{"id":"agua-2111","nombre":null,"tipo":"Pantano","FUENTE":"Gobierno Regional Madre de Dios","FECREG":"2020-01-27","TIPMAG":3,"NOMMAG":null}},{"type":"Feature","geometry":{"type":"Polygon","coordinates":[[[-71.677633,-11.698979],[-71.679317,-11.697608],[-71.680074,-11.696051],[-71.679995,-11.694611],[-71.67963,-11.693688],[-71.678868,-11.692662],[-71.677822,-11.691959],[-71.676903,-11.691639],[-71.674923,-11.691863],[-71.673567,-11.691574],[-71.67232,-11.691603],[-71.670562,-11.691171],[-71.669634,-11.690546],[-71.669222,-11.69049],[-71.669577,-11.690905],[-71.671222,-11.691863],[-71.67196,-11.692089],[-71.677424,-11.692643],[-71.678681,-11.693327],[-71.679448,-11.694599],[-71.679543,-11.69577],[-71.679484,-11.696217],[-71.678867,-11.697203],[-71.677898,-11.698175],[-71.677387,-11.698444],[-71.677633,-11.698979]]]},"properties":{"id":"agua-2112","nombre":null,"tipo":"Pantano","FUENTE":"Gobierno Regional Madre de Dios","FECREG":"2020-01-27","TIPMAG":3,"NOMMAG":null}},{"type":"Feature","geometry":{"type":"Polygon","coordinates":[[[-71.805198,-11.661734],[-71.806067,-11.661673],[-71.806168,-11.661199],[-71.804908,-11.660809],[-71.803657,-11.659608],[-71.802895,-11.658517],[-71.802513,-11.65711],[-71.802551,-11.656088],[-71.803084,-11.654693],[-71.803706,-11.653697],[-71.803721,-11.653357],[-71.802771,-11.653886],[-71.801799,-11.655504],[-71.801802,-11.657621],[-71.802027,-11.658808],[-71.802695,-11.659886],[-71.804208,-11.661216],[-71.805198,-11.661734]]]},"properties":{"id":"agua-2113","nombre":null,"tipo":"Pantano","FUENTE":"Gobierno Regional Madre de Dios","FECREG":"2020-01-27","TIPMAG":3,"NOMMAG":null}},{"type":"Feature","geometry":{"type":"Polygon","coordinates":[[[-71.839407,-11.646145],[-71.839344,-11.647064],[-71.838136,-11.648072],[-71.838671,-11.648189],[-71.839928,-11.647316],[-71.840373,-11.646738],[-71.840424,-11.646035],[-71.839996,-11.645437],[-71.838949,-11.64501],[-71.838323,-11.645016],[-71.836624,-11.646246],[-71.834738,-11.646798],[-71.834149,-11.647187],[-71.834467,-11.647673],[-71.835269,-11.647773],[-71.836127,-11.647573],[-71.837478,-11.646831],[-71.838473,-11.645965],[-71.839407,-11.646145]]]},"properties":{"id":"agua-2114","nombre":null,"tipo":"Pantano","FUENTE":"Gobierno Regional Madre de Dios","FECREG":"2020-01-27","TIPMAG":3,"NOMMAG":null}},{"type":"Feature","geometry":{"type":"Polygon","coordinates":[[[-72.071612,-11.607438],[-72.073751,-11.605018],[-72.07254,-11.605236],[-72.071431,-11.606541],[-72.069597,-11.609241],[-72.069046,-11.611121],[-72.068309,-11.612614],[-72.069294,-11.612488],[-72.070971,-11.60848],[-72.071612,-11.607438]]]},"properties":{"id":"agua-2115","nombre":null,"tipo":"Pantano","FUENTE":"Gobierno Regional Madre de Dios","FECREG":"2020-01-27","TIPMAG":3,"NOMMAG":null}},{"type":"Feature","geometry":{"type":"Polygon","coordinates":[[[-71.94272,-11.680743],[-71.941341,-11.679837],[-71.941041,-11.679342],[-71.940358,-11.678796],[-71.938236,-11.678218],[-71.936793,-11.678346],[-71.935803,-11.679044],[-71.935456,-11.679699],[-71.935588,-11.680434],[-71.936258,-11.681601],[-71.936992,-11.681303],[-71.936226,-11.679993],[-71.936214,-11.679613],[-71.936647,-11.679044],[-71.937223,-11.678801],[-71.938329,-11.678741],[-71.939704,-11.679122],[-71.941399,-11.680381],[-71.942622,-11.680943],[-71.94272,-11.680743]]]},"properties":{"id":"agua-2116","nombre":null,"tipo":"Pantano","FUENTE":"Gobierno Regional Madre de Dios","FECREG":"2020-01-27","TIPMAG":3,"NOMMAG":null}},{"type":"Feature","geometry":{"type":"Polygon","coordinates":[[[-71.450232,-11.126276],[-71.449445,-11.126939],[-71.448938,-11.127111],[-71.446061,-11.127589],[-71.444745,-11.126595],[-71.444427,-11.12612],[-71.444188,-11.126504],[-71.444411,-11.127148],[-71.444997,-11.127693],[-71.445824,-11.12814],[-71.446939,-11.128347],[-71.448125,-11.128337],[-71.449066,-11.127971],[-71.450319,-11.127219],[-71.450702,-11.126762],[-71.451919,-11.126167],[-71.452056,-11.126399],[-71.452703,-11.126521],[-71.452727,-11.127887],[-71.452435,-11.129167],[-71.452311,-11.130957],[-71.452292,-11.131578],[-71.452535,-11.131624],[-71.45376,-11.128192],[-71.453792,-11.127426],[-71.45315,-11.125759],[-71.452196,-11.125435],[-71.45164,-11.125535],[-71.450232,-11.126276]]]},"properties":{"id":"agua-2117","nombre":null,"tipo":"Pantano","FUENTE":"Gobierno Regional Madre de Dios","FECREG":"2020-01-27","TIPMAG":3,"NOMMAG":null}},{"type":"Feature","geometry":{"type":"Polygon","coordinates":[[[-70.750349,-11.374318],[-70.746137,-11.376195],[-70.744839,-11.377817],[-70.744528,-11.378608],[-70.74439,-11.379757],[-70.745244,-11.377851],[-70.74766,-11.376235],[-70.749807,-11.375238],[-70.750514,-11.37522],[-70.750891,-11.375768],[-70.750597,-11.376183],[-70.748965,-11.376526],[-70.747116,-11.377564],[-70.74659,-11.378763],[-70.747069,-11.3779],[-70.747793,-11.377388],[-70.749695,-11.376726],[-70.750728,-11.37687],[-70.751425,-11.376636],[-70.751872,-11.376117],[-70.752058,-11.375585],[-70.751793,-11.374969],[-70.751339,-11.374584],[-70.750349,-11.374318]]]},"properties":{"id":"agua-2119","nombre":null,"tipo":"Pantano","FUENTE":"Gobierno Regional Madre de Dios","FECREG":"2020-01-27","TIPMAG":3,"NOMMAG":null}},{"type":"Feature","geometry":{"type":"Polygon","coordinates":[[[-70.764363,-11.387723],[-70.763082,-11.387589],[-70.762573,-11.387133],[-70.762655,-11.385627],[-70.762914,-11.385088],[-70.76441,-11.383719],[-70.764289,-11.383543],[-70.763737,-11.383287],[-70.763534,-11.383347],[-70.762571,-11.384344],[-70.761753,-11.38566],[-70.762067,-11.387996],[-70.762453,-11.388596],[-70.763833,-11.389096],[-70.764539,-11.389056],[-70.7656,-11.388447],[-70.766085,-11.387547],[-70.766324,-11.386501],[-70.766124,-11.384146],[-70.765747,-11.383204],[-70.765254,-11.382852],[-70.765136,-11.383018],[-70.765363,-11.386819],[-70.765222,-11.387245],[-70.764853,-11.387578],[-70.764363,-11.387723]]]},"properties":{"id":"agua-2120","nombre":null,"tipo":"Pantano","FUENTE":"Gobierno Regional Madre de Dios","FECREG":"2020-01-27","TIPMAG":3,"NOMMAG":null}},{"type":"Feature","geometry":{"type":"Polygon","coordinates":[[[-70.984595,-12.181609],[-70.985626,-12.180372],[-70.987809,-12.178207],[-70.989056,-12.176652],[-70.989833,-12.175369],[-70.989885,-12.174972],[-70.990451,-12.174557],[-70.991575,-12.174549],[-70.992554,-12.175378],[-70.993475,-12.180752],[-70.993849,-12.181975],[-70.994329,-12.181195],[-70.994042,-12.179314],[-70.994152,-12.177788],[-70.993954,-12.175727],[-70.993184,-12.174358],[-70.992606,-12.174212],[-70.991847,-12.174278],[-70.99087,-12.173657],[-70.990591,-12.172912],[-70.989563,-12.173636],[-70.988326,-12.17551],[-70.98547,-12.178392],[-70.984487,-12.179683],[-70.983576,-12.181176],[-70.983624,-12.181668],[-70.984595,-12.181609]]]},"properties":{"id":"agua-2121","nombre":null,"tipo":"Pantano","FUENTE":"Gobierno Regional Madre de Dios","FECREG":"2020-01-27","TIPMAG":3,"NOMMAG":null}},{"type":"Feature","geometry":{"type":"Polygon","coordinates":[[[-71.008344,-12.167157],[-71.007885,-12.168271],[-71.007788,-12.168996],[-71.007819,-12.17068],[-71.008157,-12.172024],[-71.009632,-12.174639],[-71.010301,-12.175476],[-71.012319,-12.17698],[-71.013179,-12.177438],[-71.013602,-12.177376],[-71.013597,-12.176969],[-71.013176,-12.175963],[-71.011565,-12.174943],[-71.009779,-12.173135],[-71.009195,-12.172099],[-71.008647,-12.170406],[-71.008679,-12.168668],[-71.009998,-12.167252],[-71.010478,-12.166977],[-71.011027,-12.16704],[-71.011417,-12.167253],[-71.011713,-12.167705],[-71.012467,-12.167795],[-71.012537,-12.16746],[-71.011488,-12.166941],[-71.010675,-12.166102],[-71.010337,-12.166001],[-71.009683,-12.166121],[-71.008811,-12.166561],[-71.008344,-12.167157]]]},"properties":{"id":"agua-2122","nombre":null,"tipo":"Pantano","FUENTE":"Gobierno Regional Madre de Dios","FECREG":"2020-01-27","TIPMAG":3,"NOMMAG":null}},{"type":"Feature","geometry":{"type":"Polygon","coordinates":[[[-71.040271,-12.173555],[-71.040614,-12.173516],[-71.041116,-12.172931],[-71.040258,-12.171953],[-71.039214,-12.170342],[-71.038714,-12.168735],[-71.038697,-12.166652],[-71.038945,-12.165646],[-71.039418,-12.164747],[-71.041355,-12.162635],[-71.041176,-12.162113],[-71.040827,-12.162026],[-71.039175,-12.162972],[-71.038363,-12.163771],[-71.037118,-12.166763],[-71.037344,-12.169113],[-71.037947,-12.170835],[-71.039634,-12.173172],[-71.040271,-12.173555]]]},"properties":{"id":"agua-2123","nombre":null,"tipo":"Pantano","FUENTE":"Gobierno Regional Madre de Dios","FECREG":"2020-01-27","TIPMAG":3,"NOMMAG":null}},{"type":"Feature","geometry":{"type":"Polygon","coordinates":[[[-70.497151,-12.112152],[-70.496977,-12.111713],[-70.496423,-12.11114],[-70.496345,-12.111524],[-70.496671,-12.112414],[-70.496301,-12.113973],[-70.495024,-12.115301],[-70.49368,-12.115363],[-70.493458,-12.115652],[-70.493606,-12.115811],[-70.493954,-12.115951],[-70.494729,-12.115867],[-70.495669,-12.115435],[-70.496875,-12.114072],[-70.497191,-12.11343],[-70.497151,-12.112152]]]},"properties":{"id":"agua-2124","nombre":null,"tipo":"Pantano","FUENTE":"Gobierno Regional Madre de Dios","FECREG":"2020-01-27","TIPMAG":3,"NOMMAG":null}},{"type":"Feature","geometry":{"type":"Polygon","coordinates":[[[-70.508399,-12.116268],[-70.509036,-12.116504],[-70.509715,-12.116391],[-70.510016,-12.116155],[-70.509766,-12.11513],[-70.508783,-12.114547],[-70.508516,-12.114641],[-70.509719,-12.115516],[-70.509721,-12.11592],[-70.509375,-12.116139],[-70.508863,-12.116047],[-70.508347,-12.115708],[-70.507176,-12.113624],[-70.506714,-12.113709],[-70.507669,-12.11559],[-70.508399,-12.116268]]]},"properties":{"id":"agua-2125","nombre":null,"tipo":"Pantano","FUENTE":"Gobierno Regional Madre de Dios","FECREG":"2020-01-27","TIPMAG":3,"NOMMAG":null}},{"type":"Feature","geometry":{"type":"Polygon","coordinates":[[[-70.730559,-11.988732],[-70.732454,-11.988649],[-70.733087,-11.988836],[-70.733722,-11.989406],[-70.733726,-11.9901],[-70.733077,-11.991204],[-70.732985,-11.99197],[-70.733529,-11.993354],[-70.734728,-11.994805],[-70.735824,-11.995157],[-70.73655,-11.994818],[-70.736816,-11.994529],[-70.736885,-11.993883],[-70.736345,-11.993169],[-70.736225,-11.993337],[-70.736354,-11.99446],[-70.73565,-11.994656],[-70.735091,-11.994492],[-70.734577,-11.994017],[-70.733499,-11.992517],[-70.733252,-11.991873],[-70.733273,-11.991418],[-70.733969,-11.990003],[-70.73399,-11.989572],[-70.733694,-11.988856],[-70.733401,-11.988571],[-70.7325,-11.988338],[-70.730194,-11.988519],[-70.730559,-11.988732]]]},"properties":{"id":"agua-2126","nombre":null,"tipo":"Pantano","FUENTE":"Gobierno Regional Madre de Dios","FECREG":"2020-01-27","TIPMAG":3,"NOMMAG":null}},{"type":"Feature","geometry":{"type":"Polygon","coordinates":[[[-69.24117,-12.935957],[-69.241341,-12.936113],[-69.241329,-12.93487],[-69.240839,-12.933914],[-69.240395,-12.933615],[-69.237888,-12.932898],[-69.237018,-12.933501],[-69.23672,-12.934314],[-69.236719,-12.93512],[-69.236829,-12.935458],[-69.237834,-12.936635],[-69.238147,-12.936735],[-69.238016,-12.936257],[-69.237338,-12.935617],[-69.236998,-12.934874],[-69.237312,-12.933782],[-69.238057,-12.933383],[-69.240199,-12.933973],[-69.240941,-12.934748],[-69.24117,-12.935957]]]},"properties":{"id":"agua-2127","nombre":null,"tipo":"Pantano","FUENTE":"Gobierno Regional Madre de Dios","FECREG":"2020-01-27","TIPMAG":3,"NOMMAG":null}},{"type":"Feature","geometry":{"type":"Polygon","coordinates":[[[-68.876255,-12.938961],[-68.874861,-12.94004],[-68.874865,-12.940585],[-68.875138,-12.940604],[-68.876127,-12.939594],[-68.877327,-12.93923],[-68.877912,-12.939211],[-68.879067,-12.939516],[-68.87957,-12.940233],[-68.87959,-12.940904],[-68.879296,-12.941466],[-68.878436,-12.942156],[-68.87937,-12.942339],[-68.87979,-12.942088],[-68.880049,-12.941675],[-68.880232,-12.940721],[-68.880143,-12.939811],[-68.87901,-12.938758],[-68.878284,-12.938571],[-68.877268,-12.938589],[-68.876255,-12.938961]]]},"properties":{"id":"agua-2128","nombre":null,"tipo":"Pantano","FUENTE":"Gobierno Regional Madre de Dios","FECREG":"2020-01-27","TIPMAG":3,"NOMMAG":null}},{"type":"Feature","geometry":{"type":"Polygon","coordinates":[[[-68.869958,-12.92922],[-68.8698,-12.929447],[-68.871257,-12.92976],[-68.872202,-12.930299],[-68.874153,-12.930928],[-68.874915,-12.931108],[-68.875891,-12.930989],[-68.877416,-12.930152],[-68.877782,-12.929434],[-68.877905,-12.927909],[-68.877285,-12.926213],[-68.876526,-12.925423],[-68.874169,-12.924528],[-68.871394,-12.924449],[-68.869121,-12.925052],[-68.868167,-12.925729],[-68.868119,-12.925981],[-68.868497,-12.926053],[-68.870277,-12.925356],[-68.871036,-12.925227],[-68.874223,-12.925249],[-68.875525,-12.925602],[-68.876859,-12.926423],[-68.877173,-12.927281],[-68.877295,-12.928387],[-68.87705,-12.929254],[-68.875952,-12.930271],[-68.874977,-12.93033],[-68.87333,-12.93003],[-68.87205,-12.929551],[-68.869958,-12.92922]]]},"properties":{"id":"agua-2129","nombre":null,"tipo":"Pantano","FUENTE":"Gobierno Regional Madre de Dios","FECREG":"2020-01-27","TIPMAG":3,"NOMMAG":null}},{"type":"Feature","geometry":{"type":"Polygon","coordinates":[[[-68.874025,-12.890851],[-68.873381,-12.890725],[-68.8732,-12.890873],[-68.874045,-12.891565],[-68.874265,-12.892542],[-68.874154,-12.893262],[-68.873138,-12.894988],[-68.872655,-12.895077],[-68.872081,-12.894721],[-68.87182,-12.894287],[-68.87174,-12.893133],[-68.871197,-12.893083],[-68.871046,-12.893468],[-68.871124,-12.89432],[-68.87194,-12.895639],[-68.872946,-12.895689],[-68.873471,-12.895362],[-68.874028,-12.894736],[-68.874867,-12.893141],[-68.874969,-12.892449],[-68.874848,-12.891832],[-68.874545,-12.891296],[-68.874025,-12.890851]]]},"properties":{"id":"agua-2130","nombre":null,"tipo":"Pantano","FUENTE":"Gobierno Regional Madre de Dios","FECREG":"2020-01-27","TIPMAG":3,"NOMMAG":null}},{"type":"Feature","geometry":{"type":"Polygon","coordinates":[[[-68.871873,-12.882976],[-68.872885,-12.883399],[-68.873262,-12.883308],[-68.873983,-12.882758],[-68.874389,-12.882029],[-68.873946,-12.880486],[-68.872115,-12.876845],[-68.871784,-12.876921],[-68.871882,-12.877423],[-68.872839,-12.879742],[-68.87364,-12.88096],[-68.873851,-12.881595],[-68.87367,-12.882151],[-68.873244,-12.882609],[-68.872498,-12.882548],[-68.871738,-12.881728],[-68.871202,-12.879783],[-68.87088,-12.879656],[-68.870783,-12.880451],[-68.871098,-12.881704],[-68.871873,-12.882976]]]},"properties":{"id":"agua-2131","nombre":null,"tipo":"Pantano","FUENTE":"Gobierno Regional Madre de Dios","FECREG":"2020-01-27","TIPMAG":3,"NOMMAG":null}},{"type":"Feature","geometry":{"type":"Polygon","coordinates":[[[-68.842633,-12.85017],[-68.846245,-12.851643],[-68.846887,-12.851485],[-68.848185,-12.850397],[-68.848336,-12.849459],[-68.849496,-12.847967],[-68.850025,-12.846205],[-68.849983,-12.845163],[-68.849443,-12.843581],[-68.848977,-12.84285],[-68.848319,-12.841027],[-68.847753,-12.840449],[-68.847445,-12.84045],[-68.847325,-12.840992],[-68.848026,-12.84238],[-68.848495,-12.844129],[-68.848825,-12.844745],[-68.849072,-12.846054],[-68.848804,-12.847411],[-68.847777,-12.848965],[-68.847613,-12.849952],[-68.846904,-12.850595],[-68.845879,-12.850857],[-68.845075,-12.850737],[-68.843027,-12.849827],[-68.841637,-12.849539],[-68.840296,-12.849538],[-68.840393,-12.850208],[-68.841335,-12.850077],[-68.842633,-12.85017]]]},"properties":{"id":"agua-2132","nombre":null,"tipo":"Pantano","FUENTE":"Gobierno Regional Madre de Dios","FECREG":"2020-01-27","TIPMAG":3,"NOMMAG":null}},{"type":"Feature","geometry":{"type":"Polygon","coordinates":[[[-68.832718,-12.803847],[-68.833957,-12.805505],[-68.83389,-12.806513],[-68.833294,-12.807232],[-68.832416,-12.807521],[-68.831418,-12.807453],[-68.82939,-12.80609],[-68.828394,-12.805696],[-68.827573,-12.805767],[-68.827573,-12.80592],[-68.82804,-12.806265],[-68.828561,-12.806328],[-68.82954,-12.806813],[-68.830895,-12.807913],[-68.832551,-12.808316],[-68.833879,-12.80781],[-68.834521,-12.806821],[-68.834769,-12.806034],[-68.834316,-12.804646],[-68.832882,-12.803417],[-68.832718,-12.803847]]]},"properties":{"id":"agua-2133","nombre":null,"tipo":"Pantano","FUENTE":"Gobierno Regional Madre de Dios","FECREG":"2020-01-27","TIPMAG":3,"NOMMAG":null}},{"type":"Feature","geometry":{"type":"MultiPolygon","coordinates":[[[[-68.733415,-12.696766],[-68.732771,-12.69645],[-68.732312,-12.696854],[-68.73309,-12.697244],[-68.733953,-12.697251],[-68.734918,-12.696808],[-68.735994,-12.695845],[-68.736542,-12.694233],[-68.73639,-12.693121],[-68.735353,-12.691624],[-68.734661,-12.691059],[-68.730862,-12.690048],[-68.730611,-12.690225],[-68.73167,-12.690882],[-68.734468,-12.691568],[-68.734967,-12.69214],[-68.735221,-12.692166],[-68.736022,-12.693586],[-68.735898,-12.694795],[-68.735255,-12.695744],[-68.734084,-12.696621],[-68.733415,-12.696766]]],[[[-68.73041,-12.693852],[-68.731,-12.695502],[-68.731389,-12.696115],[-68.732158,-12.696773],[-68.73041,-12.693852]]]]},"properties":{"id":"agua-2134","nombre":null,"tipo":"Pantano","FUENTE":"Gobierno Regional Madre de Dios","FECREG":"2020-01-27","TIPMAG":3,"NOMMAG":null}},{"type":"Feature","geometry":{"type":"Polygon","coordinates":[[[-68.721047,-12.676445],[-68.719763,-12.67727],[-68.719029,-12.678224],[-68.718921,-12.678614],[-68.719173,-12.679785],[-68.719182,-12.681217],[-68.718994,-12.681928],[-68.71852,-12.682574],[-68.718428,-12.682971],[-68.718719,-12.683151],[-68.719068,-12.683019],[-68.719572,-12.682351],[-68.719927,-12.681412],[-68.720001,-12.679961],[-68.719779,-12.679186],[-68.719811,-12.678385],[-68.720519,-12.677597],[-68.721575,-12.676979],[-68.72276,-12.676662],[-68.72367,-12.676716],[-68.724685,-12.677083],[-68.725969,-12.678082],[-68.726511,-12.679273],[-68.726018,-12.680398],[-68.725084,-12.681101],[-68.725133,-12.681467],[-68.725743,-12.681477],[-68.72628,-12.681192],[-68.727065,-12.680139],[-68.727198,-12.678946],[-68.726935,-12.678153],[-68.724992,-12.676428],[-68.72314,-12.675929],[-68.721047,-12.676445]]]},"properties":{"id":"agua-2135","nombre":null,"tipo":"Pantano","FUENTE":"Gobierno Regional Madre de Dios","FECREG":"2020-01-27","TIPMAG":3,"NOMMAG":null}},{"type":"Feature","geometry":{"type":"Polygon","coordinates":[[[-70.475143,-12.671989],[-70.474897,-12.671693],[-70.474041,-12.67188],[-70.474376,-12.672509],[-70.474266,-12.672956],[-70.473843,-12.673167],[-70.473761,-12.673477],[-70.474078,-12.673978],[-70.474396,-12.674016],[-70.475607,-12.673493],[-70.476751,-12.672626],[-70.477012,-12.671825],[-70.476541,-12.671148],[-70.476286,-12.67093],[-70.475984,-12.670931],[-70.475324,-12.671318],[-70.475475,-12.671822],[-70.475143,-12.671989]]]},"properties":{"id":"agua-2137","nombre":null,"tipo":"Pantano","FUENTE":"Gobierno Regional Madre de Dios","FECREG":"2020-01-27","TIPMAG":3,"NOMMAG":null}},{"type":"Feature","geometry":{"type":"Polygon","coordinates":[[[-70.473023,-12.669458],[-70.472113,-12.669493],[-70.471981,-12.669292],[-70.471409,-12.66932],[-70.4714,-12.669124],[-70.470572,-12.669215],[-70.470337,-12.668987],[-70.470702,-12.671367],[-70.471191,-12.67168],[-70.472095,-12.671619],[-70.474553,-12.670556],[-70.475477,-12.66981],[-70.475387,-12.66938],[-70.475045,-12.669238],[-70.474714,-12.669307],[-70.474618,-12.669566],[-70.474374,-12.669557],[-70.474179,-12.669405],[-70.474206,-12.669051],[-70.473023,-12.669458]]]},"properties":{"id":"agua-2138","nombre":null,"tipo":"Pantano","FUENTE":"Gobierno Regional Madre de Dios","FECREG":"2020-01-27","TIPMAG":3,"NOMMAG":null}},{"type":"Feature","geometry":{"type":"Polygon","coordinates":[[[-70.377486,-12.626006],[-70.377051,-12.624956],[-70.376328,-12.624529],[-70.376992,-12.625685],[-70.376828,-12.62595],[-70.376265,-12.625419],[-70.375962,-12.625354],[-70.376435,-12.626184],[-70.376378,-12.62649],[-70.377655,-12.628426],[-70.379006,-12.628226],[-70.379295,-12.627978],[-70.379236,-12.627231],[-70.379547,-12.627],[-70.379029,-12.626658],[-70.378101,-12.626701],[-70.377486,-12.626006]]]},"properties":{"id":"agua-2139","nombre":null,"tipo":"Pantano","FUENTE":"Gobierno Regional Madre de Dios","FECREG":"2020-01-27","TIPMAG":3,"NOMMAG":null}},{"type":"Feature","geometry":{"type":"Polygon","coordinates":[[[-70.287277,-12.62506],[-70.287722,-12.627984],[-70.287894,-12.628295],[-70.288519,-12.628625],[-70.28823,-12.627637],[-70.288514,-12.627364],[-70.288925,-12.626204],[-70.288957,-12.62466],[-70.288603,-12.622975],[-70.28818,-12.622063],[-70.287634,-12.62171],[-70.287216,-12.621935],[-70.286992,-12.622325],[-70.287363,-12.624385],[-70.287277,-12.62506]]]},"properties":{"id":"agua-2140","nombre":null,"tipo":"Pantano","FUENTE":"Gobierno Regional Madre de Dios","FECREG":"2020-01-27","TIPMAG":3,"NOMMAG":null}},{"type":"Feature","geometry":{"type":"Polygon","coordinates":[[[-70.240468,-12.628818],[-70.240776,-12.631279],[-70.241487,-12.63353],[-70.242356,-12.635126],[-70.243398,-12.636335],[-70.244281,-12.636885],[-70.245936,-12.6374],[-70.246766,-12.637326],[-70.249073,-12.636423],[-70.249824,-12.635744],[-70.250563,-12.634672],[-70.251954,-12.630046],[-70.252373,-12.626025],[-70.253043,-12.623678],[-70.254205,-12.622237],[-70.254737,-12.620372],[-70.253463,-12.620239],[-70.251205,-12.619185],[-70.249134,-12.623382],[-70.248647,-12.626428],[-70.248806,-12.626806],[-70.248648,-12.632917],[-70.248075,-12.633936],[-70.246104,-12.635649],[-70.24455,-12.635447],[-70.244032,-12.634503],[-70.243188,-12.630759],[-70.243087,-12.628846],[-70.244379,-12.625312],[-70.248774,-12.621195],[-70.248985,-12.620685],[-70.24633,-12.619412],[-70.24188,-12.624665],[-70.240882,-12.626225],[-70.240468,-12.628818]]]},"properties":{"id":"agua-2141","nombre":null,"tipo":"Pantano","FUENTE":"Gobierno Regional Madre de Dios","FECREG":"2020-01-27","TIPMAG":3,"NOMMAG":null}},{"type":"Feature","geometry":{"type":"Polygon","coordinates":[[[-70.380659,-12.62126],[-70.37925,-12.621937],[-70.379253,-12.622535],[-70.378742,-12.622562],[-70.377909,-12.621777],[-70.377031,-12.621471],[-70.376934,-12.621615],[-70.379408,-12.624089],[-70.379807,-12.625857],[-70.380951,-12.62578],[-70.381025,-12.625432],[-70.380872,-12.62468],[-70.380138,-12.624086],[-70.380502,-12.623725],[-70.381352,-12.623386],[-70.381251,-12.622597],[-70.380659,-12.62126]]]},"properties":{"id":"agua-2142","nombre":null,"tipo":"Pantano","FUENTE":"Gobierno Regional Madre de Dios","FECREG":"2020-01-27","TIPMAG":3,"NOMMAG":null}},{"type":"Feature","geometry":{"type":"Polygon","coordinates":[[[-70.198227,-12.610751],[-70.197131,-12.610746],[-70.196292,-12.61104],[-70.194611,-12.612181],[-70.194105,-12.612798],[-70.193027,-12.613364],[-70.193043,-12.613518],[-70.192375,-12.613952],[-70.192145,-12.6143],[-70.192463,-12.614538],[-70.193132,-12.614331],[-70.193658,-12.614962],[-70.195151,-12.613832],[-70.197413,-12.612571],[-70.197934,-12.611824],[-70.197808,-12.611535],[-70.198317,-12.611186],[-70.198227,-12.610751]]]},"properties":{"id":"agua-2143","nombre":null,"tipo":"Pantano","FUENTE":"Gobierno Regional Madre de Dios","FECREG":"2020-01-27","TIPMAG":3,"NOMMAG":null}},{"type":"Feature","geometry":{"type":"Polygon","coordinates":[[[-70.148144,-12.613103],[-70.146874,-12.612257],[-70.144021,-12.612086],[-70.142336,-12.611261],[-70.140962,-12.611008],[-70.137505,-12.609358],[-70.137095,-12.609044],[-70.137055,-12.608708],[-70.135786,-12.608319],[-70.13451,-12.607523],[-70.13379,-12.607275],[-70.133816,-12.607598],[-70.134903,-12.608275],[-70.135258,-12.608704],[-70.135068,-12.609721],[-70.135227,-12.609864],[-70.13656,-12.610439],[-70.137675,-12.611295],[-70.141013,-12.612731],[-70.144891,-12.613891],[-70.145577,-12.613816],[-70.145591,-12.613457],[-70.144582,-12.61339],[-70.143879,-12.61312],[-70.143722,-12.612874],[-70.144037,-12.612488],[-70.144388,-12.612486],[-70.144989,-12.612929],[-70.145559,-12.613013],[-70.145837,-12.612911],[-70.145105,-12.61267],[-70.145118,-12.612469],[-70.14617,-12.612292],[-70.147294,-12.612571],[-70.147422,-12.612963],[-70.14714,-12.613069],[-70.147112,-12.613347],[-70.146713,-12.613454],[-70.146687,-12.61399],[-70.14738,-12.614484],[-70.147753,-12.61498],[-70.148172,-12.614978],[-70.148502,-12.61468],[-70.150777,-12.613742],[-70.151213,-12.613099],[-70.152815,-12.611829],[-70.152746,-12.611696],[-70.152288,-12.611736],[-70.15249,-12.611037],[-70.151964,-12.611192],[-70.151875,-12.6108],[-70.150953,-12.611656],[-70.148612,-12.613091],[-70.148144,-12.613103]]]},"properties":{"id":"agua-2144","nombre":"MALVINAS","tipo":"Laguna","FUENTE":"Gobierno Regional Madre de Dios","FECREG":"2020-01-27","TIPMAG":2,"NOMMAG":"MALVINAS"}},{"type":"Feature","geometry":{"type":"Polygon","coordinates":[[[-70.083117,-12.617797],[-70.085952,-12.617607],[-70.087669,-12.616978],[-70.08945,-12.615684],[-70.090345,-12.6148],[-70.09186,-12.612707],[-70.092619,-12.609828],[-70.092722,-12.608284],[-70.09232,-12.608286],[-70.091448,-12.609402],[-70.090728,-12.611989],[-70.08953,-12.613644],[-70.088652,-12.614779],[-70.087253,-12.615522],[-70.084409,-12.616362],[-70.081981,-12.616328],[-70.078289,-12.615765],[-70.077156,-12.616041],[-70.074809,-12.616055],[-70.074485,-12.616188],[-70.074658,-12.6164],[-70.07663,-12.617044],[-70.077243,-12.61699],[-70.078391,-12.617344],[-70.078754,-12.617361],[-70.079457,-12.617043],[-70.083117,-12.617797]]]},"properties":{"id":"agua-2145","nombre":null,"tipo":"Pantano","FUENTE":"Gobierno Regional Madre de Dios","FECREG":"2020-01-27","TIPMAG":3,"NOMMAG":null}},{"type":"Feature","geometry":{"type":"MultiPolygon","coordinates":[[[[-70.10331,-12.607764],[-70.103558,-12.607761],[-70.103409,-12.609265],[-70.103783,-12.610134],[-70.1037,-12.611244],[-70.103237,-12.612212],[-70.102797,-12.611908],[-70.102544,-12.612081],[-70.102157,-12.612705],[-70.101841,-12.613816],[-70.10201,-12.617078],[-70.102905,-12.618845],[-70.103041,-12.618921],[-70.10339,-12.618451],[-70.103048,-12.620366],[-70.103109,-12.62115],[-70.104474,-12.622953],[-70.105384,-12.623868],[-70.106799,-12.624881],[-70.108511,-12.625513],[-70.109832,-12.62555],[-70.112157,-12.625218],[-70.112067,-12.624634],[-70.111464,-12.624349],[-70.110813,-12.624302],[-70.110645,-12.624088],[-70.111237,-12.623822],[-70.112053,-12.623843],[-70.112773,-12.624091],[-70.113321,-12.624017],[-70.114291,-12.623152],[-70.114386,-12.622601],[-70.111528,-12.623594],[-70.111165,-12.623397],[-70.110367,-12.623611],[-70.110229,-12.623401],[-70.108485,-12.62335],[-70.108133,-12.623065],[-70.106933,-12.622783],[-70.10621,-12.622355],[-70.104456,-12.620018],[-70.103738,-12.61826],[-70.103984,-12.617409],[-70.104039,-12.6162],[-70.103314,-12.614577],[-70.103287,-12.613919],[-70.103739,-12.611513],[-70.104235,-12.610745],[-70.104621,-12.609613],[-70.104727,-12.607871],[-70.104872,-12.607499],[-70.105271,-12.607209],[-70.105254,-12.606339],[-70.104942,-12.605492],[-70.103777,-12.606523],[-70.10331,-12.607764]]],[[[-70.11559,-12.61176],[-70.113343,-12.610451],[-70.11085,-12.608476],[-70.110653,-12.608046],[-70.11081,-12.607592],[-70.110113,-12.606002],[-70.11005,-12.605243],[-70.109319,-12.60516],[-70.108722,-12.605693],[-70.107888,-12.605553],[-70.10829,-12.60713],[-70.109116,-12.608936],[-70.110358,-12.610603],[-70.111268,-12.611532],[-70.112701,-12.612232],[-70.113093,-12.612859],[-70.11417,-12.613486],[-70.114281,-12.613816],[-70.115256,-12.614594],[-70.115689,-12.614843],[-70.116098,-12.61482],[-70.116367,-12.614532],[-70.116423,-12.614094],[-70.115981,-12.613134],[-70.116134,-12.612997],[-70.116558,-12.613139],[-70.116615,-12.61288],[-70.11559,-12.61176]]]]},"properties":{"id":"agua-2146","nombre":"PAÑACOCHA","tipo":"Laguna","FUENTE":"Gobierno Regional Madre de Dios","FECREG":"2020-01-27","TIPMAG":2,"NOMMAG":"PAÑACOCHA"}},{"type":"Feature","geometry":{"type":"Polygon","coordinates":[[[-70.189885,-12.60212],[-70.187646,-12.601964],[-70.184874,-12.602697],[-70.183417,-12.603474],[-70.183126,-12.603774],[-70.183093,-12.604107],[-70.183609,-12.604713],[-70.184364,-12.605038],[-70.185817,-12.604782],[-70.187334,-12.604277],[-70.189026,-12.604236],[-70.193105,-12.605317],[-70.197031,-12.605572],[-70.19808,-12.605834],[-70.198803,-12.60573],[-70.200323,-12.605102],[-70.199771,-12.603308],[-70.199309,-12.603122],[-70.197401,-12.60314],[-70.195443,-12.602647],[-70.193867,-12.602915],[-70.193454,-12.602361],[-70.193015,-12.602251],[-70.190908,-12.602363],[-70.189885,-12.60212]]]},"properties":{"id":"agua-2147","nombre":null,"tipo":"Laguna","FUENTE":"Gobierno Regional Madre de Dios","FECREG":"2020-01-27","TIPMAG":2,"NOMMAG":null}},{"type":"Feature","geometry":{"type":"Polygon","coordinates":[[[-70.057282,-12.606105],[-70.052802,-12.601454],[-70.05286,-12.602368],[-70.053594,-12.603315],[-70.054476,-12.60495],[-70.055061,-12.606473],[-70.055643,-12.607368],[-70.056773,-12.60823],[-70.059367,-12.609655],[-70.060465,-12.61001],[-70.061472,-12.610664],[-70.062233,-12.610511],[-70.061498,-12.609557],[-70.060063,-12.608636],[-70.060764,-12.608663],[-70.062045,-12.609226],[-70.062566,-12.610031],[-70.063053,-12.610179],[-70.063537,-12.60937],[-70.064053,-12.608919],[-70.06131,-12.608212],[-70.057282,-12.606105]]]},"properties":{"id":"agua-2148","nombre":null,"tipo":"Pantano","FUENTE":"Gobierno Regional Madre de Dios","FECREG":"2020-01-27","TIPMAG":3,"NOMMAG":null}},{"type":"Feature","geometry":{"type":"Polygon","coordinates":[[[-70.34255,-12.598512],[-70.34125,-12.600373],[-70.341022,-12.603334],[-70.341057,-12.604081],[-70.34124,-12.60423],[-70.341575,-12.604228],[-70.34203,-12.603927],[-70.342275,-12.604135],[-70.342094,-12.604584],[-70.340937,-12.60459],[-70.341125,-12.605486],[-70.342374,-12.605719],[-70.342954,-12.606045],[-70.343411,-12.605983],[-70.342759,-12.603594],[-70.342962,-12.601739],[-70.342893,-12.600473],[-70.343184,-12.600308],[-70.344192,-12.598704],[-70.345171,-12.597874],[-70.346964,-12.597351],[-70.348638,-12.597753],[-70.348715,-12.597303],[-70.348515,-12.59705],[-70.347578,-12.596644],[-70.345925,-12.596496],[-70.344236,-12.597052],[-70.343561,-12.597446],[-70.343131,-12.598111],[-70.34255,-12.598512]]]},"properties":{"id":"agua-2149","nombre":null,"tipo":"Pantano","FUENTE":"Gobierno Regional Madre de Dios","FECREG":"2020-01-27","TIPMAG":3,"NOMMAG":null}},{"type":"Feature","geometry":{"type":"Polygon","coordinates":[[[-70.054468,-12.597339],[-70.054274,-12.597543],[-70.054304,-12.598235],[-70.05535,-12.598045],[-70.056616,-12.598269],[-70.05839,-12.598222],[-70.058747,-12.598],[-70.058827,-12.597568],[-70.058827,-12.597262],[-70.058156,-12.596978],[-70.055734,-12.597346],[-70.054468,-12.597339]]]},"properties":{"id":"agua-2150","nombre":null,"tipo":"Pantano","FUENTE":"Gobierno Regional Madre de Dios","FECREG":"2020-01-27","TIPMAG":3,"NOMMAG":null}},{"type":"Feature","geometry":{"type":"Polygon","coordinates":[[[-70.073525,-12.607422],[-70.074519,-12.60508],[-70.074605,-12.603397],[-70.073969,-12.601062],[-70.072739,-12.598872],[-70.070617,-12.597022],[-70.069717,-12.596617],[-70.06866,-12.596476],[-70.067833,-12.595841],[-70.064656,-12.595215],[-70.064217,-12.595311],[-70.063947,-12.595625],[-70.06161,-12.596167],[-70.060236,-12.596792],[-70.059556,-12.597448],[-70.059474,-12.598157],[-70.059658,-12.598354],[-70.061342,-12.598552],[-70.062602,-12.598488],[-70.063821,-12.598199],[-70.064992,-12.598346],[-70.065418,-12.597922],[-70.066759,-12.597414],[-70.068582,-12.597692],[-70.069296,-12.597957],[-70.070157,-12.59857],[-70.07202,-12.600778],[-70.072601,-12.60247],[-70.072704,-12.603858],[-70.072688,-12.604325],[-70.072223,-12.604892],[-70.071768,-12.606616],[-70.072113,-12.607643],[-70.071362,-12.608627],[-70.068174,-12.609238],[-70.06742,-12.609576],[-70.066572,-12.610752],[-70.067061,-12.611037],[-70.069882,-12.610116],[-70.070489,-12.60954],[-70.072069,-12.608744],[-70.073525,-12.607422]]]},"properties":{"id":"agua-2151","nombre":null,"tipo":"Pantano","FUENTE":"Gobierno Regional Madre de Dios","FECREG":"2020-01-27","TIPMAG":3,"NOMMAG":null}},{"type":"Feature","geometry":{"type":"Polygon","coordinates":[[[-70.306288,-12.597661],[-70.305892,-12.594948],[-70.30652,-12.592762],[-70.306304,-12.592076],[-70.30542,-12.591995],[-70.30495,-12.592472],[-70.304489,-12.5941],[-70.304498,-12.596121],[-70.305856,-12.599762],[-70.307171,-12.601072],[-70.307061,-12.603315],[-70.307429,-12.603911],[-70.308561,-12.605042],[-70.309537,-12.605396],[-70.309932,-12.605125],[-70.309653,-12.604229],[-70.30769,-12.601248],[-70.306288,-12.597661]]]},"properties":{"id":"agua-2152","nombre":null,"tipo":"Pantano","FUENTE":"Gobierno Regional Madre de Dios","FECREG":"2020-01-27","TIPMAG":3,"NOMMAG":null}},{"type":"Feature","geometry":{"type":"Polygon","coordinates":[[[-70.390356,-12.582055],[-70.391364,-12.582707],[-70.392981,-12.583356],[-70.394535,-12.583707],[-70.395266,-12.583673],[-70.395508,-12.583403],[-70.395353,-12.583015],[-70.395595,-12.582595],[-70.396141,-12.582264],[-70.396443,-12.581843],[-70.394371,-12.581466],[-70.393241,-12.580844],[-70.391711,-12.579297],[-70.390907,-12.577028],[-70.391048,-12.574875],[-70.391888,-12.572568],[-70.39243,-12.571579],[-70.393522,-12.570766],[-70.391452,-12.570777],[-70.389845,-12.571921],[-70.388969,-12.573211],[-70.388367,-12.57447],[-70.387988,-12.577552],[-70.388607,-12.579462],[-70.389287,-12.579977],[-70.390356,-12.582055]]]},"properties":{"id":"agua-2153","nombre":null,"tipo":"Pantano","FUENTE":"Gobierno Regional Madre de Dios","FECREG":"2020-01-27","TIPMAG":3,"NOMMAG":null}},{"type":"Feature","geometry":{"type":"Polygon","coordinates":[[[-70.079924,-12.578623],[-70.079618,-12.579074],[-70.079912,-12.57947],[-70.081334,-12.579985],[-70.082439,-12.579551],[-70.084429,-12.577269],[-70.084739,-12.577109],[-70.085514,-12.577761],[-70.085331,-12.579426],[-70.085056,-12.580073],[-70.084649,-12.580506],[-70.083467,-12.580984],[-70.081584,-12.581307],[-70.080648,-12.581182],[-70.080298,-12.581442],[-70.080753,-12.581813],[-70.084243,-12.581254],[-70.085598,-12.58043],[-70.086032,-12.579337],[-70.085952,-12.577615],[-70.08518,-12.576564],[-70.084802,-12.576507],[-70.084457,-12.576555],[-70.083866,-12.577],[-70.082999,-12.578434],[-70.082074,-12.579368],[-70.080879,-12.579459],[-70.079924,-12.578623]]]},"properties":{"id":"agua-2154","nombre":null,"tipo":"Pantano","FUENTE":"Gobierno Regional Madre de Dios","FECREG":"2020-01-27","TIPMAG":3,"NOMMAG":null}},{"type":"Feature","geometry":{"type":"Polygon","coordinates":[[[-70.451314,-12.581702],[-70.451167,-12.579805],[-70.449074,-12.575299],[-70.447894,-12.573586],[-70.447563,-12.573431],[-70.447198,-12.57353],[-70.446993,-12.573011],[-70.446016,-12.573471],[-70.444417,-12.574602],[-70.444098,-12.576047],[-70.44451,-12.57666],[-70.446091,-12.577052],[-70.446671,-12.57868],[-70.449316,-12.582916],[-70.44903,-12.584065],[-70.448524,-12.584929],[-70.447949,-12.585181],[-70.447469,-12.585111],[-70.446385,-12.583611],[-70.446337,-12.582183],[-70.444869,-12.57762],[-70.44378,-12.577133],[-70.442761,-12.577641],[-70.442546,-12.578432],[-70.442752,-12.580511],[-70.443638,-12.582181],[-70.445947,-12.585499],[-70.446713,-12.586137],[-70.447694,-12.586452],[-70.449029,-12.586181],[-70.449887,-12.585681],[-70.450891,-12.584346],[-70.451203,-12.583445],[-70.451314,-12.581702]]]},"properties":{"id":"agua-2155","nombre":null,"tipo":"Pantano","FUENTE":"Gobierno Regional Madre de Dios","FECREG":"2020-01-27","TIPMAG":3,"NOMMAG":null}},{"type":"Feature","geometry":{"type":"Polygon","coordinates":[[[-70.666508,-12.467602],[-70.668778,-12.466773],[-70.670913,-12.465174],[-70.671926,-12.463705],[-70.672621,-12.461962],[-70.672692,-12.461265],[-70.672614,-12.460204],[-70.671869,-12.457316],[-70.670801,-12.456844],[-70.669913,-12.455952],[-70.669304,-12.455747],[-70.669153,-12.455897],[-70.667565,-12.45501],[-70.667689,-12.455308],[-70.668606,-12.45605],[-70.668823,-12.456647],[-70.67129,-12.459198],[-70.67142,-12.461244],[-70.670633,-12.463086],[-70.669939,-12.464143],[-70.669242,-12.464683],[-70.667573,-12.465611],[-70.66487,-12.466202],[-70.664795,-12.466662],[-70.66573,-12.46658],[-70.665867,-12.466694],[-70.66579,-12.466943],[-70.664607,-12.46762],[-70.664551,-12.468079],[-70.664825,-12.468288],[-70.666283,-12.467877],[-70.666508,-12.467602]]]},"properties":{"id":"agua-2156","nombre":null,"tipo":"Pantano","FUENTE":"Gobierno Regional Madre de Dios","FECREG":"2020-01-27","TIPMAG":3,"NOMMAG":null}},{"type":"Feature","geometry":{"type":"Polygon","coordinates":[[[-70.715645,-12.42195],[-70.71458,-12.421186],[-70.714064,-12.421368],[-70.714403,-12.422024],[-70.715274,-12.422929],[-70.71524,-12.423614],[-70.714917,-12.424324],[-70.713897,-12.425033],[-70.71159,-12.425553],[-70.706787,-12.425002],[-70.707034,-12.425479],[-70.709792,-12.426005],[-70.709474,-12.42642],[-70.708622,-12.426485],[-70.708686,-12.426963],[-70.712625,-12.426873],[-70.714011,-12.426433],[-70.715531,-12.425273],[-70.716033,-12.424515],[-70.716302,-12.423646],[-70.715645,-12.42195]]]},"properties":{"id":"agua-2157","nombre":null,"tipo":"Pantano","FUENTE":"Gobierno Regional Madre de Dios","FECREG":"2020-01-27","TIPMAG":3,"NOMMAG":null}},{"type":"Feature","geometry":{"type":"Polygon","coordinates":[[[-70.716082,-12.405629],[-70.717127,-12.403194],[-70.718524,-12.400966],[-70.719423,-12.400809],[-70.719678,-12.40052],[-70.722204,-12.400095],[-70.723535,-12.400738],[-70.725238,-12.402258],[-70.72585,-12.403459],[-70.725806,-12.405679],[-70.72552,-12.406637],[-70.723742,-12.408562],[-70.723435,-12.409176],[-70.722542,-12.40966],[-70.721188,-12.410893],[-70.721879,-12.412381],[-70.722308,-12.412474],[-70.723705,-12.411853],[-70.726183,-12.409675],[-70.727167,-12.408425],[-70.728,-12.404842],[-70.727896,-12.403867],[-70.726946,-12.401481],[-70.725728,-12.399805],[-70.724976,-12.399245],[-70.723437,-12.398768],[-70.721477,-12.398518],[-70.721155,-12.398721],[-70.72101,-12.399086],[-70.719665,-12.399056],[-70.718842,-12.399474],[-70.71827,-12.399355],[-70.717789,-12.399737],[-70.717125,-12.399898],[-70.715829,-12.401074],[-70.714921,-12.402405],[-70.71316,-12.40647],[-70.710959,-12.409466],[-70.709796,-12.410257],[-70.711563,-12.409519],[-70.711872,-12.409173],[-70.71373,-12.406725],[-70.714385,-12.405371],[-70.715178,-12.404699],[-70.715441,-12.40391],[-70.715762,-12.403818],[-70.715602,-12.405402],[-70.715335,-12.405841],[-70.715457,-12.406663],[-70.716082,-12.405629]]]},"properties":{"id":"agua-2158","nombre":null,"tipo":"Pantano","FUENTE":"Gobierno Regional Madre de Dios","FECREG":"2020-01-27","TIPMAG":3,"NOMMAG":null}},{"type":"Feature","geometry":{"type":"Polygon","coordinates":[[[-70.736911,-12.381515],[-70.736087,-12.382096],[-70.734498,-12.382336],[-70.730923,-12.382273],[-70.729002,-12.381803],[-70.728169,-12.381324],[-70.72776,-12.381326],[-70.727626,-12.381652],[-70.728842,-12.38306],[-70.730245,-12.383784],[-70.731706,-12.384004],[-70.732846,-12.383729],[-70.735688,-12.383448],[-70.737415,-12.382045],[-70.737728,-12.381116],[-70.73714,-12.381094],[-70.736911,-12.381515]]]},"properties":{"id":"agua-2159","nombre":null,"tipo":"Pantano","FUENTE":"Gobierno Regional Madre de Dios","FECREG":"2020-01-27","TIPMAG":3,"NOMMAG":null}},{"type":"Feature","geometry":{"type":"Polygon","coordinates":[[[-70.810702,-12.270347],[-70.813219,-12.266701],[-70.81354,-12.265401],[-70.813812,-12.265673],[-70.814043,-12.265366],[-70.814382,-12.263718],[-70.814284,-12.263546],[-70.813923,-12.26364],[-70.813772,-12.262677],[-70.813374,-12.262057],[-70.812227,-12.261474],[-70.81059,-12.260988],[-70.808665,-12.26123],[-70.807329,-12.262196],[-70.80617,-12.26337],[-70.805537,-12.264714],[-70.805351,-12.265978],[-70.805622,-12.268559],[-70.805284,-12.270436],[-70.805892,-12.27114],[-70.805918,-12.272001],[-70.806445,-12.272246],[-70.806852,-12.272071],[-70.807564,-12.26803],[-70.80686,-12.267518],[-70.806599,-12.26639],[-70.807246,-12.264243],[-70.807862,-12.263302],[-70.808733,-12.262626],[-70.809353,-12.262297],[-70.811005,-12.262037],[-70.811493,-12.262206],[-70.8121,-12.262815],[-70.812476,-12.263769],[-70.812462,-12.264534],[-70.812105,-12.266354],[-70.810912,-12.268294],[-70.810651,-12.269213],[-70.809943,-12.270366],[-70.809572,-12.271518],[-70.809828,-12.272032],[-70.809952,-12.271643],[-70.810358,-12.271282],[-70.810702,-12.270347]]]},"properties":{"id":"agua-2160","nombre":null,"tipo":"Pantano","FUENTE":"Gobierno Regional Madre de Dios","FECREG":"2020-01-27","TIPMAG":3,"NOMMAG":null}},{"type":"Feature","geometry":{"type":"Polygon","coordinates":[[[-71.130984,-12.223903],[-71.131044,-12.222531],[-71.1315,-12.221964],[-71.133394,-12.221215],[-71.132156,-12.220921],[-71.131351,-12.221175],[-71.130753,-12.221714],[-71.130209,-12.223038],[-71.130201,-12.224502],[-71.130984,-12.223903]]]},"properties":{"id":"agua-2161","nombre":null,"tipo":"Pantano","FUENTE":"Gobierno Regional Madre de Dios","FECREG":"2020-01-27","TIPMAG":3,"NOMMAG":null}},{"type":"Feature","geometry":{"type":"Polygon","coordinates":[[[-70.661784,-12.466701],[-70.657735,-12.467549],[-70.656188,-12.467397],[-70.65502,-12.467005],[-70.654805,-12.467676],[-70.655273,-12.468439],[-70.656469,-12.469029],[-70.65866,-12.469088],[-70.660352,-12.468583],[-70.66144,-12.46762],[-70.661537,-12.467147],[-70.661932,-12.467011],[-70.661784,-12.466701]]]},"properties":{"id":"agua-2162","nombre":null,"tipo":"Pantano","FUENTE":"Gobierno Regional Madre de Dios","FECREG":"2020-01-27","TIPMAG":3,"NOMMAG":null}},{"type":"Feature","geometry":{"type":"Polygon","coordinates":[[[-70.413316,-12.556157],[-70.413844,-12.554271],[-70.414656,-12.553047],[-70.415691,-12.550018],[-70.415919,-12.548945],[-70.415407,-12.547914],[-70.414822,-12.54786],[-70.414466,-12.550321],[-70.413984,-12.551328],[-70.412482,-12.552771],[-70.411471,-12.554881],[-70.411719,-12.557521],[-70.411624,-12.557828],[-70.412133,-12.558303],[-70.413145,-12.558279],[-70.412951,-12.556716],[-70.413316,-12.556157]]]},"properties":{"id":"agua-2163","nombre":null,"tipo":"Pantano","FUENTE":"Gobierno Regional Madre de Dios","FECREG":"2020-01-27","TIPMAG":3,"NOMMAG":null}},{"type":"Feature","geometry":{"type":"Polygon","coordinates":[[[-70.461105,-12.553736],[-70.46106,-12.550761],[-70.460717,-12.549123],[-70.459952,-12.546992],[-70.458962,-12.545751],[-70.456779,-12.544212],[-70.454066,-12.543802],[-70.453463,-12.54436],[-70.45228,-12.544909],[-70.450512,-12.546545],[-70.450854,-12.546758],[-70.452666,-12.546425],[-70.453273,-12.546087],[-70.454928,-12.54609],[-70.456332,-12.54674],[-70.457864,-12.548526],[-70.45851,-12.550807],[-70.458297,-12.555009],[-70.457988,-12.555498],[-70.457994,-12.556586],[-70.458364,-12.557266],[-70.458638,-12.55846],[-70.459269,-12.558985],[-70.459542,-12.558917],[-70.459653,-12.557912],[-70.459938,-12.557313],[-70.460524,-12.554684],[-70.461105,-12.553736]]]},"properties":{"id":"agua-2164","nombre":"PALOMITAYO","tipo":"Laguna","FUENTE":"Gobierno Regional Madre de Dios","FECREG":"2020-01-27","TIPMAG":2,"NOMMAG":"PALOMITAYO"}},{"type":"Feature","geometry":{"type":"Polygon","coordinates":[[[-70.408285,-12.544556],[-70.410178,-12.544428],[-70.41124,-12.544889],[-70.412491,-12.546533],[-70.412876,-12.549783],[-70.412637,-12.550853],[-70.413028,-12.550712],[-70.413894,-12.54939],[-70.41409,-12.548712],[-70.413939,-12.547766],[-70.414386,-12.546677],[-70.414309,-12.545502],[-70.413717,-12.543916],[-70.413172,-12.543169],[-70.412641,-12.542823],[-70.411277,-12.542587],[-70.409865,-12.541843],[-70.408666,-12.541867],[-70.407604,-12.54241],[-70.406834,-12.543355],[-70.405869,-12.546386],[-70.405883,-12.547484],[-70.40559,-12.54893],[-70.405621,-12.550434],[-70.405381,-12.551547],[-70.406144,-12.553628],[-70.405923,-12.554389],[-70.407031,-12.556751],[-70.407951,-12.558002],[-70.409995,-12.557776],[-70.410139,-12.557417],[-70.40797,-12.553291],[-70.407554,-12.551106],[-70.407535,-12.550362],[-70.40782,-12.549194],[-70.407808,-12.546669],[-70.408285,-12.544556]]]},"properties":{"id":"agua-2165","nombre":null,"tipo":"Pantano","FUENTE":"Gobierno Regional Madre de Dios","FECREG":"2020-01-27","TIPMAG":3,"NOMMAG":null}},{"type":"Feature","geometry":{"type":"Polygon","coordinates":[[[-70.367312,-13.038448],[-70.366038,-13.037563],[-70.364409,-13.035869],[-70.363392,-13.035453],[-70.363664,-13.035169],[-70.363215,-13.03455],[-70.362219,-13.034175],[-70.359676,-13.034347],[-70.359734,-13.034571],[-70.360282,-13.034813],[-70.362155,-13.034577],[-70.362509,-13.034809],[-70.364731,-13.03748],[-70.364806,-13.037072],[-70.367085,-13.038954],[-70.367447,-13.038774],[-70.367312,-13.038448]]]},"properties":{"id":"agua-2166","nombre":null,"tipo":"Pantano","FUENTE":"Gobierno Regional Madre de Dios","FECREG":"2020-01-27","TIPMAG":3,"NOMMAG":null}},{"type":"Feature","geometry":{"type":"Polygon","coordinates":[[[-70.080544,-12.552097],[-70.081065,-12.552453],[-70.082882,-12.552409],[-70.084949,-12.551683],[-70.085949,-12.550812],[-70.085158,-12.550755],[-70.082849,-12.551931],[-70.081588,-12.551917],[-70.080538,-12.551319],[-70.079835,-12.550446],[-70.079532,-12.549237],[-70.079729,-12.547903],[-70.080419,-12.547348],[-70.082851,-12.546429],[-70.08314,-12.545711],[-70.081434,-12.545913],[-70.080513,-12.546439],[-70.080121,-12.546444],[-70.079344,-12.54695],[-70.079006,-12.547525],[-70.079252,-12.5505],[-70.080544,-12.552097]]]},"properties":{"id":"agua-2167","nombre":null,"tipo":"Pantano","FUENTE":"Gobierno Regional Madre de Dios","FECREG":"2020-01-27","TIPMAG":3,"NOMMAG":null}},{"type":"Feature","geometry":{"type":"Polygon","coordinates":[[[-70.125408,-12.504736],[-70.125022,-12.505676],[-70.125837,-12.507459],[-70.126158,-12.508854],[-70.126019,-12.509044],[-70.12619,-12.510174],[-70.12652,-12.510284],[-70.126718,-12.509809],[-70.126712,-12.508749],[-70.126308,-12.507192],[-70.125606,-12.505937],[-70.125682,-12.505384],[-70.125887,-12.504987],[-70.126596,-12.504683],[-70.12796,-12.505048],[-70.128511,-12.505728],[-70.128514,-12.506517],[-70.128188,-12.507021],[-70.128189,-12.507236],[-70.128518,-12.507306],[-70.128809,-12.506982],[-70.128984,-12.505438],[-70.128251,-12.504688],[-70.127083,-12.50423],[-70.126232,-12.504243],[-70.125408,-12.504736]]]},"properties":{"id":"agua-2168","nombre":null,"tipo":"Pantano","FUENTE":"Gobierno Regional Madre de Dios","FECREG":"2020-01-27","TIPMAG":3,"NOMMAG":null}},{"type":"Feature","geometry":{"type":"Polygon","coordinates":[[[-70.271325,-12.322479],[-70.270334,-12.322874],[-70.269867,-12.323349],[-70.269738,-12.324188],[-70.270012,-12.324927],[-70.270906,-12.32603],[-70.272049,-12.326697],[-70.273518,-12.32687],[-70.27358,-12.326475],[-70.271987,-12.326193],[-70.271558,-12.32592],[-70.270342,-12.324582],[-70.270154,-12.32389],[-70.270584,-12.323209],[-70.271228,-12.322925],[-70.271684,-12.322932],[-70.272197,-12.323253],[-70.272441,-12.322893],[-70.272184,-12.322553],[-70.271325,-12.322479]]]},"properties":{"id":"agua-2169","nombre":null,"tipo":"Pantano","FUENTE":"Gobierno Regional Madre de Dios","FECREG":"2020-01-27","TIPMAG":3,"NOMMAG":null}},{"type":"Feature","geometry":{"type":"Polygon","coordinates":[[[-70.246214,-12.386773],[-70.246127,-12.386572],[-70.245776,-12.38672],[-70.245108,-12.387446],[-70.245156,-12.388577],[-70.24601,-12.390182],[-70.246597,-12.390897],[-70.247118,-12.39134],[-70.24795,-12.391257],[-70.246955,-12.390454],[-70.246204,-12.389463],[-70.24587,-12.388689],[-70.245963,-12.387945],[-70.245801,-12.387505],[-70.246214,-12.386773]]]},"properties":{"id":"agua-2170","nombre":null,"tipo":"Pantano","FUENTE":"Gobierno Regional Madre de Dios","FECREG":"2020-01-27","TIPMAG":3,"NOMMAG":null}},{"type":"Feature","geometry":{"type":"Polygon","coordinates":[[[-70.322748,-12.232781],[-70.320926,-12.232466],[-70.320488,-12.232696],[-70.320527,-12.232862],[-70.322727,-12.233181],[-70.323595,-12.233618],[-70.324197,-12.232989],[-70.324227,-12.232402],[-70.323726,-12.23025],[-70.323269,-12.229771],[-70.32283,-12.229767],[-70.323552,-12.230509],[-70.323746,-12.232653],[-70.323609,-12.232919],[-70.323266,-12.233025],[-70.322748,-12.232781]]]},"properties":{"id":"agua-2171","nombre":null,"tipo":"Pantano","FUENTE":"Gobierno Regional Madre de Dios","FECREG":"2020-01-27","TIPMAG":3,"NOMMAG":null}},{"type":"Feature","geometry":{"type":"Polygon","coordinates":[[[-70.342545,-12.202122],[-70.344879,-12.20517],[-70.344875,-12.204309],[-70.344133,-12.203182],[-70.343806,-12.203093],[-70.343572,-12.202712],[-70.343586,-12.202361],[-70.342915,-12.201617],[-70.342276,-12.201177],[-70.341212,-12.200882],[-70.340142,-12.201174],[-70.338751,-12.202632],[-70.338781,-12.204206],[-70.337931,-12.206448],[-70.337972,-12.207278],[-70.338182,-12.207607],[-70.339238,-12.208217],[-70.339317,-12.207949],[-70.338933,-12.207875],[-70.338601,-12.207571],[-70.338344,-12.206752],[-70.339243,-12.204288],[-70.339418,-12.202814],[-70.339783,-12.20223],[-70.340402,-12.20172],[-70.341674,-12.201653],[-70.342545,-12.202122]]]},"properties":{"id":"agua-2172","nombre":null,"tipo":"Pantano","FUENTE":"Gobierno Regional Madre de Dios","FECREG":"2020-01-27","TIPMAG":3,"NOMMAG":null}},{"type":"Feature","geometry":{"type":"Polygon","coordinates":[[[-70.397696,-12.155792],[-70.396975,-12.157362],[-70.396922,-12.158165],[-70.397215,-12.159095],[-70.398118,-12.159796],[-70.399058,-12.159917],[-70.400594,-12.159054],[-70.401886,-12.157185],[-70.401657,-12.156461],[-70.401206,-12.157508],[-70.400719,-12.157835],[-70.399876,-12.159022],[-70.398712,-12.15953],[-70.397749,-12.158997],[-70.397589,-12.158639],[-70.397485,-12.1573],[-70.39805,-12.156149],[-70.397927,-12.15585],[-70.397696,-12.155792]]]},"properties":{"id":"agua-2173","nombre":null,"tipo":"Pantano","FUENTE":"Gobierno Regional Madre de Dios","FECREG":"2020-01-27","TIPMAG":3,"NOMMAG":null}},{"type":"Feature","geometry":{"type":"Polygon","coordinates":[[[-70.473082,-12.130877],[-70.473949,-12.131242],[-70.475407,-12.131282],[-70.476401,-12.131928],[-70.476477,-12.132502],[-70.476152,-12.133078],[-70.475462,-12.133584],[-70.473491,-12.133199],[-70.472833,-12.132916],[-70.471793,-12.131816],[-70.471668,-12.132057],[-70.472161,-12.132825],[-70.473159,-12.133567],[-70.474182,-12.133944],[-70.47541,-12.13389],[-70.476217,-12.133526],[-70.476922,-12.13259],[-70.47671,-12.131598],[-70.476186,-12.131146],[-70.47341,-12.130803],[-70.473082,-12.130877]]]},"properties":{"id":"agua-2174","nombre":null,"tipo":"Pantano","FUENTE":"Gobierno Regional Madre de Dios","FECREG":"2020-01-27","TIPMAG":3,"NOMMAG":null}},{"type":"Feature","geometry":{"type":"MultiPolygon","coordinates":[[[[-70.253505,-12.416473],[-70.253529,-12.416472],[-70.253555,-12.416452],[-70.253505,-12.416473]]],[[[-70.253481,-12.416474],[-70.252679,-12.416898],[-70.251919,-12.416965],[-70.251168,-12.416873],[-70.250598,-12.416485],[-70.250329,-12.415857],[-70.250382,-12.414919],[-70.250659,-12.414356],[-70.251338,-12.413886],[-70.25107,-12.413756],[-70.249867,-12.414192],[-70.24959,-12.414683],[-70.249568,-12.415293],[-70.249938,-12.416446],[-70.250798,-12.417314],[-70.252779,-12.41742],[-70.25407,-12.416752],[-70.254066,-12.416528],[-70.253481,-12.416474]]]]},"properties":{"id":"agua-2175","nombre":"CUTIPA","tipo":"Laguna","FUENTE":"Gobierno Regional Madre de Dios","FECREG":"2020-01-27","TIPMAG":2,"NOMMAG":"CUTIPA"}},{"type":"Feature","geometry":{"type":"Polygon","coordinates":[[[-69.786854,-13.005194],[-69.786032,-13.004507],[-69.784723,-13.004071],[-69.782896,-13.003129],[-69.780501,-13.002329],[-69.779891,-13.002331],[-69.779099,-13.002657],[-69.778258,-13.003102],[-69.778113,-13.003437],[-69.782066,-13.003904],[-69.782374,-13.00468],[-69.782863,-13.004882],[-69.783292,-13.005491],[-69.784293,-13.00593],[-69.786724,-13.005731],[-69.786914,-13.005481],[-69.786854,-13.005194]]]},"properties":{"id":"agua-2176","nombre":null,"tipo":"Pantano","FUENTE":"Gobierno Regional Madre de Dios","FECREG":"2020-01-27","TIPMAG":3,"NOMMAG":null}},{"type":"Feature","geometry":{"type":"Polygon","coordinates":[[[-69.70101,-12.970643],[-69.700085,-12.970032],[-69.699629,-12.969472],[-69.699568,-12.968618],[-69.700553,-12.966109],[-69.70057,-12.965702],[-69.700213,-12.965703],[-69.699777,-12.966298],[-69.699291,-12.967489],[-69.698828,-12.969476],[-69.699045,-12.970034],[-69.699541,-12.970568],[-69.700855,-12.971406],[-69.701427,-12.971544],[-69.702645,-12.971372],[-69.702653,-12.97083],[-69.702264,-12.97056],[-69.70101,-12.970643]]]},"properties":{"id":"agua-2177","nombre":null,"tipo":"Pantano","FUENTE":"Gobierno Regional Madre de Dios","FECREG":"2020-01-27","TIPMAG":3,"NOMMAG":null}},{"type":"Feature","geometry":{"type":"Polygon","coordinates":[[[-69.677614,-12.948221],[-69.67537,-12.947258],[-69.674392,-12.946454],[-69.674213,-12.946788],[-69.674328,-12.947071],[-69.67565,-12.94799],[-69.677731,-12.948817],[-69.679472,-12.948597],[-69.679998,-12.94838],[-69.681287,-12.94742],[-69.68127,-12.946996],[-69.680929,-12.946843],[-69.679319,-12.947951],[-69.677614,-12.948221]]]},"properties":{"id":"agua-2178","nombre":null,"tipo":"Pantano","FUENTE":"Gobierno Regional Madre de Dios","FECREG":"2020-01-27","TIPMAG":3,"NOMMAG":null}},{"type":"Feature","geometry":{"type":"Polygon","coordinates":[[[-69.624312,-12.918229],[-69.623644,-12.920183],[-69.623676,-12.921461],[-69.624177,-12.922694],[-69.626274,-12.924369],[-69.626727,-12.924411],[-69.626946,-12.924008],[-69.624907,-12.921903],[-69.624593,-12.919348],[-69.624738,-12.91886],[-69.625176,-12.918328],[-69.625935,-12.917766],[-69.626491,-12.917578],[-69.626959,-12.917759],[-69.628218,-12.918984],[-69.629025,-12.920911],[-69.629089,-12.922562],[-69.629258,-12.922762],[-69.629644,-12.922648],[-69.630464,-12.92196],[-69.630587,-12.921537],[-69.630327,-12.921185],[-69.630332,-12.920547],[-69.629754,-12.918727],[-69.629339,-12.918111],[-69.627984,-12.916815],[-69.626737,-12.916491],[-69.625606,-12.916716],[-69.624312,-12.918229]]]},"properties":{"id":"agua-2179","nombre":null,"tipo":"Pantano","FUENTE":"Gobierno Regional Madre de Dios","FECREG":"2020-01-27","TIPMAG":3,"NOMMAG":null}},{"type":"Feature","geometry":{"type":"Polygon","coordinates":[[[-69.356276,-12.898402],[-69.3578,-12.898095],[-69.360996,-12.896518],[-69.363573,-12.894988],[-69.365294,-12.894246],[-69.366314,-12.89401],[-69.366605,-12.893659],[-69.366505,-12.892927],[-69.365774,-12.892102],[-69.365298,-12.892178],[-69.359716,-12.894727],[-69.358424,-12.895154],[-69.35437,-12.897123],[-69.354281,-12.897413],[-69.354458,-12.89767],[-69.355138,-12.898113],[-69.356276,-12.898402]]]},"properties":{"id":"agua-2180","nombre":null,"tipo":"Pantano","FUENTE":"Gobierno Regional Madre de Dios","FECREG":"2020-01-27","TIPMAG":3,"NOMMAG":null}},{"type":"Feature","geometry":{"type":"Polygon","coordinates":[[[-69.294142,-12.865688],[-69.293971,-12.865113],[-69.293766,-12.865472],[-69.29385,-12.866147],[-69.294728,-12.866749],[-69.295752,-12.866748],[-69.296908,-12.866173],[-69.297593,-12.864593],[-69.29771,-12.863803],[-69.297621,-12.863243],[-69.296777,-12.861471],[-69.296702,-12.860812],[-69.296994,-12.860645],[-69.297199,-12.860243],[-69.296876,-12.859985],[-69.296759,-12.859942],[-69.296388,-12.860415],[-69.29637,-12.861348],[-69.29644,-12.861988],[-69.296932,-12.862902],[-69.297227,-12.863976],[-69.296965,-12.864952],[-69.296366,-12.865872],[-69.295576,-12.866217],[-69.294728,-12.866218],[-69.294142,-12.865688]]]},"properties":{"id":"agua-2181","nombre":null,"tipo":"Pantano","FUENTE":"Gobierno Regional Madre de Dios","FECREG":"2020-01-27","TIPMAG":3,"NOMMAG":null}},{"type":"Feature","geometry":{"type":"Polygon","coordinates":[[[-69.249107,-12.814766],[-69.249203,-12.815167],[-69.249512,-12.815452],[-69.251202,-12.815809],[-69.253566,-12.817247],[-69.254213,-12.81742],[-69.255825,-12.817441],[-69.257707,-12.818232],[-69.258576,-12.818346],[-69.26185,-12.818282],[-69.264365,-12.817687],[-69.267401,-12.817381],[-69.271469,-12.815842],[-69.272724,-12.815718],[-69.272813,-12.815467],[-69.272541,-12.815266],[-69.271248,-12.815123],[-69.270402,-12.814745],[-69.269586,-12.814683],[-69.267843,-12.81471],[-69.266348,-12.815307],[-69.257424,-12.815215],[-69.255712,-12.815529],[-69.254961,-12.815315],[-69.254044,-12.814753],[-69.252824,-12.814457],[-69.251242,-12.814452],[-69.250157,-12.814689],[-69.249338,-12.814356],[-69.249107,-12.814766]]]},"properties":{"id":"agua-2182","nombre":null,"tipo":"Laguna","FUENTE":"Gobierno Regional Madre de Dios","FECREG":"2020-01-27","TIPMAG":2,"NOMMAG":null}},{"type":"Feature","geometry":{"type":"Polygon","coordinates":[[[-69.335028,-12.787361],[-69.333512,-12.786932],[-69.331025,-12.786648],[-69.325954,-12.786607],[-69.326493,-12.788185],[-69.326348,-12.789142],[-69.327761,-12.788758],[-69.328687,-12.788756],[-69.333125,-12.78966],[-69.334663,-12.789473],[-69.33656,-12.790231],[-69.342185,-12.791368],[-69.344515,-12.791357],[-69.346133,-12.791049],[-69.346865,-12.790781],[-69.347769,-12.790133],[-69.350591,-12.787086],[-69.350919,-12.78606],[-69.351217,-12.782653],[-69.351654,-12.781815],[-69.351896,-12.78038],[-69.350822,-12.779544],[-69.350408,-12.779664],[-69.350778,-12.782487],[-69.350487,-12.78354],[-69.349159,-12.785932],[-69.347793,-12.787241],[-69.346388,-12.788266],[-69.344415,-12.788899],[-69.34259,-12.788901],[-69.340523,-12.78855],[-69.337036,-12.787369],[-69.335028,-12.787361]]]},"properties":{"id":"agua-2183","nombre":null,"tipo":"Pantano","FUENTE":"Gobierno Regional Madre de Dios","FECREG":"2020-01-27","TIPMAG":3,"NOMMAG":null}},{"type":"Feature","geometry":{"type":"Polygon","coordinates":[[[-69.796811,-12.702408],[-69.795284,-12.702493],[-69.794489,-12.702888],[-69.793323,-12.70293],[-69.793028,-12.703078],[-69.792915,-12.703471],[-69.793026,-12.703854],[-69.793691,-12.703976],[-69.794457,-12.703749],[-69.797198,-12.704171],[-69.798105,-12.704079],[-69.799975,-12.704971],[-69.801201,-12.706416],[-69.801994,-12.70847],[-69.802341,-12.710173],[-69.802366,-12.712366],[-69.801,-12.717634],[-69.800686,-12.720193],[-69.799862,-12.723248],[-69.798933,-12.724966],[-69.798418,-12.725662],[-69.797146,-12.72662],[-69.795144,-12.727501],[-69.793571,-12.727901],[-69.791609,-12.727852],[-69.790051,-12.727267],[-69.788635,-12.72647],[-69.786161,-12.723458],[-69.785627,-12.722092],[-69.784733,-12.720661],[-69.784313,-12.720828],[-69.784138,-12.721246],[-69.78415,-12.722916],[-69.784838,-12.724413],[-69.786952,-12.726864],[-69.788615,-12.72795],[-69.7906,-12.72875],[-69.791432,-12.728845],[-69.793186,-12.729715],[-69.795985,-12.729128],[-69.797781,-12.728194],[-69.798677,-12.727522],[-69.798929,-12.727294],[-69.799248,-12.726242],[-69.800476,-12.72553],[-69.802168,-12.722922],[-69.802805,-12.721181],[-69.802445,-12.720148],[-69.802804,-12.719358],[-69.804264,-12.711729],[-69.80427,-12.710044],[-69.803732,-12.70902],[-69.803221,-12.70726],[-69.802594,-12.706199],[-69.802179,-12.704999],[-69.801177,-12.704074],[-69.800583,-12.703079],[-69.800316,-12.703039],[-69.799829,-12.70332],[-69.799019,-12.702951],[-69.797826,-12.702848],[-69.796811,-12.702408]]]},"properties":{"id":"agua-2184","nombre":"INAMBARILLO","tipo":"Laguna","FUENTE":"Gobierno Regional Madre de Dios","FECREG":"2020-01-27","TIPMAG":2,"NOMMAG":"INAMBARILLO"}},{"type":"Feature","geometry":{"type":"Polygon","coordinates":[[[-69.69928,-12.675933],[-69.697791,-12.675742],[-69.697634,-12.675958],[-69.697963,-12.67628],[-69.701327,-12.67675],[-69.702558,-12.677216],[-69.70363,-12.676911],[-69.705301,-12.677684],[-69.705056,-12.677003],[-69.703878,-12.676385],[-69.702274,-12.675889],[-69.702034,-12.675455],[-69.701273,-12.67515],[-69.700434,-12.675153],[-69.700006,-12.675383],[-69.69989,-12.675767],[-69.69928,-12.675933]]]},"properties":{"id":"agua-2185","nombre":null,"tipo":"Pantano","FUENTE":"Gobierno Regional Madre de Dios","FECREG":"2020-01-27","TIPMAG":3,"NOMMAG":null}},{"type":"Feature","geometry":{"type":"Polygon","coordinates":[[[-69.69608,-12.675575],[-69.695742,-12.67538],[-69.695631,-12.674914],[-69.695241,-12.674879],[-69.694972,-12.674533],[-69.693656,-12.674512],[-69.692703,-12.675153],[-69.692085,-12.675237],[-69.692146,-12.676343],[-69.692804,-12.676298],[-69.693682,-12.676683],[-69.694039,-12.676378],[-69.695792,-12.676169],[-69.696029,-12.676018],[-69.69608,-12.675575]]]},"properties":{"id":"agua-2186","nombre":null,"tipo":"Pantano","FUENTE":"Gobierno Regional Madre de Dios","FECREG":"2020-01-27","TIPMAG":3,"NOMMAG":null}},{"type":"Feature","geometry":{"type":"MultiPolygon","coordinates":[[[[-69.89152,-12.671609],[-69.890965,-12.673118],[-69.891406,-12.673906],[-69.893576,-12.674258],[-69.897693,-12.674148],[-69.898911,-12.673516],[-69.900176,-12.673494],[-69.901783,-12.67313],[-69.901806,-12.672914],[-69.900049,-12.671963],[-69.899635,-12.67206],[-69.89949,-12.672276],[-69.898898,-12.672079],[-69.89878,-12.671441],[-69.897986,-12.67143],[-69.897292,-12.670992],[-69.896415,-12.670947],[-69.896002,-12.671163],[-69.895568,-12.67176],[-69.895169,-12.671846],[-69.892562,-12.669883],[-69.891588,-12.670221],[-69.89152,-12.671609]]],[[[-69.888315,-12.667696],[-69.889021,-12.667622],[-69.889333,-12.666114],[-69.889331,-12.665588],[-69.888766,-12.664393],[-69.888088,-12.663499],[-69.887213,-12.662774],[-69.886878,-12.662177],[-69.886298,-12.66179],[-69.885414,-12.661584],[-69.884502,-12.662035],[-69.884078,-12.662724],[-69.88417,-12.662993],[-69.885329,-12.66395],[-69.885902,-12.664181],[-69.886567,-12.665466],[-69.887152,-12.665899],[-69.887508,-12.666838],[-69.888265,-12.667386],[-69.888315,-12.667696]]],[[[-69.890041,-12.66103],[-69.891019,-12.661834],[-69.891628,-12.661952],[-69.897516,-12.661818],[-69.899417,-12.661452],[-69.900254,-12.661456],[-69.901226,-12.661867],[-69.902299,-12.661788],[-69.904783,-12.662686],[-69.905435,-12.66348],[-69.905968,-12.664773],[-69.906082,-12.665796],[-69.905258,-12.66669],[-69.904139,-12.668937],[-69.903501,-12.669418],[-69.903746,-12.669865],[-69.904173,-12.669834],[-69.904537,-12.669384],[-69.905813,-12.668542],[-69.906245,-12.667958],[-69.907057,-12.667672],[-69.907874,-12.666595],[-69.908031,-12.665617],[-69.907914,-12.664253],[-69.906725,-12.662004],[-69.905908,-12.661438],[-69.905299,-12.660689],[-69.904456,-12.660021],[-69.903253,-12.659382],[-69.902365,-12.65923],[-69.898588,-12.659283],[-69.897427,-12.659713],[-69.8965,-12.65956],[-69.895278,-12.659983],[-69.893378,-12.660188],[-69.891833,-12.659469],[-69.889944,-12.659266],[-69.889702,-12.659685],[-69.890041,-12.66103]]]]},"properties":{"id":"agua-2187","nombre":"VUELTA GRANDE","tipo":"Laguna","FUENTE":"Gobierno Regional Madre de Dios","FECREG":"2020-01-27","TIPMAG":2,"NOMMAG":"VUELTA GRANDE"}},{"type":"Feature","geometry":{"type":"Polygon","coordinates":[[[-69.492898,-12.662393],[-69.493163,-12.661976],[-69.492773,-12.661881],[-69.491995,-12.662658],[-69.491849,-12.663022],[-69.492312,-12.663923],[-69.491484,-12.664549],[-69.491477,-12.664897],[-69.49172,-12.665128],[-69.492039,-12.665218],[-69.492659,-12.66505],[-69.493985,-12.663726],[-69.494267,-12.663218],[-69.494596,-12.660562],[-69.494311,-12.660587],[-69.493812,-12.662036],[-69.493512,-12.6624],[-69.492898,-12.662393]]]},"properties":{"id":"agua-2188","nombre":null,"tipo":"Pantano","FUENTE":"Gobierno Regional Madre de Dios","FECREG":"2020-01-27","TIPMAG":3,"NOMMAG":null}},{"type":"Feature","geometry":{"type":"Polygon","coordinates":[[[-69.532977,-12.651793],[-69.532185,-12.652844],[-69.531994,-12.652815],[-69.531472,-12.653304],[-69.531385,-12.65399],[-69.531493,-12.654449],[-69.531816,-12.654839],[-69.532728,-12.65507],[-69.533226,-12.654726],[-69.533571,-12.653858],[-69.533721,-12.653077],[-69.533373,-12.652376],[-69.533412,-12.651956],[-69.532977,-12.651793]]]},"properties":{"id":"agua-2189","nombre":null,"tipo":"Pantano","FUENTE":"Gobierno Regional Madre de Dios","FECREG":"2020-01-27","TIPMAG":3,"NOMMAG":null}},{"type":"Feature","geometry":{"type":"Polygon","coordinates":[[[-69.536302,-12.648481],[-69.535081,-12.649585],[-69.534832,-12.649528],[-69.534304,-12.648539],[-69.533953,-12.648827],[-69.533528,-12.648339],[-69.533192,-12.64834],[-69.533061,-12.648527],[-69.53331,-12.648742],[-69.53296,-12.649345],[-69.533986,-12.650434],[-69.533885,-12.651095],[-69.534942,-12.651335],[-69.535614,-12.651115],[-69.536302,-12.648481]]]},"properties":{"id":"agua-2190","nombre":null,"tipo":"Pantano","FUENTE":"Gobierno Regional Madre de Dios","FECREG":"2020-01-27","TIPMAG":3,"NOMMAG":null}},{"type":"Feature","geometry":{"type":"MultiPolygon","coordinates":[[[[-69.950888,-12.655872],[-69.952185,-12.653514],[-69.955794,-12.650274],[-69.958309,-12.648507],[-69.96079,-12.647457],[-69.9613,-12.646881],[-69.961294,-12.64603],[-69.962257,-12.642766],[-69.96153,-12.640307],[-69.960492,-12.638853],[-69.958767,-12.637191],[-69.957937,-12.636646],[-69.956961,-12.63629],[-69.956509,-12.636304],[-69.955864,-12.637528],[-69.956344,-12.637924],[-69.957533,-12.638456],[-69.959331,-12.639954],[-69.960168,-12.642084],[-69.960083,-12.643758],[-69.959893,-12.644124],[-69.959252,-12.644622],[-69.958957,-12.645929],[-69.958477,-12.646478],[-69.957812,-12.646911],[-69.956177,-12.647375],[-69.954603,-12.648491],[-69.953204,-12.649606],[-69.951689,-12.651046],[-69.951437,-12.651526],[-69.950563,-12.652199],[-69.950487,-12.652907],[-69.951076,-12.653843],[-69.950437,-12.655127],[-69.950635,-12.655816],[-69.950888,-12.655872]]],[[[-69.952084,-12.636222],[-69.950857,-12.636284],[-69.948908,-12.637148],[-69.948443,-12.637116],[-69.946985,-12.638193],[-69.94483,-12.640401],[-69.943786,-12.642548],[-69.944098,-12.6427],[-69.945089,-12.64174],[-69.946082,-12.641507],[-69.947151,-12.640795],[-69.947598,-12.640372],[-69.947844,-12.639836],[-69.949177,-12.638489],[-69.950006,-12.637922],[-69.950576,-12.637129],[-69.952084,-12.636222]]]]},"properties":{"id":"agua-2191","nombre":"PATOCOCHA","tipo":"Laguna","FUENTE":"Gobierno Regional Madre de Dios","FECREG":"2020-01-27","TIPMAG":2,"NOMMAG":"PATOCOCHA"}},{"type":"Feature","geometry":{"type":"Polygon","coordinates":[[[-70.055314,-12.630556],[-70.056158,-12.628764],[-70.057316,-12.627618],[-70.057457,-12.627206],[-70.057093,-12.627262],[-70.05789,-12.626061],[-70.057377,-12.625812],[-70.056679,-12.624881],[-70.056387,-12.624954],[-70.055514,-12.625819],[-70.054933,-12.626754],[-70.053878,-12.627943],[-70.053517,-12.628985],[-70.052607,-12.629885],[-70.050239,-12.631545],[-70.047759,-12.632596],[-70.0452,-12.632498],[-70.04308,-12.632183],[-70.041068,-12.631653],[-70.038761,-12.630514],[-70.037953,-12.62944],[-70.037621,-12.628544],[-70.037182,-12.628439],[-70.036817,-12.628476],[-70.036708,-12.628835],[-70.036354,-12.631671],[-70.037016,-12.632602],[-70.038006,-12.633459],[-70.040789,-12.634884],[-70.044993,-12.635513],[-70.046638,-12.635507],[-70.048902,-12.635103],[-70.052146,-12.633368],[-70.055314,-12.630556]]]},"properties":{"id":"agua-2192","nombre":null,"tipo":"Pantano","FUENTE":"Gobierno Regional Madre de Dios","FECREG":"2020-01-27","TIPMAG":3,"NOMMAG":null}},{"type":"Feature","geometry":{"type":"Polygon","coordinates":[[[-70.039258,-12.625703],[-70.04024,-12.627403],[-70.042681,-12.628656],[-70.044318,-12.628822],[-70.045994,-12.628739],[-70.048134,-12.627831],[-70.049512,-12.626543],[-70.049665,-12.625873],[-70.050149,-12.625067],[-70.050063,-12.623116],[-70.049749,-12.622619],[-70.049398,-12.622448],[-70.048894,-12.623063],[-70.048411,-12.624117],[-70.04674,-12.625444],[-70.046117,-12.625523],[-70.044872,-12.626026],[-70.043468,-12.625725],[-70.042472,-12.625346],[-70.039932,-12.623595],[-70.038365,-12.621688],[-70.036933,-12.619205],[-70.036813,-12.618517],[-70.036579,-12.618537],[-70.036273,-12.619839],[-70.036728,-12.621541],[-70.037413,-12.622438],[-70.038878,-12.623236],[-70.039258,-12.625703]]]},"properties":{"id":"agua-2193","nombre":null,"tipo":"Pantano","FUENTE":"Gobierno Regional Madre de Dios","FECREG":"2020-01-27","TIPMAG":3,"NOMMAG":null}},{"type":"Feature","geometry":{"type":"MultiPolygon","coordinates":[[[[-70.022553,-12.640102],[-70.018928,-12.640077],[-70.017426,-12.639662],[-70.016627,-12.639665],[-70.016336,-12.640125],[-70.018156,-12.641956],[-70.019054,-12.642239],[-70.02069,-12.642195],[-70.022504,-12.642571],[-70.023517,-12.642394],[-70.024568,-12.64195],[-70.025754,-12.641372],[-70.026706,-12.640507],[-70.027426,-12.640408],[-70.027541,-12.63991],[-70.027306,-12.639413],[-70.027478,-12.638705],[-70.027302,-12.638457],[-70.02526,-12.639555],[-70.022553,-12.640102]]],[[[-70.033734,-12.635245],[-70.034417,-12.635021],[-70.034745,-12.634021],[-70.035073,-12.63193],[-70.03585,-12.629894],[-70.035827,-12.628833],[-70.035183,-12.626952],[-70.03381,-12.624959],[-70.031328,-12.622608],[-70.029889,-12.621755],[-70.02835,-12.621196],[-70.02716,-12.621147],[-70.026737,-12.621342],[-70.028857,-12.621922],[-70.031324,-12.623694],[-70.03316,-12.625721],[-70.034174,-12.627247],[-70.034692,-12.62871],[-70.034679,-12.629643],[-70.033991,-12.631655],[-70.033272,-12.632903],[-70.032826,-12.634262],[-70.03298,-12.634923],[-70.033734,-12.635245]]]]},"properties":{"id":"agua-2194","nombre":"CARACOL","tipo":"Laguna","FUENTE":"Gobierno Regional Madre de Dios","FECREG":"2020-01-27","TIPMAG":2,"NOMMAG":"CARACOL"}},{"type":"Feature","geometry":{"type":"Polygon","coordinates":[[[-69.502253,-12.6229],[-69.501003,-12.622797],[-69.500819,-12.623103],[-69.501014,-12.623553],[-69.500849,-12.623763],[-69.49891,-12.623815],[-69.498355,-12.624161],[-69.498512,-12.624572],[-69.500782,-12.624462],[-69.502164,-12.624023],[-69.502184,-12.623627],[-69.502446,-12.62333],[-69.502253,-12.6229]]]},"properties":{"id":"agua-2195","nombre":null,"tipo":"Pantano","FUENTE":"Gobierno Regional Madre de Dios","FECREG":"2020-01-27","TIPMAG":3,"NOMMAG":null}},{"type":"Feature","geometry":{"type":"Polygon","coordinates":[[[-69.528572,-12.616353],[-69.52816,-12.616963],[-69.528055,-12.61766],[-69.529554,-12.617261],[-69.530029,-12.616442],[-69.530358,-12.616296],[-69.531244,-12.616763],[-69.532004,-12.616818],[-69.53432,-12.616252],[-69.534522,-12.616086],[-69.534502,-12.61538],[-69.534906,-12.614599],[-69.534786,-12.613712],[-69.534435,-12.613552],[-69.533059,-12.613895],[-69.531129,-12.614912],[-69.52967,-12.615415],[-69.528572,-12.616353]]]},"properties":{"id":"agua-2196","nombre":null,"tipo":"Pantano","FUENTE":"Gobierno Regional Madre de Dios","FECREG":"2020-01-27","TIPMAG":3,"NOMMAG":null}},{"type":"Feature","geometry":{"type":"Polygon","coordinates":[[[-69.504888,-12.620812],[-69.505281,-12.620739],[-69.505711,-12.62026],[-69.505646,-12.620015],[-69.506083,-12.619429],[-69.506036,-12.6187],[-69.506383,-12.617671],[-69.506892,-12.616938],[-69.506145,-12.615993],[-69.506254,-12.614428],[-69.505765,-12.61391],[-69.505373,-12.613862],[-69.505293,-12.614656],[-69.50561,-12.616057],[-69.50562,-12.618148],[-69.504846,-12.620504],[-69.504888,-12.620812]]]},"properties":{"id":"agua-2197","nombre":null,"tipo":"Pantano","FUENTE":"Gobierno Regional Madre de Dios","FECREG":"2020-01-27","TIPMAG":3,"NOMMAG":null}},{"type":"Feature","geometry":{"type":"Polygon","coordinates":[[[-69.540705,-12.630119],[-69.541379,-12.628768],[-69.541913,-12.628564],[-69.542798,-12.627705],[-69.543784,-12.627048],[-69.545508,-12.6264],[-69.546359,-12.625651],[-69.546663,-12.625172],[-69.546457,-12.624561],[-69.547481,-12.623094],[-69.548137,-12.621559],[-69.548474,-12.619034],[-69.548404,-12.617524],[-69.546668,-12.613179],[-69.54642,-12.611326],[-69.545657,-12.61049],[-69.544987,-12.610132],[-69.54453,-12.610133],[-69.544104,-12.610403],[-69.541911,-12.609899],[-69.540267,-12.610082],[-69.539323,-12.610383],[-69.538412,-12.611551],[-69.537956,-12.611821],[-69.537409,-12.61248],[-69.53738,-12.613019],[-69.537655,-12.613198],[-69.539396,-12.612588],[-69.540351,-12.613243],[-69.541257,-12.613094],[-69.54226,-12.613323],[-69.542967,-12.61399],[-69.5446,-12.614762],[-69.545042,-12.616019],[-69.545319,-12.617664],[-69.545746,-12.618052],[-69.54531,-12.618984],[-69.545312,-12.620031],[-69.544949,-12.621168],[-69.543614,-12.623414],[-69.542064,-12.624852],[-69.540544,-12.625932],[-69.539876,-12.626801],[-69.539603,-12.627459],[-69.538934,-12.628148],[-69.538082,-12.62824],[-69.537748,-12.628719],[-69.538481,-12.629645],[-69.540126,-12.63009],[-69.540705,-12.630119]]]},"properties":{"id":"agua-2198","nombre":null,"tipo":"Laguna","FUENTE":"Gobierno Regional Madre de Dios","FECREG":"2020-01-27","TIPMAG":2,"NOMMAG":null}},{"type":"Feature","geometry":{"type":"Polygon","coordinates":[[[-69.97965,-12.608435],[-69.977585,-12.608535],[-69.976575,-12.608828],[-69.975093,-12.609787],[-69.973247,-12.611924],[-69.971619,-12.61449],[-69.970878,-12.61701],[-69.97135,-12.620005],[-69.972077,-12.620825],[-69.975075,-12.622571],[-69.977699,-12.623231],[-69.978304,-12.623523],[-69.980225,-12.625337],[-69.98136,-12.627355],[-69.981917,-12.628714],[-69.983778,-12.637146],[-69.98478,-12.639385],[-69.986407,-12.641334],[-69.987844,-12.642415],[-69.989936,-12.643667],[-69.992892,-12.644694],[-69.995284,-12.644713],[-69.997793,-12.64402],[-69.998202,-12.643745],[-69.998274,-12.643327],[-69.997535,-12.641587],[-69.996739,-12.640828],[-69.996123,-12.640615],[-69.994997,-12.640594],[-69.993115,-12.640906],[-69.990211,-12.640328],[-69.9888,-12.639804],[-69.987736,-12.639019],[-69.986681,-12.637704],[-69.98617,-12.636317],[-69.984972,-12.631171],[-69.983697,-12.627325],[-69.981839,-12.624471],[-69.980066,-12.622725],[-69.977471,-12.61912],[-69.976988,-12.617934],[-69.976895,-12.616685],[-69.97693,-12.615688],[-69.977305,-12.614727],[-69.980301,-12.612135],[-69.981149,-12.611905],[-69.982268,-12.611986],[-69.98378,-12.613096],[-69.984349,-12.613271],[-69.984993,-12.613148],[-69.985655,-12.612591],[-69.984213,-12.610764],[-69.98251,-12.609259],[-69.97965,-12.608435]],[[-69.977099,-12.621767],[-69.975487,-12.620963],[-69.974128,-12.619489],[-69.973883,-12.618427],[-69.973898,-12.616194],[-69.974285,-12.615262],[-69.975652,-12.6135],[-69.977036,-12.612547],[-69.978273,-12.612121],[-69.978566,-12.61225],[-69.978421,-12.612623],[-69.977276,-12.613587],[-69.976445,-12.614567],[-69.975842,-12.61699],[-69.975833,-12.618115],[-69.976293,-12.619954],[-69.976744,-12.620784],[-69.977499,-12.621315],[-69.977564,-12.621639],[-69.977099,-12.621767]]]},"properties":{"id":"agua-2199","nombre":"HUITOTO","tipo":"Laguna","FUENTE":"Gobierno Regional Madre de Dios","FECREG":"2020-01-27","TIPMAG":2,"NOMMAG":"HUITOTO"}},{"type":"Feature","geometry":{"type":"Polygon","coordinates":[[[-69.032098,-12.604258],[-69.034306,-12.607442],[-69.035072,-12.607813],[-69.035748,-12.608649],[-69.038065,-12.610166],[-69.039157,-12.610569],[-69.040538,-12.610817],[-69.042033,-12.610397],[-69.043059,-12.610852],[-69.04381,-12.610791],[-69.044349,-12.610051],[-69.044433,-12.609085],[-69.045484,-12.609455],[-69.04672,-12.60927],[-69.047463,-12.608827],[-69.047961,-12.608038],[-69.048079,-12.60563],[-69.047491,-12.603489],[-69.047773,-12.602085],[-69.047633,-12.601837],[-69.047134,-12.602157],[-69.046829,-12.602126],[-69.045979,-12.601466],[-69.045309,-12.601478],[-69.043537,-12.602655],[-69.03925,-12.604062],[-69.0383,-12.604138],[-69.037089,-12.604024],[-69.035818,-12.603547],[-69.034492,-12.60234],[-69.033998,-12.600862],[-69.033769,-12.599311],[-69.035104,-12.59641],[-69.035978,-12.595332],[-69.036101,-12.594855],[-69.035882,-12.594429],[-69.03549,-12.59414],[-69.034772,-12.594118],[-69.03418,-12.594737],[-69.033312,-12.595034],[-69.032642,-12.595524],[-69.032114,-12.597193],[-69.03107,-12.598589],[-69.030951,-12.598979],[-69.031197,-12.600138],[-69.031184,-12.601622],[-69.031574,-12.603244],[-69.032098,-12.604258]]]},"properties":{"id":"agua-2200","nombre":null,"tipo":"Laguna","FUENTE":"Gobierno Regional Madre de Dios","FECREG":"2020-01-27","TIPMAG":2,"NOMMAG":null}},{"type":"Feature","geometry":{"type":"Polygon","coordinates":[[[-69.33167,-12.587712],[-69.327727,-12.589045],[-69.327569,-12.58945],[-69.327054,-12.589316],[-69.326793,-12.589464],[-69.326355,-12.590186],[-69.327183,-12.59053],[-69.327633,-12.590961],[-69.329356,-12.590729],[-69.330619,-12.589986],[-69.333484,-12.589392],[-69.333419,-12.589132],[-69.33232,-12.588999],[-69.332231,-12.588655],[-69.331866,-12.588365],[-69.33167,-12.587712]]]},"properties":{"id":"agua-2201","nombre":null,"tipo":"Pantano","FUENTE":"Gobierno Regional Madre de Dios","FECREG":"2020-01-27","TIPMAG":3,"NOMMAG":null}},{"type":"Feature","geometry":{"type":"Polygon","coordinates":[[[-69.323381,-12.586501],[-69.323197,-12.586316],[-69.321969,-12.586684],[-69.323163,-12.587822],[-69.323915,-12.587831],[-69.324509,-12.587543],[-69.325652,-12.586053],[-69.325582,-12.585852],[-69.324781,-12.585975],[-69.324034,-12.586383],[-69.323381,-12.586501]]]},"properties":{"id":"agua-2202","nombre":null,"tipo":"Pantano","FUENTE":"Gobierno Regional Madre de Dios","FECREG":"2020-01-27","TIPMAG":3,"NOMMAG":null}},{"type":"Feature","geometry":{"type":"Polygon","coordinates":[[[-69.587936,-12.729342],[-69.591748,-12.730967],[-69.595833,-12.733312],[-69.597696,-12.733625],[-69.598315,-12.7335],[-69.597678,-12.733144],[-69.596033,-12.732723],[-69.595842,-12.732616],[-69.595906,-12.732412],[-69.597524,-12.732443],[-69.599746,-12.732931],[-69.601687,-12.733041],[-69.60296,-12.733684],[-69.604241,-12.735273],[-69.604835,-12.735469],[-69.605232,-12.735392],[-69.607114,-12.735692],[-69.607659,-12.735298],[-69.608436,-12.735081],[-69.609205,-12.734319],[-69.610006,-12.732103],[-69.610057,-12.731295],[-69.608822,-12.728408],[-69.606438,-12.726174],[-69.606244,-12.7265],[-69.607377,-12.727703],[-69.605758,-12.727094],[-69.604607,-12.726886],[-69.604725,-12.727211],[-69.606951,-12.728479],[-69.608051,-12.729697],[-69.608567,-12.731669],[-69.607769,-12.734219],[-69.606099,-12.734839],[-69.604052,-12.733458],[-69.602801,-12.73211],[-69.60157,-12.731519],[-69.599529,-12.730929],[-69.597281,-12.730928],[-69.594383,-12.73031],[-69.592944,-12.729792],[-69.591599,-12.7289],[-69.589407,-12.727884],[-69.588412,-12.726966],[-69.587558,-12.725823],[-69.586728,-12.723222],[-69.587537,-12.722129],[-69.589897,-12.720879],[-69.590262,-12.720501],[-69.589985,-12.719261],[-69.589765,-12.718939],[-69.588802,-12.719305],[-69.588569,-12.720086],[-69.587333,-12.720523],[-69.58592,-12.721543],[-69.585556,-12.72213],[-69.58506,-12.723818],[-69.585528,-12.725671],[-69.587101,-12.728259],[-69.587082,-12.728515],[-69.587681,-12.729363],[-69.587936,-12.729342]]]},"properties":{"id":"agua-2203","nombre":null,"tipo":"Pantano","FUENTE":"Gobierno Regional Madre de Dios","FECREG":"2020-01-27","TIPMAG":3,"NOMMAG":null}},{"type":"Feature","geometry":{"type":"Polygon","coordinates":[[[-69.831324,-12.696357],[-69.828545,-12.697854],[-69.827004,-12.699019],[-69.825829,-12.699469],[-69.820774,-12.702634],[-69.820142,-12.703169],[-69.820327,-12.704191],[-69.821437,-12.704565],[-69.822318,-12.704185],[-69.823239,-12.703606],[-69.82533,-12.701612],[-69.826958,-12.700767],[-69.829963,-12.69866],[-69.831171,-12.698431],[-69.832869,-12.697341],[-69.834235,-12.696122],[-69.835784,-12.693494],[-69.836453,-12.691253],[-69.836778,-12.688997],[-69.836558,-12.688165],[-69.836096,-12.687403],[-69.835777,-12.687239],[-69.835212,-12.687745],[-69.834794,-12.691324],[-69.834279,-12.693214],[-69.833649,-12.694305],[-69.831324,-12.696357]]]},"properties":{"id":"agua-2204","nombre":null,"tipo":"Pantano","FUENTE":"Gobierno Regional Madre de Dios","FECREG":"2020-01-27","TIPMAG":3,"NOMMAG":null}},{"type":"Feature","geometry":{"type":"Polygon","coordinates":[[[-69.281629,-12.860377],[-69.282245,-12.860344],[-69.282801,-12.860546],[-69.283908,-12.861491],[-69.284279,-12.862428],[-69.28441,-12.863791],[-69.284764,-12.863728],[-69.28482,-12.862286],[-69.28457,-12.861522],[-69.28381,-12.860447],[-69.282904,-12.859827],[-69.281875,-12.859576],[-69.281033,-12.859843],[-69.280273,-12.860496],[-69.280087,-12.861264],[-69.280754,-12.861126],[-69.281629,-12.860377]]]},"properties":{"id":"agua-2205","nombre":null,"tipo":"Pantano","FUENTE":"Gobierno Regional Madre de Dios","FECREG":"2020-01-27","TIPMAG":3,"NOMMAG":null}},{"type":"Feature","geometry":{"type":"Polygon","coordinates":[[[-69.225226,-12.94553],[-69.226787,-12.945088],[-69.225323,-12.944879],[-69.224797,-12.945339],[-69.224253,-12.945319],[-69.223916,-12.945592],[-69.222834,-12.945708],[-69.222014,-12.945479],[-69.221545,-12.945092],[-69.221107,-12.943928],[-69.221773,-12.942434],[-69.223175,-12.941831],[-69.224204,-12.941831],[-69.224376,-12.941557],[-69.222718,-12.941373],[-69.221865,-12.941733],[-69.22089,-12.943229],[-69.220708,-12.944306],[-69.220813,-12.94515],[-69.221531,-12.94614],[-69.222,-12.946429],[-69.222817,-12.946365],[-69.223584,-12.946235],[-69.225226,-12.94553]]]},"properties":{"id":"agua-2206","nombre":null,"tipo":"Pantano","FUENTE":"Gobierno Regional Madre de Dios","FECREG":"2020-01-27","TIPMAG":3,"NOMMAG":null}},{"type":"Feature","geometry":{"type":"Polygon","coordinates":[[[-69.536823,-12.662779],[-69.535819,-12.662159],[-69.5345,-12.660978],[-69.53373,-12.659687],[-69.533035,-12.659115],[-69.532413,-12.658901],[-69.532122,-12.659475],[-69.532709,-12.660658],[-69.533697,-12.661446],[-69.535307,-12.662304],[-69.53572,-12.662901],[-69.534115,-12.662792],[-69.533992,-12.663081],[-69.534244,-12.663415],[-69.536093,-12.664286],[-69.53735,-12.664588],[-69.538608,-12.664572],[-69.540127,-12.663978],[-69.542224,-12.662523],[-69.544299,-12.660042],[-69.544449,-12.659735],[-69.544347,-12.659395],[-69.544111,-12.659238],[-69.543582,-12.659567],[-69.5432,-12.659575],[-69.542892,-12.657974],[-69.542532,-12.65855],[-69.542398,-12.659883],[-69.542153,-12.660406],[-69.541576,-12.66133],[-69.541015,-12.661871],[-69.538644,-12.662985],[-69.53755,-12.662976],[-69.536823,-12.662779]]]},"properties":{"id":"agua-2207","nombre":null,"tipo":"Pantano","FUENTE":"Gobierno Regional Madre de Dios","FECREG":"2020-01-27","TIPMAG":3,"NOMMAG":null}},{"type":"Feature","geometry":{"type":"Polygon","coordinates":[[[-69.878753,-12.685503],[-69.878698,-12.683757],[-69.879037,-12.683038],[-69.878641,-12.681269],[-69.878756,-12.679259],[-69.87846,-12.678446],[-69.877309,-12.676776],[-69.875599,-12.675274],[-69.875088,-12.675635],[-69.875829,-12.678527],[-69.877102,-12.680102],[-69.87725,-12.680699],[-69.877229,-12.681704],[-69.876674,-12.683357],[-69.875487,-12.685466],[-69.873033,-12.687316],[-69.869523,-12.687335],[-69.868158,-12.686973],[-69.867037,-12.686881],[-69.865574,-12.686431],[-69.864475,-12.685861],[-69.864502,-12.686411],[-69.865747,-12.687148],[-69.866016,-12.687578],[-69.865822,-12.687914],[-69.865166,-12.68837],[-69.863704,-12.688423],[-69.863827,-12.688805],[-69.864706,-12.68909],[-69.867582,-12.689511],[-69.870993,-12.6895],[-69.872917,-12.689182],[-69.876374,-12.688118],[-69.878292,-12.686246],[-69.878753,-12.685503]]]},"properties":{"id":"agua-2208","nombre":null,"tipo":"Pantano","FUENTE":"Gobierno Regional Madre de Dios","FECREG":"2020-01-27","TIPMAG":3,"NOMMAG":null}},{"type":"Feature","geometry":{"type":"Polygon","coordinates":[[[-69.602769,-12.942609],[-69.601674,-12.944352],[-69.60098,-12.946666],[-69.601022,-12.947025],[-69.601252,-12.94726],[-69.601636,-12.947341],[-69.602167,-12.947034],[-69.603223,-12.944283],[-69.603667,-12.943681],[-69.604588,-12.943027],[-69.605425,-12.943234],[-69.606011,-12.943788],[-69.606459,-12.943289],[-69.606792,-12.943767],[-69.60701,-12.945049],[-69.6059,-12.946219],[-69.604828,-12.946738],[-69.603562,-12.947698],[-69.602784,-12.948638],[-69.603174,-12.948675],[-69.603701,-12.948463],[-69.604674,-12.9476],[-69.605239,-12.947273],[-69.60563,-12.94733],[-69.60672,-12.946351],[-69.607167,-12.945489],[-69.607339,-12.944072],[-69.606809,-12.942676],[-69.606262,-12.942333],[-69.605285,-12.941971],[-69.604193,-12.94207],[-69.602769,-12.942609]]]},"properties":{"id":"agua-2209","nombre":null,"tipo":"Pantano","FUENTE":"Gobierno Regional Madre de Dios","FECREG":"2020-01-27","TIPMAG":3,"NOMMAG":null}},{"type":"Feature","geometry":{"type":"Polygon","coordinates":[[[-69.550417,-12.948294],[-69.550922,-12.94745],[-69.550727,-12.947298],[-69.549742,-12.948072],[-69.54905,-12.949403],[-69.548829,-12.950686],[-69.548527,-12.951332],[-69.548226,-12.953142],[-69.548363,-12.953367],[-69.548693,-12.953367],[-69.549166,-12.952662],[-69.549782,-12.949715],[-69.550146,-12.949228],[-69.550417,-12.948294]]]},"properties":{"id":"agua-2210","nombre":null,"tipo":"Pantano","FUENTE":"Gobierno Regional Madre de Dios","FECREG":"2020-01-27","TIPMAG":3,"NOMMAG":null}},{"type":"Feature","geometry":{"type":"Polygon","coordinates":[[[-69.523701,-12.406598],[-69.522953,-12.406664],[-69.521967,-12.404208],[-69.521812,-12.402742],[-69.52219,-12.401346],[-69.521889,-12.401362],[-69.521404,-12.402392],[-69.521539,-12.404467],[-69.52258,-12.406895],[-69.523009,-12.407085],[-69.523865,-12.407096],[-69.526178,-12.403263],[-69.526285,-12.401634],[-69.525715,-12.400853],[-69.525345,-12.400972],[-69.525345,-12.401116],[-69.525979,-12.40188],[-69.525933,-12.402861],[-69.524623,-12.405376],[-69.523701,-12.406598]]]},"properties":{"id":"agua-2211","nombre":null,"tipo":"Pantano","FUENTE":"Gobierno Regional Madre de Dios","FECREG":"2020-01-27","TIPMAG":3,"NOMMAG":null}},{"type":"Feature","geometry":{"type":"Polygon","coordinates":[[[-71.037059,-11.260545],[-71.035136,-11.260023],[-71.03463,-11.259605],[-71.034218,-11.2589],[-71.033818,-11.2572],[-71.033227,-11.255863],[-71.032129,-11.255303],[-71.030256,-11.255097],[-71.029307,-11.254764],[-71.029404,-11.255247],[-71.031189,-11.255401],[-71.032822,-11.256059],[-71.034218,-11.259735],[-71.034666,-11.260245],[-71.035615,-11.260714],[-71.037007,-11.260942],[-71.038025,-11.260716],[-71.038988,-11.260273],[-71.039936,-11.25909],[-71.040375,-11.257997],[-71.040402,-11.256409],[-71.03981,-11.254921],[-71.038801,-11.253553],[-71.036823,-11.252221],[-71.038469,-11.253794],[-71.039264,-11.254865],[-71.039976,-11.256431],[-71.039891,-11.258153],[-71.039415,-11.259285],[-71.038336,-11.260249],[-71.037059,-11.260545]]]},"properties":{"id":"agua-2213","nombre":null,"tipo":"Pantano","FUENTE":"Gobierno Regional Madre de Dios","FECREG":"2020-01-27","TIPMAG":3,"NOMMAG":null}},{"type":"Feature","geometry":{"type":"Polygon","coordinates":[[[-70.838496,-11.333808],[-70.838212,-11.332533],[-70.837555,-11.332092],[-70.837395,-11.332079],[-70.837353,-11.332366],[-70.837519,-11.333269],[-70.83716,-11.33396],[-70.835271,-11.334302],[-70.82984,-11.333159],[-70.828321,-11.332035],[-70.827998,-11.331394],[-70.827706,-11.331465],[-70.827621,-11.331795],[-70.828107,-11.332696],[-70.829045,-11.333588],[-70.830294,-11.334085],[-70.83204,-11.334304],[-70.834154,-11.334995],[-70.835326,-11.335117],[-70.83788,-11.334668],[-70.838496,-11.333808]]]},"properties":{"id":"agua-2214","nombre":null,"tipo":"Pantano","FUENTE":"Gobierno Regional Madre de Dios","FECREG":"2020-01-27","TIPMAG":3,"NOMMAG":null}},{"type":"Feature","geometry":{"type":"Polygon","coordinates":[[[-70.681667,-11.466869],[-70.68257,-11.467964],[-70.682574,-11.46861],[-70.681748,-11.472394],[-70.680666,-11.474074],[-70.680014,-11.474437],[-70.679189,-11.474581],[-70.678011,-11.474265],[-70.675602,-11.472915],[-70.674652,-11.472179],[-70.674041,-11.471298],[-70.673134,-11.470711],[-70.673945,-11.472544],[-70.675479,-11.473583],[-70.678829,-11.475193],[-70.679798,-11.475115],[-70.680138,-11.474843],[-70.68072,-11.474959],[-70.68108,-11.474335],[-70.682215,-11.473515],[-70.6824,-11.471983],[-70.682275,-11.471386],[-70.682973,-11.470449],[-70.683159,-11.469109],[-70.683104,-11.468009],[-70.682711,-11.467174],[-70.681807,-11.466079],[-70.68086,-11.465869],[-70.680135,-11.466136],[-70.678447,-11.467725],[-70.678014,-11.468349],[-70.677072,-11.468976],[-70.674747,-11.469444],[-70.676178,-11.469508],[-70.678478,-11.46892],[-70.679006,-11.468032],[-70.679366,-11.46783],[-70.679887,-11.467151],[-70.680545,-11.466822],[-70.681667,-11.466869]]]},"properties":{"id":"agua-2215","nombre":null,"tipo":"Pantano","FUENTE":"Gobierno Regional Madre de Dios","FECREG":"2020-01-27","TIPMAG":3,"NOMMAG":null}},{"type":"Feature","geometry":{"type":"Polygon","coordinates":[[[-70.541857,-11.558205],[-70.542454,-11.556369],[-70.54238,-11.555865],[-70.541976,-11.556002],[-70.541707,-11.556991],[-70.540075,-11.559359],[-70.54075,-11.559595],[-70.541279,-11.559265],[-70.541857,-11.558205]]]},"properties":{"id":"agua-2216","nombre":null,"tipo":"Pantano","FUENTE":"Gobierno Regional Madre de Dios","FECREG":"2020-01-27","TIPMAG":3,"NOMMAG":null}},{"type":"Feature","geometry":{"type":"Polygon","coordinates":[[[-70.499473,-11.574224],[-70.498549,-11.574441],[-70.497382,-11.573892],[-70.497341,-11.573395],[-70.497763,-11.572455],[-70.497779,-11.571976],[-70.497543,-11.57125],[-70.497231,-11.571003],[-70.497136,-11.571329],[-70.497316,-11.572361],[-70.496564,-11.573399],[-70.496645,-11.573991],[-70.497447,-11.575155],[-70.498788,-11.575588],[-70.49968,-11.575392],[-70.500538,-11.574649],[-70.500665,-11.573945],[-70.500559,-11.573199],[-70.499676,-11.571338],[-70.498293,-11.570041],[-70.497925,-11.5701],[-70.498984,-11.572123],[-70.499476,-11.573537],[-70.499473,-11.574224]]]},"properties":{"id":"agua-2217","nombre":null,"tipo":"Pantano","FUENTE":"Gobierno Regional Madre de Dios","FECREG":"2020-01-27","TIPMAG":3,"NOMMAG":null}},{"type":"Feature","geometry":{"type":"Polygon","coordinates":[[[-70.464879,-11.609883],[-70.464562,-11.608526],[-70.464214,-11.608275],[-70.463584,-11.608369],[-70.464283,-11.609373],[-70.464295,-11.611206],[-70.463734,-11.612385],[-70.463853,-11.612533],[-70.464181,-11.612461],[-70.46457,-11.611892],[-70.464879,-11.609883]]]},"properties":{"id":"agua-2218","nombre":null,"tipo":"Pantano","FUENTE":"Gobierno Regional Madre de Dios","FECREG":"2020-01-27","TIPMAG":3,"NOMMAG":null}},{"type":"Feature","geometry":{"type":"Polygon","coordinates":[[[-70.330543,-11.738779],[-70.330392,-11.7393],[-70.330653,-11.742198],[-70.32999,-11.743521],[-70.329402,-11.743748],[-70.328915,-11.743499],[-70.328183,-11.742773],[-70.328071,-11.742259],[-70.329442,-11.739597],[-70.329366,-11.738904],[-70.329015,-11.739013],[-70.327693,-11.741746],[-70.327542,-11.74317],[-70.327848,-11.743755],[-70.328798,-11.744349],[-70.330024,-11.744534],[-70.330642,-11.744173],[-70.331559,-11.74302],[-70.330918,-11.73855],[-70.330543,-11.738779]]]},"properties":{"id":"agua-2219","nombre":null,"tipo":"Pantano","FUENTE":"Gobierno Regional Madre de Dios","FECREG":"2020-01-27","TIPMAG":3,"NOMMAG":null}},{"type":"Feature","geometry":{"type":"Polygon","coordinates":[[[-70.207583,-11.881135],[-70.206595,-11.880278],[-70.206514,-11.879436],[-70.206842,-11.87909],[-70.20686,-11.878707],[-70.206335,-11.878518],[-70.2048,-11.878544],[-70.203887,-11.878624],[-70.201387,-11.880166],[-70.199098,-11.881171],[-70.197798,-11.881502],[-70.197176,-11.881523],[-70.196573,-11.881277],[-70.196556,-11.881909],[-70.199568,-11.881953],[-70.200694,-11.8817],[-70.202885,-11.880542],[-70.203755,-11.880404],[-70.205275,-11.880846],[-70.205853,-11.881172],[-70.206402,-11.881768],[-70.206618,-11.882604],[-70.206501,-11.883472],[-70.206079,-11.884162],[-70.20508,-11.884854],[-70.202559,-11.884745],[-70.201068,-11.884063],[-70.199128,-11.883448],[-70.197533,-11.883225],[-70.197086,-11.883208],[-70.196175,-11.883729],[-70.196908,-11.883872],[-70.198978,-11.885208],[-70.204965,-11.886379],[-70.205542,-11.886347],[-70.20751,-11.885142],[-70.208658,-11.883822],[-70.208896,-11.882624],[-70.208657,-11.880843],[-70.208345,-11.880576],[-70.207686,-11.880828],[-70.207583,-11.881135]]]},"properties":{"id":"agua-2220","nombre":null,"tipo":"Pantano","FUENTE":"Gobierno Regional Madre de Dios","FECREG":"2020-01-27","TIPMAG":3,"NOMMAG":null}},{"type":"Feature","geometry":{"type":"Polygon","coordinates":[[[-69.96553,-12.049707],[-69.964774,-12.050528],[-69.962063,-12.050824],[-69.96183,-12.051054],[-69.96189,-12.051514],[-69.962314,-12.051871],[-69.964033,-12.051133],[-69.96638,-12.050996],[-69.969146,-12.049651],[-69.969919,-12.049548],[-69.970298,-12.049661],[-69.970617,-12.050538],[-69.970165,-12.051646],[-69.969529,-12.052067],[-69.964546,-12.052054],[-69.963635,-12.052326],[-69.962817,-12.052837],[-69.962727,-12.053197],[-69.964915,-12.053339],[-69.967742,-12.053807],[-69.968897,-12.053743],[-69.970687,-12.053229],[-69.971869,-12.052387],[-69.97247,-12.050441],[-69.972192,-12.049306],[-69.971216,-12.048203],[-69.969908,-12.047819],[-69.968542,-12.047973],[-69.96553,-12.049707]]]},"properties":{"id":"agua-2221","nombre":null,"tipo":"Pantano","FUENTE":"Gobierno Regional Madre de Dios","FECREG":"2020-01-27","TIPMAG":3,"NOMMAG":null}},{"type":"Feature","geometry":{"type":"Polygon","coordinates":[[[-69.936692,-12.057983],[-69.935534,-12.057593],[-69.933453,-12.055671],[-69.932713,-12.055226],[-69.931942,-12.054221],[-69.931717,-12.054865],[-69.932088,-12.055423],[-69.932515,-12.055702],[-69.933487,-12.057153],[-69.934713,-12.058351],[-69.936337,-12.059324],[-69.936522,-12.06022],[-69.935766,-12.06121],[-69.935546,-12.061005],[-69.933416,-12.061488],[-69.932211,-12.061371],[-69.931176,-12.060567],[-69.931172,-12.059461],[-69.930905,-12.05828],[-69.930389,-12.056939],[-69.930047,-12.056745],[-69.930022,-12.057919],[-69.930319,-12.058925],[-69.930142,-12.060421],[-69.930357,-12.061078],[-69.933646,-12.063161],[-69.934497,-12.063218],[-69.935407,-12.062945],[-69.936529,-12.062284],[-69.937286,-12.061593],[-69.937738,-12.060366],[-69.937704,-12.059409],[-69.937356,-12.058669],[-69.936692,-12.057983]]]},"properties":{"id":"agua-2223","nombre":null,"tipo":"Pantano","FUENTE":"Gobierno Regional Madre de Dios","FECREG":"2020-01-27","TIPMAG":3,"NOMMAG":null}},{"type":"Feature","geometry":{"type":"Polygon","coordinates":[[[-69.846633,-12.074671],[-69.845125,-12.074437],[-69.844297,-12.073913],[-69.843476,-12.073092],[-69.843204,-12.07149],[-69.843263,-12.070532],[-69.842811,-12.070522],[-69.842735,-12.072003],[-69.843178,-12.073796],[-69.844056,-12.074799],[-69.846707,-12.075221],[-69.848285,-12.074451],[-69.849546,-12.073394],[-69.850053,-12.07222],[-69.849803,-12.07014],[-69.848338,-12.065513],[-69.847637,-12.065273],[-69.848977,-12.070358],[-69.849083,-12.073204],[-69.84838,-12.073805],[-69.846633,-12.074671]]]},"properties":{"id":"agua-2226","nombre":null,"tipo":"Pantano","FUENTE":"Gobierno Regional Madre de Dios","FECREG":"2020-01-27","TIPMAG":3,"NOMMAG":null}},{"type":"Feature","geometry":{"type":"Polygon","coordinates":[[[-70.472595,-11.571895],[-70.4717,-11.570003],[-70.471221,-11.569603],[-70.470375,-11.56945],[-70.469611,-11.569841],[-70.470713,-11.57036],[-70.471058,-11.570273],[-70.471637,-11.570779],[-70.472463,-11.57212],[-70.472499,-11.573316],[-70.47196,-11.574884],[-70.472423,-11.575028],[-70.472891,-11.573085],[-70.472595,-11.571895]]]},"properties":{"id":"agua-2227","nombre":null,"tipo":"Pantano","FUENTE":"Gobierno Regional Madre de Dios","FECREG":"2020-01-27","TIPMAG":3,"NOMMAG":null}},{"type":"Feature","geometry":{"type":"Polygon","coordinates":[[[-69.386944,-12.845348],[-69.381763,-12.845474],[-69.379473,-12.845996],[-69.37943,-12.846342],[-69.382204,-12.846122],[-69.382513,-12.846597],[-69.381502,-12.847549],[-69.382867,-12.847806],[-69.384241,-12.847649],[-69.38523,-12.848186],[-69.391231,-12.8499],[-69.392915,-12.850902],[-69.394161,-12.852673],[-69.394859,-12.854395],[-69.395117,-12.85583],[-69.394973,-12.857373],[-69.394098,-12.858953],[-69.393002,-12.860032],[-69.391321,-12.860967],[-69.389603,-12.861652],[-69.381961,-12.863709],[-69.378307,-12.866011],[-69.376956,-12.867269],[-69.374619,-12.870502],[-69.373352,-12.876462],[-69.375383,-12.876975],[-69.375964,-12.87457],[-69.376106,-12.871268],[-69.377822,-12.869148],[-69.380123,-12.867314],[-69.382317,-12.866522],[-69.384074,-12.867309],[-69.386125,-12.869064],[-69.38803,-12.871107],[-69.390374,-12.872862],[-69.392057,-12.873398],[-69.394433,-12.872318],[-69.395565,-12.870988],[-69.396623,-12.869228],[-69.397316,-12.867648],[-69.399724,-12.864127],[-69.400709,-12.862367],[-69.401255,-12.860895],[-69.401215,-12.858347],[-69.400773,-12.856661],[-69.398206,-12.852595],[-69.397437,-12.851914],[-69.396059,-12.849928],[-69.393313,-12.848102],[-69.388664,-12.84592],[-69.386944,-12.845348]],[[-69.390556,-12.872237],[-69.38942,-12.871234],[-69.386306,-12.867758],[-69.38517,-12.866862],[-69.383889,-12.865931],[-69.381657,-12.865252],[-69.382621,-12.86421],[-69.385875,-12.86338],[-69.388032,-12.86309],[-69.389787,-12.862405],[-69.391469,-12.862008],[-69.394392,-12.859886],[-69.396217,-12.857407],[-69.396726,-12.855612],[-69.396284,-12.853854],[-69.39577,-12.852599],[-69.39656,-12.852382],[-69.399384,-12.856864],[-69.399898,-12.858335],[-69.399937,-12.860021],[-69.399501,-12.862032],[-69.398223,-12.863326],[-69.397165,-12.864727],[-69.396473,-12.86663],[-69.395305,-12.868713],[-69.394174,-12.870079],[-69.392859,-12.871516],[-69.391799,-12.871984],[-69.390556,-12.872237]]]},"properties":{"id":"agua-2228","nombre":null,"tipo":"Pantano","FUENTE":"Gobierno Regional Madre de Dios","FECREG":"2020-01-27","TIPMAG":3,"NOMMAG":null}},{"type":"Feature","geometry":{"type":"Polygon","coordinates":[[[-71.639841,-11.940377],[-71.639734,-11.939862],[-71.640162,-11.938476],[-71.64022,-11.936922],[-71.639645,-11.934934],[-71.639428,-11.935556],[-71.63963,-11.93817],[-71.639267,-11.93978],[-71.639277,-11.940769],[-71.638697,-11.94109],[-71.638362,-11.941079],[-71.637318,-11.940042],[-71.637411,-11.9406],[-71.638169,-11.941451],[-71.639277,-11.941169],[-71.639841,-11.940377]]]},"properties":{"id":"agua-2229","nombre":null,"tipo":"Pantano","FUENTE":"Gobierno Regional Madre de Dios","FECREG":"2020-01-27","TIPMAG":3,"NOMMAG":null}},{"type":"Feature","geometry":{"type":"Polygon","coordinates":[[[-71.859254,-11.660163],[-71.857415,-11.659609],[-71.856566,-11.659044],[-71.855978,-11.658476],[-71.855988,-11.658089],[-71.855635,-11.657662],[-71.855581,-11.659511],[-71.856675,-11.660284],[-71.858039,-11.660892],[-71.859982,-11.661159],[-71.862733,-11.659889],[-71.863887,-11.658921],[-71.864989,-11.65762],[-71.866783,-11.657602],[-71.867428,-11.659077],[-71.867537,-11.660223],[-71.867355,-11.66142],[-71.86649,-11.662194],[-71.865088,-11.662542],[-71.859801,-11.662499],[-71.857613,-11.661948],[-71.855174,-11.66049],[-71.855185,-11.661637],[-71.855579,-11.662207],[-71.858354,-11.663279],[-71.860202,-11.663738],[-71.86127,-11.663823],[-71.866214,-11.663583],[-71.867229,-11.663238],[-71.868287,-11.662367],[-71.868853,-11.660832],[-71.86879,-11.659494],[-71.868383,-11.657634],[-71.867011,-11.656213],[-71.865458,-11.656133],[-71.864057,-11.656578],[-71.862285,-11.658746],[-71.861034,-11.659715],[-71.859254,-11.660163]]]},"properties":{"id":"agua-2230","nombre":null,"tipo":"Pantano","FUENTE":"Gobierno Regional Madre de Dios","FECREG":"2020-01-27","TIPMAG":3,"NOMMAG":null}},{"type":"Feature","geometry":{"type":"Polygon","coordinates":[[[-71.973441,-11.619053],[-71.974896,-11.619134],[-71.976734,-11.618732],[-71.979049,-11.617609],[-71.980191,-11.61559],[-71.980313,-11.61339],[-71.980032,-11.60976],[-71.97939,-11.608572],[-71.978706,-11.608101],[-71.97688,-11.60852],[-71.975584,-11.609191],[-71.974788,-11.61123],[-71.974332,-11.613983],[-71.973767,-11.614945],[-71.974501,-11.615654],[-71.975335,-11.614272],[-71.975561,-11.612686],[-71.976178,-11.610917],[-71.977406,-11.60956],[-71.978463,-11.609251],[-71.978957,-11.610052],[-71.979246,-11.611603],[-71.978929,-11.616027],[-71.977882,-11.617263],[-71.974561,-11.618432],[-71.97348,-11.61824],[-71.973441,-11.619053]]]},"properties":{"id":"agua-2231","nombre":null,"tipo":"Pantano","FUENTE":"Gobierno Regional Madre de Dios","FECREG":"2020-01-27","TIPMAG":3,"NOMMAG":null}},{"type":"Feature","geometry":{"type":"Polygon","coordinates":[[[-71.69833,-11.651885],[-71.694084,-11.649092],[-71.693151,-11.646698],[-71.693201,-11.644296],[-71.692398,-11.64398],[-71.691934,-11.644917],[-71.691946,-11.646208],[-71.692105,-11.647533],[-71.692659,-11.648496],[-71.693804,-11.650278],[-71.695267,-11.651125],[-71.696587,-11.652152],[-71.697938,-11.652713],[-71.69833,-11.651885]]]},"properties":{"id":"agua-2233","nombre":null,"tipo":"Pantano","FUENTE":"Gobierno Regional Madre de Dios","FECREG":"2020-01-27","TIPMAG":3,"NOMMAG":null}},{"type":"Feature","geometry":{"type":"Polygon","coordinates":[[[-71.693078,-11.650356],[-71.692453,-11.649753],[-71.69178,-11.647859],[-71.691267,-11.647397],[-71.691322,-11.649333],[-71.691912,-11.650224],[-71.692611,-11.651042],[-71.694951,-11.652275],[-71.695201,-11.651735],[-71.693078,-11.650356]]]},"properties":{"id":"agua-2234","nombre":null,"tipo":"Pantano","FUENTE":"Gobierno Regional Madre de Dios","FECREG":"2020-01-27","TIPMAG":3,"NOMMAG":null}},{"type":"Feature","geometry":{"type":"Polygon","coordinates":[[[-71.475385,-11.821001],[-71.474873,-11.822268],[-71.474292,-11.824644],[-71.474398,-11.825638],[-71.475372,-11.828173],[-71.477524,-11.830009],[-71.478927,-11.830552],[-71.479482,-11.829591],[-71.478195,-11.829066],[-71.476669,-11.827684],[-71.475803,-11.82641],[-71.47544,-11.824883],[-71.476353,-11.820686],[-71.475385,-11.821001]]]},"properties":{"id":"agua-2235","nombre":null,"tipo":"Pantano","FUENTE":"Gobierno Regional Madre de Dios","FECREG":"2020-01-27","TIPMAG":3,"NOMMAG":null}},{"type":"Feature","geometry":{"type":"Polygon","coordinates":[[[-70.966987,-12.235212],[-70.964972,-12.234091],[-70.96378,-12.233172],[-70.963162,-12.231712],[-70.962755,-12.23019],[-70.962869,-12.229084],[-70.96359,-12.227972],[-70.966283,-12.226369],[-70.971608,-12.227228],[-70.974013,-12.227838],[-70.974613,-12.226817],[-70.969133,-12.225452],[-70.964454,-12.225665],[-70.96297,-12.226333],[-70.961916,-12.227596],[-70.961107,-12.229246],[-70.960938,-12.23104],[-70.961467,-12.232741],[-70.96248,-12.234078],[-70.963827,-12.235384],[-70.966328,-12.236562],[-70.9679,-12.235475],[-70.966987,-12.235212]]]},"properties":{"id":"agua-2236","nombre":null,"tipo":"Pantano","FUENTE":"Gobierno Regional Madre de Dios","FECREG":"2020-01-27","TIPMAG":3,"NOMMAG":null}},{"type":"Feature","geometry":{"type":"Polygon","coordinates":[[[-71.252388,-11.972205],[-71.250942,-11.980537],[-71.250037,-11.98393],[-71.250003,-11.986857],[-71.251207,-11.991496],[-71.252861,-11.994065],[-71.255462,-11.996119],[-71.256632,-11.996636],[-71.258236,-11.996694],[-71.26,-11.9957],[-71.26118,-11.994423],[-71.261623,-11.99222],[-71.260176,-11.9847],[-71.260505,-11.983406],[-71.260869,-11.980462],[-71.259847,-11.980136],[-71.259201,-11.981408],[-71.258604,-11.985478],[-71.259014,-11.98808],[-71.260229,-11.991012],[-71.26017,-11.992781],[-71.259357,-11.994318],[-71.258442,-11.99521],[-71.257133,-11.995484],[-71.255597,-11.994779],[-71.253808,-11.992928],[-71.252602,-11.991025],[-71.251684,-11.988642],[-71.251257,-11.986971],[-71.251208,-11.983911],[-71.253498,-11.972483],[-71.252388,-11.972205]]]},"properties":{"id":"agua-2237","nombre":null,"tipo":"Pantano","FUENTE":"Gobierno Regional Madre de Dios","FECREG":"2020-01-27","TIPMAG":3,"NOMMAG":null}},{"type":"Feature","geometry":{"type":"Polygon","coordinates":[[[-71.275828,-12.288401],[-71.273383,-12.289641],[-71.27266,-12.290388],[-71.272217,-12.291228],[-71.271938,-12.292641],[-71.272096,-12.294111],[-71.272377,-12.29424],[-71.272423,-12.292554],[-71.273101,-12.290839],[-71.275264,-12.289243],[-71.275918,-12.28895],[-71.277752,-12.288827],[-71.278569,-12.289119],[-71.278866,-12.289691],[-71.278871,-12.290288],[-71.277825,-12.291636],[-71.276252,-12.292498],[-71.275564,-12.293066],[-71.27388,-12.293773],[-71.273133,-12.294473],[-71.27333,-12.294519],[-71.274527,-12.293768],[-71.276443,-12.293214],[-71.278461,-12.291798],[-71.278868,-12.291364],[-71.279274,-12.290524],[-71.279414,-12.289818],[-71.278772,-12.288699],[-71.278114,-12.288502],[-71.275828,-12.288401]]]},"properties":{"id":"agua-2238","nombre":null,"tipo":"Pantano","FUENTE":"Gobierno Regional Madre de Dios","FECREG":"2020-01-27","TIPMAG":3,"NOMMAG":null}},{"type":"Feature","geometry":{"type":"Polygon","coordinates":[[[-70.091621,-12.541679],[-70.089972,-12.541379],[-70.089586,-12.54095],[-70.089356,-12.54035],[-70.089405,-12.539305],[-70.089623,-12.53896],[-70.089981,-12.538894],[-70.090398,-12.539187],[-70.090655,-12.539605],[-70.091701,-12.540517],[-70.09244,-12.540868],[-70.092592,-12.54063],[-70.09151,-12.539887],[-70.090256,-12.538412],[-70.089635,-12.538372],[-70.08911,-12.538567],[-70.088863,-12.539028],[-70.089052,-12.540505],[-70.089692,-12.541421],[-70.090183,-12.541764],[-70.090816,-12.541993],[-70.091613,-12.541858],[-70.091621,-12.541679]]]},"properties":{"id":"agua-2239","nombre":null,"tipo":"Pantano","FUENTE":"Gobierno Regional Madre de Dios","FECREG":"2020-01-27","TIPMAG":3,"NOMMAG":null}},{"type":"Feature","geometry":{"type":"Polygon","coordinates":[[[-70.07121,-12.562646],[-70.071498,-12.561582],[-70.072257,-12.561292],[-70.073046,-12.561375],[-70.07353,-12.561703],[-70.074434,-12.564061],[-70.075036,-12.564776],[-70.075361,-12.564709],[-70.074234,-12.562418],[-70.07418,-12.561626],[-70.073735,-12.561279],[-70.073281,-12.561008],[-70.072375,-12.560968],[-70.07166,-12.561057],[-70.071135,-12.56149],[-70.070515,-12.563459],[-70.070995,-12.564392],[-70.071115,-12.564196],[-70.070992,-12.562761],[-70.07121,-12.562646]]]},"properties":{"id":"agua-2240","nombre":null,"tipo":"Pantano","FUENTE":"Gobierno Regional Madre de Dios","FECREG":"2020-01-27","TIPMAG":3,"NOMMAG":null}},{"type":"Feature","geometry":{"type":"Polygon","coordinates":[[[-70.13364,-12.494887],[-70.132996,-12.494266],[-70.132148,-12.494448],[-70.131509,-12.495327],[-70.131503,-12.497405],[-70.131711,-12.498214],[-70.132308,-12.499057],[-70.13247,-12.498976],[-70.13243,-12.498026],[-70.132038,-12.497007],[-70.131907,-12.4961],[-70.132006,-12.495238],[-70.13253,-12.49492],[-70.133188,-12.495061],[-70.134505,-12.497132],[-70.134603,-12.496389],[-70.13364,-12.494887]]]},"properties":{"id":"agua-2241","nombre":null,"tipo":"Pantano","FUENTE":"Gobierno Regional Madre de Dios","FECREG":"2020-01-27","TIPMAG":3,"NOMMAG":null}},{"type":"Feature","geometry":{"type":"Polygon","coordinates":[[[-70.111088,-12.513311],[-70.110884,-12.513854],[-70.112024,-12.514637],[-70.111992,-12.515306],[-70.111483,-12.515868],[-70.110754,-12.516143],[-70.108554,-12.5142],[-70.108336,-12.514517],[-70.108939,-12.515304],[-70.110241,-12.51643],[-70.110749,-12.516431],[-70.111887,-12.515986],[-70.112563,-12.514595],[-70.112445,-12.51419],[-70.111088,-12.513311]]]},"properties":{"id":"agua-2242","nombre":null,"tipo":"Pantano","FUENTE":"Gobierno Regional Madre de Dios","FECREG":"2020-01-27","TIPMAG":3,"NOMMAG":null}},{"type":"Feature","geometry":{"type":"Polygon","coordinates":[[[-71.033514,-12.193045],[-71.03378,-12.191344],[-71.033999,-12.19027],[-71.03342,-12.190394],[-71.032965,-12.193158],[-71.033514,-12.193045]]]},"properties":{"id":"agua-2244","nombre":null,"tipo":"Pantano","FUENTE":"Gobierno Regional Madre de Dios","FECREG":"2020-01-27","TIPMAG":3,"NOMMAG":null}},{"type":"Feature","geometry":{"type":"Polygon","coordinates":[[[-71.466741,-12.262693],[-71.46743,-12.265865],[-71.467859,-12.266564],[-71.467937,-12.267123],[-71.467796,-12.26764],[-71.467435,-12.268031],[-71.4677,-12.268258],[-71.468134,-12.267895],[-71.468254,-12.266646],[-71.467479,-12.263354],[-71.467107,-12.262526],[-71.46592,-12.261843],[-71.464775,-12.261519],[-71.464095,-12.261549],[-71.464381,-12.261841],[-71.466384,-12.262279],[-71.466741,-12.262693]]]},"properties":{"id":"agua-2245","nombre":null,"tipo":"Pantano","FUENTE":"Gobierno Regional Madre de Dios","FECREG":"2020-01-27","TIPMAG":3,"NOMMAG":null}},{"type":"Feature","geometry":{"type":"Polygon","coordinates":[[[-71.637057,-11.707128],[-71.636131,-11.706694],[-71.63545,-11.705564],[-71.635266,-11.705597],[-71.635851,-11.706814],[-71.637276,-11.707623],[-71.640639,-11.708338],[-71.642289,-11.708361],[-71.643276,-11.708065],[-71.644157,-11.706852],[-71.644379,-11.70576],[-71.644382,-11.70402],[-71.644018,-11.704502],[-71.64426,-11.705417],[-71.643811,-11.707181],[-71.642655,-11.708052],[-71.641918,-11.708154],[-71.640033,-11.707866],[-71.637057,-11.707128]]]},"properties":{"id":"agua-2246","nombre":null,"tipo":"Pantano","FUENTE":"Gobierno Regional Madre de Dios","FECREG":"2020-01-27","TIPMAG":3,"NOMMAG":null}},{"type":"Feature","geometry":{"type":"Polygon","coordinates":[[[-69.232467,-12.974546],[-69.23088,-12.975059],[-69.229823,-12.97461],[-69.229489,-12.974271],[-69.229165,-12.97451],[-69.230746,-12.97537],[-69.232161,-12.975132],[-69.233089,-12.974356],[-69.233483,-12.972942],[-69.233365,-12.972252],[-69.233098,-12.971781],[-69.231848,-12.97062],[-69.23143,-12.970691],[-69.231507,-12.970871],[-69.231901,-12.971039],[-69.232033,-12.971416],[-69.232761,-12.971826],[-69.233086,-12.972421],[-69.232993,-12.974067],[-69.232467,-12.974546]]]},"properties":{"id":"agua-2247","nombre":null,"tipo":"Pantano","FUENTE":"Gobierno Regional Madre de Dios","FECREG":"2020-01-27","TIPMAG":3,"NOMMAG":null}},{"type":"Feature","geometry":{"type":"Polygon","coordinates":[[[-69.217908,-12.984384],[-69.216779,-12.984295],[-69.216047,-12.984565],[-69.215072,-12.985074],[-69.214585,-12.985703],[-69.214342,-12.986899],[-69.214525,-12.987766],[-69.214922,-12.988544],[-69.215472,-12.989081],[-69.216204,-12.98941],[-69.217058,-12.989529],[-69.217698,-12.989199],[-69.217938,-12.988806],[-69.216394,-12.989005],[-69.215439,-12.988457],[-69.214911,-12.98722],[-69.214801,-12.986338],[-69.214932,-12.985918],[-69.215666,-12.985261],[-69.216697,-12.984744],[-69.217969,-12.984892],[-69.217908,-12.984384]]]},"properties":{"id":"agua-2248","nombre":null,"tipo":"Pantano","FUENTE":"Gobierno Regional Madre de Dios","FECREG":"2020-01-27","TIPMAG":3,"NOMMAG":null}},{"type":"Feature","geometry":{"type":"Polygon","coordinates":[[[-69.210758,-13.040908],[-69.210466,-13.041458],[-69.210759,-13.041984],[-69.210833,-13.042798],[-69.210614,-13.043396],[-69.20998,-13.04366],[-69.208781,-13.043756],[-69.208221,-13.043468],[-69.207889,-13.043036],[-69.207832,-13.043255],[-69.208394,-13.043948],[-69.208877,-13.044153],[-69.209764,-13.044065],[-69.210776,-13.043367],[-69.211026,-13.042854],[-69.211069,-13.042045],[-69.210758,-13.040908]]]},"properties":{"id":"agua-2250","nombre":null,"tipo":"Pantano","FUENTE":"Gobierno Regional Madre de Dios","FECREG":"2020-01-27","TIPMAG":3,"NOMMAG":null}},{"type":"Feature","geometry":{"type":"Polygon","coordinates":[[[-69.213492,-13.060295],[-69.213065,-13.061064],[-69.212871,-13.062117],[-69.212921,-13.063026],[-69.213409,-13.063815],[-69.213827,-13.064071],[-69.213223,-13.062408],[-69.213502,-13.061008],[-69.213933,-13.060159],[-69.213492,-13.060295]]]},"properties":{"id":"agua-2251","nombre":null,"tipo":"Pantano","FUENTE":"Gobierno Regional Madre de Dios","FECREG":"2020-01-27","TIPMAG":3,"NOMMAG":null}},{"type":"Feature","geometry":{"type":"Polygon","coordinates":[[[-69.21693,-13.069535],[-69.217257,-13.06712],[-69.217033,-13.06712],[-69.216669,-13.069202],[-69.215668,-13.069514],[-69.214789,-13.069012],[-69.213958,-13.068019],[-69.213625,-13.067129],[-69.21381,-13.066011],[-69.213664,-13.066094],[-69.213225,-13.066884],[-69.213299,-13.067625],[-69.214301,-13.069108],[-69.21501,-13.069753],[-69.215873,-13.07002],[-69.21693,-13.069535]]]},"properties":{"id":"agua-2252","nombre":null,"tipo":"Pantano","FUENTE":"Gobierno Regional Madre de Dios","FECREG":"2020-01-27","TIPMAG":3,"NOMMAG":null}},{"type":"Feature","geometry":{"type":"Polygon","coordinates":[[[-69.224031,-13.0761],[-69.224955,-13.075149],[-69.226091,-13.07446],[-69.227138,-13.074208],[-69.228205,-13.074331],[-69.227948,-13.073865],[-69.226594,-13.07383],[-69.22502,-13.074441],[-69.224362,-13.075016],[-69.22363,-13.075842],[-69.223119,-13.076991],[-69.22301,-13.078104],[-69.223267,-13.078929],[-69.22367,-13.079144],[-69.223442,-13.07763],[-69.224031,-13.0761]]]},"properties":{"id":"agua-2253","nombre":null,"tipo":"Pantano","FUENTE":"Gobierno Regional Madre de Dios","FECREG":"2020-01-27","TIPMAG":3,"NOMMAG":null}},{"type":"Feature","geometry":{"type":"Polygon","coordinates":[[[-69.213425,-13.137201],[-69.212763,-13.137306],[-69.211966,-13.137746],[-69.211418,-13.138365],[-69.211234,-13.13917],[-69.211353,-13.139781],[-69.211785,-13.139814],[-69.212137,-13.139313],[-69.212066,-13.138781],[-69.21231,-13.138254],[-69.213603,-13.137775],[-69.214335,-13.137128],[-69.214738,-13.136311],[-69.214754,-13.135384],[-69.214404,-13.134472],[-69.214537,-13.134016],[-69.215138,-13.133754],[-69.215993,-13.134112],[-69.215917,-13.135252],[-69.216469,-13.135059],[-69.216578,-13.134019],[-69.215845,-13.133194],[-69.21515,-13.133158],[-69.214381,-13.133554],[-69.214088,-13.134057],[-69.21404,-13.134631],[-69.214286,-13.136449],[-69.213425,-13.137201]]]},"properties":{"id":"agua-2254","nombre":null,"tipo":"Pantano","FUENTE":"Gobierno Regional Madre de Dios","FECREG":"2020-01-27","TIPMAG":3,"NOMMAG":null}},{"type":"Feature","geometry":{"type":"Polygon","coordinates":[[[-69.803568,-12.280199],[-69.800396,-12.28044],[-69.801775,-12.280793],[-69.80323,-12.280464],[-69.804022,-12.280528],[-69.804007,-12.280313],[-69.803568,-12.280199]]]},"properties":{"id":"agua-2255","nombre":null,"tipo":"Pantano","FUENTE":"Gobierno Regional Madre de Dios","FECREG":"2020-01-27","TIPMAG":3,"NOMMAG":null}},{"type":"Feature","geometry":{"type":"Polygon","coordinates":[[[-70.933795,-11.927569],[-70.93622,-11.927639],[-70.937373,-11.927451],[-70.938222,-11.926584],[-70.938147,-11.925944],[-70.937794,-11.92615],[-70.937795,-11.926664],[-70.937255,-11.927146],[-70.936097,-11.927297],[-70.93396,-11.927188],[-70.934022,-11.926707],[-70.934976,-11.926357],[-70.935593,-11.925646],[-70.935301,-11.925667],[-70.934935,-11.926033],[-70.933888,-11.926365],[-70.93356,-11.92675],[-70.933505,-11.927134],[-70.933795,-11.927569]]]},"properties":{"id":"agua-2256","nombre":null,"tipo":"Pantano","FUENTE":"Gobierno Regional Madre de Dios","FECREG":"2020-01-27","TIPMAG":3,"NOMMAG":null}},{"type":"Feature","geometry":{"type":"Polygon","coordinates":[[[-71.205998,-12.316903],[-71.206467,-12.316169],[-71.207275,-12.315749],[-71.208125,-12.315895],[-71.208987,-12.316863],[-71.209276,-12.316344],[-71.208645,-12.315443],[-71.207857,-12.315268],[-71.206621,-12.315345],[-71.205641,-12.316311],[-71.205247,-12.31825],[-71.205427,-12.31836],[-71.205865,-12.31791],[-71.205998,-12.316903]]]},"properties":{"id":"agua-2257","nombre":null,"tipo":"Pantano","FUENTE":"Gobierno Regional Madre de Dios","FECREG":"2020-01-27","TIPMAG":3,"NOMMAG":null}},{"type":"Feature","geometry":{"type":"Polygon","coordinates":[[[-70.770345,-11.368615],[-70.768361,-11.369297],[-70.767246,-11.369255],[-70.76603,-11.368641],[-70.765487,-11.366922],[-70.76582,-11.366011],[-70.766002,-11.364097],[-70.764882,-11.363194],[-70.763475,-11.363012],[-70.762703,-11.363638],[-70.761887,-11.364934],[-70.761699,-11.365892],[-70.761712,-11.368045],[-70.76143,-11.369529],[-70.761536,-11.370916],[-70.761985,-11.373066],[-70.762625,-11.374545],[-70.763697,-11.375495],[-70.765443,-11.375581],[-70.767701,-11.375404],[-70.769062,-11.375932],[-70.770367,-11.376881],[-70.770423,-11.376498],[-70.769076,-11.375128],[-70.767795,-11.374849],[-70.764772,-11.375192],[-70.7638,-11.374854],[-70.76249,-11.373139],[-70.762209,-11.371553],[-70.762464,-11.368892],[-70.762332,-11.366367],[-70.762462,-11.365429],[-70.762825,-11.364604],[-70.763616,-11.363814],[-70.764411,-11.363848],[-70.765306,-11.364416],[-70.765349,-11.364971],[-70.765003,-11.365585],[-70.764796,-11.366582],[-70.764802,-11.3675],[-70.765569,-11.369237],[-70.766776,-11.370033],[-70.768328,-11.370081],[-70.769682,-11.369576],[-70.770345,-11.368615]]]},"properties":{"id":"agua-2258","nombre":null,"tipo":"Pantano","FUENTE":"Gobierno Regional Madre de Dios","FECREG":"2020-01-27","TIPMAG":3,"NOMMAG":null}},{"type":"Feature","geometry":{"type":"Polygon","coordinates":[[[-70.779322,-11.353238],[-70.776032,-11.357824],[-70.775381,-11.359187],[-70.774942,-11.360395],[-70.77489,-11.361352],[-70.775204,-11.361943],[-70.775492,-11.36152],[-70.775503,-11.360124],[-70.776096,-11.358819],[-70.779044,-11.354471],[-70.779322,-11.353238]]]},"properties":{"id":"agua-2259","nombre":null,"tipo":"Pantano","FUENTE":"Gobierno Regional Madre de Dios","FECREG":"2020-01-27","TIPMAG":3,"NOMMAG":null}},{"type":"Feature","geometry":{"type":"Polygon","coordinates":[[[-72.054276,-11.605502],[-72.054095,-11.6045],[-72.05365,-11.603668],[-72.052406,-11.602917],[-72.050929,-11.603052],[-72.049239,-11.603691],[-72.048471,-11.604392],[-72.047971,-11.605258],[-72.047185,-11.608707],[-72.047335,-11.609136],[-72.047819,-11.609131],[-72.048273,-11.606258],[-72.048796,-11.605321],[-72.049466,-11.604501],[-72.050526,-11.603893],[-72.051808,-11.60364],[-72.052563,-11.604014],[-72.05337,-11.604699],[-72.053389,-11.606371],[-72.052569,-11.607074],[-72.049961,-11.60765],[-72.049117,-11.608113],[-72.048593,-11.608907],[-72.049152,-11.609039],[-72.050222,-11.608435],[-72.052077,-11.608072],[-72.053104,-11.607603],[-72.053928,-11.606963],[-72.054276,-11.605502]]]},"properties":{"id":"agua-2260","nombre":null,"tipo":"Pantano","FUENTE":"Gobierno Regional Madre de Dios","FECREG":"2020-01-27","TIPMAG":3,"NOMMAG":null}},{"type":"Feature","geometry":{"type":"Polygon","coordinates":[[[-70.75455,-11.371356],[-70.754005,-11.370976],[-70.752029,-11.371256],[-70.751354,-11.371853],[-70.751185,-11.37283],[-70.751384,-11.37369],[-70.751755,-11.37407],[-70.75216,-11.373685],[-70.751886,-11.373266],[-70.75215,-11.372097],[-70.752672,-11.371731],[-70.753407,-11.371516],[-70.753951,-11.371608],[-70.754109,-11.372181],[-70.754047,-11.373656],[-70.75426,-11.373902],[-70.754604,-11.373606],[-70.754716,-11.373064],[-70.754825,-11.37204],[-70.75455,-11.371356]]]},"properties":{"id":"agua-2261","nombre":null,"tipo":"Pantano","FUENTE":"Gobierno Regional Madre de Dios","FECREG":"2020-01-27","TIPMAG":3,"NOMMAG":null}},{"type":"Feature","geometry":{"type":"Polygon","coordinates":[[[-70.50192,-12.110908],[-70.501418,-12.11314],[-70.500585,-12.113675],[-70.501312,-12.113712],[-70.501867,-12.112984],[-70.501842,-12.112446],[-70.50222,-12.110851],[-70.50192,-12.110908]]]},"properties":{"id":"agua-2262","nombre":null,"tipo":"Pantano","FUENTE":"Gobierno Regional Madre de Dios","FECREG":"2020-01-27","TIPMAG":3,"NOMMAG":null}},{"type":"Feature","geometry":{"type":"Polygon","coordinates":[[[-68.842931,-12.833998],[-68.845582,-12.832883],[-68.846103,-12.831762],[-68.843658,-12.826535],[-68.843195,-12.82608],[-68.841554,-12.826005],[-68.842999,-12.826486],[-68.843486,-12.827204],[-68.84446,-12.830148],[-68.845045,-12.830579],[-68.845222,-12.830928],[-68.845041,-12.832643],[-68.84286,-12.833531],[-68.842931,-12.833998]]]},"properties":{"id":"agua-2267","nombre":null,"tipo":"Pantano","FUENTE":"Gobierno Regional Madre de Dios","FECREG":"2020-01-27","TIPMAG":3,"NOMMAG":null}},{"type":"Feature","geometry":{"type":"Polygon","coordinates":[[[-70.326789,-12.231688],[-70.32558,-12.231295],[-70.32539,-12.230523],[-70.325064,-12.230553],[-70.325176,-12.231401],[-70.325493,-12.231734],[-70.326118,-12.232017],[-70.327465,-12.232143],[-70.328304,-12.231816],[-70.328748,-12.231431],[-70.328949,-12.230455],[-70.328347,-12.2307],[-70.328366,-12.231114],[-70.328189,-12.231386],[-70.327396,-12.231716],[-70.326789,-12.231688]]]},"properties":{"id":"agua-2268","nombre":null,"tipo":"Pantano","FUENTE":"Gobierno Regional Madre de Dios","FECREG":"2020-01-27","TIPMAG":3,"NOMMAG":null}},{"type":"Feature","geometry":{"type":"Polygon","coordinates":[[[-69.881801,-13.030615],[-69.882413,-13.031211],[-69.882769,-13.031983],[-69.883008,-13.031696],[-69.882947,-13.030562],[-69.882605,-13.030229],[-69.882018,-13.029992],[-69.880287,-13.030165],[-69.879191,-13.030815],[-69.878584,-13.031726],[-69.878176,-13.033042],[-69.878848,-13.032779],[-69.879,-13.031903],[-69.879745,-13.031015],[-69.880263,-13.030718],[-69.881801,-13.030615]]]},"properties":{"id":"agua-2271","nombre":null,"tipo":"Pantano","FUENTE":"Gobierno Regional Madre de Dios","FECREG":"2020-01-27","TIPMAG":3,"NOMMAG":null}},{"type":"Feature","geometry":{"type":"Polygon","coordinates":[[[-70.073477,-12.623415],[-70.072998,-12.625391],[-70.073368,-12.626406],[-70.072769,-12.628681],[-70.072775,-12.630116],[-70.073827,-12.634119],[-70.075297,-12.636147],[-70.077433,-12.637394],[-70.079081,-12.638105],[-70.081276,-12.638754],[-70.083646,-12.637548],[-70.08486,-12.636706],[-70.086315,-12.635205],[-70.086976,-12.633049],[-70.086357,-12.630719],[-70.084764,-12.628393],[-70.083175,-12.627084],[-70.082195,-12.625653],[-70.080973,-12.624641],[-70.081038,-12.625777],[-70.082206,-12.628284],[-70.084843,-12.632699],[-70.084424,-12.634375],[-70.083153,-12.636175],[-70.081265,-12.636302],[-70.079255,-12.636191],[-70.077667,-12.63512],[-70.076321,-12.633511],[-70.074657,-12.628793],[-70.074823,-12.624845],[-70.074631,-12.622633],[-70.073477,-12.623415]]]},"properties":{"id":"agua-2272","nombre":null,"tipo":"Pantano","FUENTE":"Gobierno Regional Madre de Dios","FECREG":"2020-01-27","TIPMAG":3,"NOMMAG":null}},{"type":"Feature","geometry":{"type":"Polygon","coordinates":[[[-70.493602,-11.555687],[-70.493542,-11.556717],[-70.492905,-11.558661],[-70.493018,-11.559469],[-70.493252,-11.55985],[-70.493943,-11.558214],[-70.494221,-11.555653],[-70.49451,-11.555364],[-70.495166,-11.555457],[-70.495993,-11.555955],[-70.496556,-11.556932],[-70.49678,-11.559483],[-70.497032,-11.559819],[-70.497153,-11.561153],[-70.495974,-11.561456],[-70.496875,-11.56205],[-70.497699,-11.56195],[-70.49797,-11.561342],[-70.497743,-11.560639],[-70.497585,-11.558769],[-70.497678,-11.558003],[-70.497156,-11.55605],[-70.496749,-11.555558],[-70.496698,-11.555214],[-70.495548,-11.554306],[-70.494407,-11.55424],[-70.493996,-11.554338],[-70.493561,-11.554699],[-70.493449,-11.55515],[-70.493602,-11.555687]]]},"properties":{"id":"agua-2273","nombre":null,"tipo":"Pantano","FUENTE":"Gobierno Regional Madre de Dios","FECREG":"2020-01-27","TIPMAG":3,"NOMMAG":null}},{"type":"Feature","geometry":{"type":"Polygon","coordinates":[[[-70.493914,-11.571796],[-70.492205,-11.571482],[-70.489622,-11.569366],[-70.489231,-11.568818],[-70.488378,-11.568129],[-70.487252,-11.566245],[-70.486784,-11.564932],[-70.486878,-11.564309],[-70.486633,-11.563904],[-70.486222,-11.564002],[-70.486647,-11.566392],[-70.487797,-11.568323],[-70.489601,-11.570036],[-70.491038,-11.571057],[-70.491527,-11.571749],[-70.493519,-11.572312],[-70.493958,-11.57231],[-70.493914,-11.571796]]]},"properties":{"id":"agua-2274","nombre":null,"tipo":"Pantano","FUENTE":"Gobierno Regional Madre de Dios","FECREG":"2020-01-27","TIPMAG":3,"NOMMAG":null}},{"type":"Feature","geometry":{"type":"Polygon","coordinates":[[[-70.509818,-11.56571],[-70.50976,-11.564083],[-70.509222,-11.563129],[-70.508733,-11.56251],[-70.507516,-11.561655],[-70.506012,-11.561759],[-70.505044,-11.562098],[-70.504222,-11.562677],[-70.504178,-11.563596],[-70.505219,-11.562549],[-70.505655,-11.56236],[-70.506294,-11.562228],[-70.507649,-11.562364],[-70.508307,-11.562892],[-70.508952,-11.563879],[-70.509263,-11.564853],[-70.509189,-11.566212],[-70.509818,-11.56571]]]},"properties":{"id":"agua-2275","nombre":null,"tipo":"Pantano","FUENTE":"Gobierno Regional Madre de Dios","FECREG":"2020-01-27","TIPMAG":3,"NOMMAG":null}},{"type":"Feature","geometry":{"type":"Polygon","coordinates":[[[-70.527092,-11.552904],[-70.526084,-11.551653],[-70.524839,-11.54556],[-70.525044,-11.544333],[-70.525618,-11.543941],[-70.527589,-11.543871],[-70.528287,-11.543987],[-70.528713,-11.544344],[-70.528783,-11.546048],[-70.528035,-11.547995],[-70.52768,-11.549492],[-70.528173,-11.550984],[-70.528661,-11.55143],[-70.529906,-11.551932],[-70.528747,-11.550533],[-70.528528,-11.549308],[-70.528614,-11.54847],[-70.529572,-11.546193],[-70.529529,-11.543921],[-70.528647,-11.543357],[-70.52713,-11.543126],[-70.525796,-11.543253],[-70.524254,-11.544038],[-70.523927,-11.545146],[-70.524055,-11.546461],[-70.524365,-11.547715],[-70.524886,-11.548759],[-70.525386,-11.551477],[-70.526305,-11.553177],[-70.526854,-11.553772],[-70.527736,-11.554246],[-70.528889,-11.554449],[-70.528948,-11.55412],[-70.527092,-11.552904]]]},"properties":{"id":"agua-2276","nombre":null,"tipo":"Pantano","FUENTE":"Gobierno Regional Madre de Dios","FECREG":"2020-01-27","TIPMAG":3,"NOMMAG":null}},{"type":"Feature","geometry":{"type":"Polygon","coordinates":[[[-69.95953,-12.036522],[-69.960806,-12.036398],[-69.959336,-12.033113],[-69.95745,-12.032521],[-69.956418,-12.032645],[-69.953327,-12.034928],[-69.952116,-12.036248],[-69.950841,-12.036551],[-69.949808,-12.036375],[-69.949436,-12.034283],[-69.950161,-12.033085],[-69.951008,-12.032244],[-69.954395,-12.027687],[-69.955118,-12.02595],[-69.956329,-12.02475],[-69.958087,-12.023607],[-69.959059,-12.023604],[-69.962895,-12.025744],[-69.96618,-12.026869],[-69.967885,-12.02788],[-69.971108,-12.028766],[-69.971959,-12.028703],[-69.97153,-12.027808],[-69.969644,-12.027216],[-69.968792,-12.02674],[-69.966177,-12.026151],[-69.961915,-12.023534],[-69.960576,-12.023001],[-69.958206,-12.022949],[-69.956628,-12.023373],[-69.955234,-12.024455],[-69.951845,-12.028354],[-69.951303,-12.029552],[-69.949607,-12.031173],[-69.948702,-12.03291],[-69.948406,-12.035244],[-69.94853,-12.035901],[-69.949079,-12.036438],[-69.950418,-12.037091],[-69.951755,-12.037146],[-69.953576,-12.036602],[-69.95703,-12.033958],[-69.958427,-12.033894],[-69.958792,-12.033952],[-69.95953,-12.036522]]]},"properties":{"id":"agua-2277","nombre":null,"tipo":"Pantano","FUENTE":"Gobierno Regional Madre de Dios","FECREG":"2020-01-27","TIPMAG":3,"NOMMAG":null}},{"type":"Feature","geometry":{"type":"Polygon","coordinates":[[[-71.095888,-12.141345],[-71.095052,-12.140708],[-71.093869,-12.140403],[-71.091193,-12.140811],[-71.09093,-12.141526],[-71.091281,-12.142353],[-71.092774,-12.141788],[-71.094375,-12.142119],[-71.095255,-12.142521],[-71.095885,-12.143143],[-71.096546,-12.144871],[-71.096747,-12.144892],[-71.097133,-12.144363],[-71.096928,-12.1429],[-71.096672,-12.142041],[-71.096227,-12.141877],[-71.095888,-12.141345]]]},"properties":{"id":"agua-2278","nombre":null,"tipo":"Pantano","FUENTE":"Gobierno Regional Madre de Dios","FECREG":"2020-01-27","TIPMAG":3,"NOMMAG":null}},{"type":"Feature","geometry":{"type":"MultiPolygon","coordinates":[[[[-68.771064,-12.409309],[-68.770625,-12.411068],[-68.770879,-12.41297],[-68.770183,-12.415517],[-68.770253,-12.419035],[-68.770544,-12.420112],[-68.771309,-12.421512],[-68.771965,-12.423379],[-68.772219,-12.425676],[-68.772108,-12.426896],[-68.771157,-12.428726],[-68.771046,-12.430341],[-68.770826,-12.430986],[-68.769766,-12.43278],[-68.7717,-12.433966],[-68.772539,-12.435438],[-68.77305,-12.435726],[-68.773524,-12.435762],[-68.77389,-12.435619],[-68.773945,-12.434181],[-68.773714,-12.433594],[-68.773303,-12.430316],[-68.772962,-12.429778],[-68.772853,-12.429191],[-68.773069,-12.427643],[-68.772295,-12.421652],[-68.772026,-12.417766],[-68.772058,-12.414081],[-68.77249,-12.410416],[-68.772081,-12.409822],[-68.771468,-12.409803],[-68.771313,-12.409314],[-68.771064,-12.409309]]],[[[-68.798795,-12.408448],[-68.801605,-12.409778],[-68.803211,-12.410748],[-68.807663,-12.414699],[-68.809415,-12.41592],[-68.810327,-12.417249],[-68.812151,-12.41908],[-68.814085,-12.421415],[-68.816273,-12.424933],[-68.817294,-12.427554],[-68.817548,-12.428703],[-68.81813,-12.432292],[-68.818311,-12.434625],[-68.818162,-12.438644],[-68.816514,-12.445498],[-68.814721,-12.451096],[-68.812087,-12.457877],[-68.811429,-12.458666],[-68.811099,-12.460066],[-68.809343,-12.464335],[-68.807844,-12.466847],[-68.807331,-12.468425],[-68.80649,-12.469789],[-68.806489,-12.471834],[-68.805207,-12.475817],[-68.804403,-12.477001],[-68.802648,-12.47883],[-68.801224,-12.479511],[-68.799762,-12.479905],[-68.798484,-12.480047],[-68.79768,-12.479939],[-68.796038,-12.479148],[-68.794869,-12.478322],[-68.792716,-12.476418],[-68.789578,-12.473078],[-68.788556,-12.472395],[-68.787898,-12.47261],[-68.786766,-12.472358],[-68.782714,-12.469735],[-68.782566,-12.470559],[-68.784084,-12.472513],[-68.785661,-12.474122],[-68.786653,-12.475501],[-68.788463,-12.477168],[-68.789455,-12.478547],[-68.789791,-12.479332],[-68.792296,-12.482205],[-68.794584,-12.48369],[-68.796604,-12.48472],[-68.799477,-12.485512],[-68.800938,-12.485752],[-68.802325,-12.485753],[-68.803519,-12.485682],[-68.804688,-12.485324],[-68.806003,-12.484727],[-68.807172,-12.483867],[-68.811412,-12.479371],[-68.81229,-12.477937],[-68.812681,-12.476645],[-68.814217,-12.473583],[-68.814193,-12.472674],[-68.814778,-12.471239],[-68.814804,-12.468918],[-68.814732,-12.467411],[-68.814125,-12.465855],[-68.814174,-12.46473],[-68.814541,-12.463032],[-68.815809,-12.459731],[-68.81581,-12.458678],[-68.818151,-12.452626],[-68.82082,-12.443053],[-68.8217,-12.438129],[-68.821863,-12.434971],[-68.821165,-12.430549],[-68.820335,-12.426916],[-68.818745,-12.423183],[-68.817972,-12.421531],[-68.815535,-12.418486],[-68.814849,-12.41728],[-68.812923,-12.414967],[-68.807056,-12.40925],[-68.805669,-12.408244],[-68.804107,-12.407396],[-68.803587,-12.407457],[-68.802675,-12.407247],[-68.801092,-12.407425],[-68.801001,-12.407873],[-68.800727,-12.408053],[-68.798597,-12.407273],[-68.797472,-12.406166],[-68.797229,-12.405508],[-68.796834,-12.405089],[-68.794401,-12.403681],[-68.793367,-12.403501],[-68.791541,-12.403619],[-68.79148,-12.403888],[-68.791784,-12.404427],[-68.792757,-12.404906],[-68.792574,-12.405624],[-68.79635,-12.406867],[-68.798795,-12.408448]]],[[[-68.784632,-12.399692],[-68.781652,-12.399767],[-68.781749,-12.400054],[-68.782995,-12.400227],[-68.78317,-12.400457],[-68.78134,-12.400972],[-68.781144,-12.40147],[-68.781378,-12.401814],[-68.781728,-12.40191],[-68.782819,-12.402103],[-68.784688,-12.402104],[-68.786188,-12.401761],[-68.787181,-12.401723],[-68.787454,-12.401628],[-68.787727,-12.401188],[-68.788136,-12.401112],[-68.788155,-12.400824],[-68.785469,-12.399865],[-68.784632,-12.399692]]]]},"properties":{"id":"agua-2279","nombre":"VALENCIA","tipo":"Laguna","FUENTE":"Gobierno Regional Madre de Dios","FECREG":"2020-01-27","TIPMAG":2,"NOMMAG":"VALENCIA"}},{"type":"Feature","geometry":{"type":"Polygon","coordinates":[[[-70.139014,-12.496269],[-70.139429,-12.496483],[-70.139512,-12.496028],[-70.138883,-12.491437],[-70.139087,-12.490791],[-70.139887,-12.489878],[-70.13986,-12.489436],[-70.138612,-12.490625],[-70.138384,-12.491392],[-70.138646,-12.492826],[-70.138551,-12.49346],[-70.138842,-12.495971],[-70.139014,-12.496269]]]},"properties":{"id":"agua-2280","nombre":"RENAN","tipo":"Laguna","FUENTE":"Gobierno Regional Madre de Dios","FECREG":"2020-01-27","TIPMAG":2,"NOMMAG":"RENAN"}},{"type":"Feature","geometry":{"type":"Polygon","coordinates":[[[-70.406571,-12.600359],[-70.407432,-12.600326],[-70.407964,-12.601356],[-70.40805,-12.601026],[-70.407755,-12.600496],[-70.407812,-12.600166],[-70.408117,-12.59992],[-70.410774,-12.599505],[-70.411053,-12.599704],[-70.411085,-12.600192],[-70.411304,-12.600148],[-70.412046,-12.599684],[-70.412917,-12.59856],[-70.41259,-12.597514],[-70.412818,-12.596537],[-70.412535,-12.595577],[-70.411519,-12.594147],[-70.410553,-12.593736],[-70.410228,-12.593193],[-70.408376,-12.593805],[-70.405311,-12.59441],[-70.404555,-12.595217],[-70.404121,-12.596052],[-70.403343,-12.598037],[-70.403388,-12.598266],[-70.403595,-12.598609],[-70.404357,-12.599136],[-70.405324,-12.599548],[-70.406081,-12.59907],[-70.406705,-12.598292],[-70.40622,-12.597778],[-70.40574,-12.598196],[-70.404981,-12.598215],[-70.405139,-12.597697],[-70.405576,-12.597451],[-70.405883,-12.597507],[-70.405984,-12.597248],[-70.405791,-12.596833],[-70.405516,-12.59715],[-70.405033,-12.597124],[-70.405074,-12.596635],[-70.405336,-12.596333],[-70.405977,-12.596085],[-70.406222,-12.59541],[-70.406643,-12.594876],[-70.407473,-12.594284],[-70.407983,-12.594123],[-70.40873,-12.594349],[-70.409342,-12.594058],[-70.41101,-12.594466],[-70.412347,-12.595851],[-70.412571,-12.596668],[-70.41244,-12.596869],[-70.412162,-12.596713],[-70.41183,-12.597576],[-70.411293,-12.598167],[-70.410229,-12.598747],[-70.407733,-12.599205],[-70.406743,-12.599842],[-70.406467,-12.600173],[-70.406571,-12.600359]]]},"properties":{"id":"agua-2281","nombre":"COCHA UNO","tipo":"Laguna","FUENTE":"Gobierno Regional Madre de Dios","FECREG":"2020-01-27","TIPMAG":2,"NOMMAG":"COCHA UNO"}},{"type":"Feature","geometry":{"type":"Polygon","coordinates":[[[-69.326404,-12.233205],[-69.326725,-12.233119],[-69.326622,-12.232545],[-69.326681,-12.23243],[-69.327016,-12.23253],[-69.327002,-12.232343],[-69.326358,-12.230793],[-69.326209,-12.228841],[-69.327958,-12.226801],[-69.329096,-12.226124],[-69.330862,-12.226409],[-69.331184,-12.226983],[-69.331083,-12.227787],[-69.329932,-12.229583],[-69.329583,-12.230732],[-69.32954,-12.231378],[-69.329876,-12.231608],[-69.330286,-12.232282],[-69.33043,-12.230946],[-69.332133,-12.22747],[-69.332103,-12.226379],[-69.331898,-12.225877],[-69.331211,-12.225146],[-69.330029,-12.225118],[-69.328424,-12.225695],[-69.327111,-12.226586],[-69.326426,-12.227434],[-69.325741,-12.227736],[-69.325465,-12.229057],[-69.325863,-12.232057],[-69.326404,-12.233205]]]},"properties":{"id":"agua-2282","nombre":null,"tipo":"Pantano","FUENTE":"Gobierno Regional Madre de Dios","FECREG":"2020-01-27","TIPMAG":3,"NOMMAG":null}},{"type":"Feature","geometry":{"type":"Polygon","coordinates":[[[-69.675339,-12.04482],[-69.675282,-12.046017],[-69.674605,-12.047466],[-69.672545,-12.050163],[-69.670349,-12.051675],[-69.669001,-12.052181],[-69.667825,-12.05332],[-69.667172,-12.054434],[-69.667259,-12.055224],[-69.667551,-12.055438],[-69.668243,-12.055365],[-69.668449,-12.055113],[-69.66857,-12.054838],[-69.668435,-12.054013],[-69.66887,-12.053354],[-69.671347,-12.052103],[-69.67342,-12.050137],[-69.675444,-12.047584],[-69.675963,-12.046123],[-69.675985,-12.045273],[-69.675751,-12.044233],[-69.67458,-12.042346],[-69.673302,-12.041751],[-69.670826,-12.041147],[-69.669932,-12.041206],[-69.668961,-12.041859],[-69.666133,-12.046326],[-69.665128,-12.048702],[-69.665075,-12.051114],[-69.66586,-12.053868],[-69.665608,-12.054232],[-69.665823,-12.054729],[-69.666576,-12.054579],[-69.6666,-12.054304],[-69.66633,-12.053455],[-69.666365,-12.052702],[-69.66595,-12.051913],[-69.665618,-12.050562],[-69.665883,-12.049353],[-69.66766,-12.045473],[-69.66933,-12.042502],[-69.670532,-12.042033],[-69.671773,-12.042264],[-69.674498,-12.043729],[-69.675132,-12.044327],[-69.675339,-12.04482]]]},"properties":{"id":"agua-2283","nombre":null,"tipo":"Pantano","FUENTE":"Gobierno Regional Madre de Dios","FECREG":"2020-01-27","TIPMAG":3,"NOMMAG":null}},{"type":"Feature","geometry":{"type":"Polygon","coordinates":[[[-70.153489,-11.886351],[-70.155124,-11.885339],[-70.157028,-11.884518],[-70.158057,-11.883748],[-70.158684,-11.882801],[-70.158546,-11.881773],[-70.156794,-11.880919],[-70.155448,-11.88157],[-70.153742,-11.883084],[-70.153816,-11.883287],[-70.154472,-11.883284],[-70.155344,-11.882779],[-70.156397,-11.881829],[-70.15704,-11.881791],[-70.157369,-11.882041],[-70.1573,-11.882806],[-70.156708,-11.883503],[-70.153752,-11.885285],[-70.152856,-11.886126],[-70.152471,-11.886773],[-70.152352,-11.887396],[-70.152287,-11.88931],[-70.152873,-11.887286],[-70.153489,-11.886351]]]},"properties":{"id":"agua-2284","nombre":null,"tipo":"Pantano","FUENTE":"Gobierno Regional Madre de Dios","FECREG":"2020-01-27","TIPMAG":3,"NOMMAG":null}},{"type":"Feature","geometry":{"type":"Polygon","coordinates":[[[-70.395876,-11.673383],[-70.395988,-11.673559],[-70.395698,-11.674451],[-70.395448,-11.674523],[-70.395282,-11.675117],[-70.395114,-11.67642],[-70.395118,-11.677223],[-70.395424,-11.678169],[-70.395731,-11.678584],[-70.396914,-11.679095],[-70.397977,-11.679118],[-70.398617,-11.679058],[-70.400099,-11.678448],[-70.400866,-11.677353],[-70.401023,-11.675609],[-70.400493,-11.675622],[-70.400427,-11.676968],[-70.40011,-11.677673],[-70.399661,-11.678048],[-70.398701,-11.67844],[-70.39675,-11.678478],[-70.396326,-11.678165],[-70.395929,-11.677291],[-70.395978,-11.675382],[-70.396592,-11.672982],[-70.397025,-11.672191],[-70.397397,-11.670883],[-70.397949,-11.670407],[-70.397435,-11.669795],[-70.397083,-11.670324],[-70.39676,-11.671627],[-70.395876,-11.673383]]]},"properties":{"id":"agua-2285","nombre":null,"tipo":"Pantano","FUENTE":"Gobierno Regional Madre de Dios","FECREG":"2020-01-27","TIPMAG":3,"NOMMAG":null}},{"type":"Feature","geometry":{"type":"Polygon","coordinates":[[[-69.426654,-11.442241],[-69.426702,-11.441252],[-69.42769,-11.439801],[-69.428387,-11.439039],[-69.429129,-11.438837],[-69.430279,-11.439122],[-69.431721,-11.439853],[-69.432843,-11.440899],[-69.433325,-11.441788],[-69.433514,-11.441817],[-69.433514,-11.441487],[-69.43309,-11.44041],[-69.431079,-11.438849],[-69.429754,-11.438362],[-69.428881,-11.438335],[-69.427994,-11.43881],[-69.427573,-11.43927],[-69.427238,-11.439299],[-69.426294,-11.440708],[-69.426091,-11.441483],[-69.426257,-11.442425],[-69.426654,-11.442241]]]},"properties":{"id":"agua-2286","nombre":null,"tipo":"Pantano","FUENTE":"Gobierno Regional Madre de Dios","FECREG":"2020-01-27","TIPMAG":3,"NOMMAG":null}},{"type":"Feature","geometry":{"type":"Polygon","coordinates":[[[-70.108876,-11.315635],[-70.108605,-11.313917],[-70.107526,-11.312496],[-70.10528,-11.310825],[-70.105587,-11.311269],[-70.106695,-11.312069],[-70.107893,-11.313457],[-70.108275,-11.314316],[-70.108542,-11.315636],[-70.10837,-11.316383],[-70.108109,-11.316671],[-70.107703,-11.316945],[-70.106933,-11.317092],[-70.105913,-11.316622],[-70.104355,-11.316211],[-70.101999,-11.316177],[-70.099559,-11.317119],[-70.098846,-11.317208],[-70.098707,-11.317486],[-70.098828,-11.317629],[-70.102247,-11.316578],[-70.105128,-11.316811],[-70.106745,-11.31738],[-70.107893,-11.317174],[-70.108488,-11.316828],[-70.108719,-11.316454],[-70.108876,-11.315635]]]},"properties":{"id":"agua-2287","nombre":null,"tipo":"Pantano","FUENTE":"Gobierno Regional Madre de Dios","FECREG":"2020-01-27","TIPMAG":3,"NOMMAG":null}},{"type":"Feature","geometry":{"type":"Polygon","coordinates":[[[-70.160397,-11.309829],[-70.160155,-11.307153],[-70.15918,-11.304926],[-70.158238,-11.304332],[-70.157088,-11.304576],[-70.156514,-11.304997],[-70.156656,-11.305138],[-70.156985,-11.304907],[-70.158381,-11.304959],[-70.159083,-11.305761],[-70.159828,-11.307767],[-70.159817,-11.309873],[-70.159274,-11.309951],[-70.159198,-11.310296],[-70.15786,-11.310225],[-70.156733,-11.30977],[-70.156785,-11.310054],[-70.157716,-11.310491],[-70.158835,-11.310657],[-70.159381,-11.310563],[-70.160071,-11.310232],[-70.160397,-11.309829]]]},"properties":{"id":"agua-2288","nombre":null,"tipo":"Pantano","FUENTE":"Gobierno Regional Madre de Dios","FECREG":"2020-01-27","TIPMAG":3,"NOMMAG":null}},{"type":"Feature","geometry":{"type":"Polygon","coordinates":[[[-70.678885,-12.838128],[-70.678472,-12.838554],[-70.678226,-12.840924],[-70.67845,-12.84232],[-70.679025,-12.843073],[-70.679199,-12.843035],[-70.679342,-12.842531],[-70.679801,-12.842479],[-70.679829,-12.842061],[-70.679049,-12.840211],[-70.678986,-12.838749],[-70.679292,-12.837974],[-70.680362,-12.836313],[-70.680606,-12.835728],[-70.680557,-12.835287],[-70.680813,-12.835177],[-70.680622,-12.834118],[-70.68034,-12.835702],[-70.680155,-12.83577],[-70.678885,-12.838128]]]},"properties":{"id":"agua-2290","nombre":null,"tipo":"Pantano","FUENTE":"Gobierno Regional Madre de Dios","FECREG":"2020-01-27","TIPMAG":3,"NOMMAG":null}}]}