{
  "type": "FeatureCollection",
  "features": [
    {
      "type": "Feature",
      "geometry": {
        "type": "Polygon",
        "coordinates": [
          [
            [
              -68.97038666950912,
              -11.91300292088318
            ],
            [
              -68.972317623239,
              -11.915373331589274
            ],
            [
              -68.97254802670422,
              -11.910123790731166
            ],
            [
              -68.97644504949217,
              -11.912690699540143
            ],
            [
              -68.98146362053997,
              -11.908749414245623
            ],
            [
              -68.98730500692992,
              -11.914659995165614
            ],
            [
              -68.98959273837711,
              -11.911757743488584
            ],
            [
              -68.99300490889203,
              -11.915969705371378
            ],
            [
              -69.00001430126194,
              -11.916479514875316
            ],
            [
              -69.00020685671923,
              -11.912146675184985
            ],
            [
              -69.00157013082385,
              -11.914965132952949
            ],
            [
              -69.00228294502486,
              -11.912263006295552
            ],
            [
              -69.00312431781506,
              -11.914665412215818
            ],
            [
              -69.00844467345466,
              -11.913510287267275
            ],
            [
              -69.00978057732395,
              -11.915968244236193
            ],
            [
              -69.01170628775647,
              -11.911915233837947
            ],
            [
              -69.0185086504268,
              -11.920347461324516
            ],
            [
              -69.02580776086553,
              -11.916993629997098
            ],
            [
              -69.02563002793939,
              -11.914110417501858
            ],
            [
              -69.03277549446003,
              -11.913380527062282
            ],
            [
              -69.03630932215896,
              -11.916982965049257
            ],
            [
              -69.03806363111914,
              -11.91479762160565
            ],
            [
              -69.04013762417785,
              -11.918773969679663
            ],
            [
              -69.04044475391692,
              -11.916431897858725
            ],
            [
              -69.04645477483028,
              -11.91414780855454
            ],
            [
              -69.04590603661914,
              -11.917564610718468
            ],
            [
              -69.0477152637456,
              -11.91542533004216
            ],
            [
              -69.04990968858296,
              -11.917244564599113
            ],
            [
              -69.04917345911622,
              -11.914817341316093
            ],
            [
              -69.05276988542256,
              -11.912535901203933
            ],
            [
              -69.05596892213221,
              -11.915690175210852
            ],
            [
              -69.05730908087511,
              -11.908870537869674
            ],
            [
              -69.05876031600408,
              -11.910988937250735
            ],
            [
              -69.06254673964953,
              -11.908423367737237
            ],
            [
              -69.06524743757315,
              -11.910865121013444
            ],
            [
              -69.06655155712566,
              -11.907995048866454
            ],
            [
              -69.07107184300425,
              -11.910439195687466
            ],
            [
              -69.08199799447536,
              -11.9063140670211
            ],
            [
              -69.0862416126452,
              -11.911568914832312
            ],
            [
              -69.09198712471586,
              -11.909575016335086
            ],
            [
              -69.0941467188923,
              -11.912599178839404
            ],
            [
              -69.09213846933507,
              -11.916552593207022
            ],
            [
              -69.09511527682274,
              -11.915238330826417
            ],
            [
              -69.09344908855262,
              -11.917219115396325
            ],
            [
              -69.09572648440826,
              -11.92208163089545
            ],
            [
              -69.10056759930963,
              -11.920032598452469
            ],
            [
              -69.09743910321667,
              -11.924808447135087
            ],
            [
              -69.10097614454472,
              -11.92158007438633
            ],
            [
              -69.10368946913592,
              -11.922465037494058
            ],
            [
              -69.10598152526734,
              -11.924763042909792
            ],
            [
              -69.10438443880047,
              -11.924027535703056
            ],
            [
              -69.10461384516525,
              -11.926093219364605
            ],
            [
              -69.1082083115002,
              -11.927122672313864
            ],
            [
              -69.10889966483353,
              -11.925319299883013
            ],
            [
              -69.11588663548854,
              -11.932071606059697
            ],
            [
              -69.11730086677561,
              -11.929329402505914
            ],
            [
              -69.12064218365164,
              -11.930767408689242
            ],
            [
              -69.1210047560495,
              -11.927418139578885
            ],
            [
              -69.12540599906922,
              -11.928392315187514
            ],
            [
              -69.12505669315973,
              -11.925523092098086
            ],
            [
              -69.12753532229772,
              -11.926123966940331
            ],
            [
              -69.12850466066851,
              -11.923768318206388
            ],
            [
              -69.12602798578564,
              -11.920854572469207
            ],
            [
              -69.12981519052701,
              -11.922382771502448
            ],
            [
              -69.13050598648371,
              -11.917843326349121
            ],
            [
              -69.13408687592437,
              -11.915056220691545
            ],
            [
              -69.14027313953667,
              -11.918389359580441
            ],
            [
              -69.14308564344695,
              -11.915739057755795
            ],
            [
              -69.14425145302963,
              -11.918103371255116
            ],
            [
              -69.14709257155954,
              -11.915183606465256
            ],
            [
              -69.14941762262337,
              -11.917086073122697
            ],
            [
              -69.14947170514863,
              -11.911165153304436
            ],
            [
              -69.16173713954184,
              -11.9156684729682
            ],
            [
              -69.1699141935666,
              -11.911905206281185
            ],
            [
              -69.17421944209028,
              -11.91455065783591
            ],
            [
              -69.17700376054135,
              -11.911818256462514
            ],
            [
              -69.17803432982706,
              -11.91459377009167
            ],
            [
              -69.18043411822654,
              -11.913923468074465
            ],
            [
              -69.17870979414552,
              -11.911106576508608
            ],
            [
              -69.18211528561056,
              -11.913895296329068
            ],
            [
              -69.18407933867135,
              -11.910677765807616
            ],
            [
              -69.19000118227306,
              -11.911727374495616
            ],
            [
              -69.19244938780047,
              -11.900581124722127
            ],
            [
              -69.19438966873872,
              -11.902331337828993
            ],
            [
              -69.19706441813399,
              -11.899848347998713
            ],
            [
              -69.1969590058741,
              -11.90260040902882
            ],
            [
              -69.19898273997693,
              -11.902525169273813
            ],
            [
              -69.20262674458921,
              -11.900503146493936
            ],
            [
              -69.20168069823325,
              -11.898197423699736
            ],
            [
              -69.20500303437444,
              -11.899697052155265
            ],
            [
              -69.20541521196465,
              -11.89626720435103
            ],
            [
              -69.20863695182176,
              -11.89696363072462
            ],
            [
              -69.2128867784178,
              -11.89271263134065
            ],
            [
              -69.21440790699029,
              -11.89850457532212
            ],
            [
              -69.2174584313171,
              -11.89952143657763
            ],
            [
              -69.21974321376466,
              -11.897804198505789
            ],
            [
              -69.21855527048623,
              -11.895691526498437
            ],
            [
              -69.22069357566782,
              -11.896302542406048
            ],
            [
              -69.22418274306263,
              -11.891981648210617
            ],
            [
              -69.22180923235112,
              -11.88990765610786
            ],
            [
              -69.23046578837324,
              -11.889896254103778
            ],
            [
              -69.231355249583,
              -11.884459716933481
            ],
            [
              -69.23564564088396,
              -11.882810342108794
            ],
            [
              -69.24230274784911,
              -11.884755845403387
            ],
            [
              -69.24412690960638,
              -11.883145880628572
            ],
            [
              -69.24320085877008,
              -11.8869165574808
            ],
            [
              -69.24613342272632,
              -11.886598459054275
            ],
            [
              -69.24493854408716,
              -11.889355485841664
            ],
            [
              -69.24704879464724,
              -11.887562327354251
            ],
            [
              -69.24708336920706,
              -11.891667720424469
            ],
            [
              -69.25128046416147,
              -11.892176579233524
            ],
            [
              -69.25205134926355,
              -11.89690915596714
            ],
            [
              -69.25665807194298,
              -11.89636415164118
            ],
            [
              -69.25803065043797,
              -11.893196585639116
            ],
            [
              -69.26022201374657,
              -11.898192235813978
            ],
            [
              -69.26161061780365,
              -11.895457047277963
            ],
            [
              -69.26282726660814,
              -11.898506447538393
            ],
            [
              -69.2632989146004,
              -11.896778734238191
            ],
            [
              -69.26554550361244,
              -11.898066793442212
            ],
            [
              -69.26489629964854,
              -11.895578069358855
            ],
            [
              -69.26824280597428,
              -11.896285411250275
            ],
            [
              -69.26779026104016,
              -11.898301595506835
            ],
            [
              -69.27016933556904,
              -11.896711744144651
            ],
            [
              -69.27258993090165,
              -11.90282831092035
            ],
            [
              -69.27988269913622,
              -11.901050371698213
            ],
            [
              -69.27837085812702,
              -11.90280199749429
            ],
            [
              -69.28075548647537,
              -11.90552411373354
            ],
            [
              -69.28216496938145,
              -11.90293320510986
            ],
            [
              -69.28501009520404,
              -11.90451240568195
            ],
            [
              -69.28471668740065,
              -11.901175680988674
            ],
            [
              -69.2868660276427,
              -11.9024796548089
            ],
            [
              -69.28950923322392,
              -11.898698454332786
            ],
            [
              -69.29608460203112,
              -11.902756864629167
            ],
            [
              -69.29490768452317,
              -11.904668455731253
            ],
            [
              -69.30050026074746,
              -11.903278529870535
            ],
            [
              -69.3028204923392,
              -11.906800453583966
            ],
            [
              -69.30556544228523,
              -11.90509162404458
            ],
            [
              -69.30659407244201,
              -11.909073502810143
            ],
            [
              -69.30876181973694,
              -11.907208908549023
            ],
            [
              -69.3078767415346,
              -11.90904547425964
            ],
            [
              -69.31127036329875,
              -11.9110227147332
            ],
            [
              -69.31799033234883,
              -11.908403926845802
            ],
            [
              -69.31836058364094,
              -11.903469020387165
            ],
            [
              -69.320106956444,
              -11.90515177878908
            ],
            [
              -69.32383050962201,
              -11.902265136475137
            ],
            [
              -69.33056899757779,
              -11.905173935249465
            ],
            [
              -69.33334545382797,
              -11.902880202694229
            ],
            [
              -69.3348949517296,
              -11.908214063870226
            ],
            [
              -69.33731107814121,
              -11.907974670656895
            ],
            [
              -69.33809890010706,
              -11.904155342867295
            ],
            [
              -69.34142515138387,
              -11.902457755361102
            ],
            [
              -69.35061354744491,
              -11.902633532215898
            ],
            [
              -69.35016439146294,
              -11.899437446395202
            ],
            [
              -69.3514894940024,
              -11.90271415275794
            ],
            [
              -69.35716648278095,
              -11.90272011364426
            ],
            [
              -69.35781826668176,
              -11.8972863176492
            ],
            [
              -69.36294670652104,
              -11.897236091092955
            ],
            [
              -69.36360755598812,
              -11.894287286493125
            ],
            [
              -69.36542912027895,
              -11.896718627568793
            ],
            [
              -69.36584815605438,
              -11.893746957018976
            ],
            [
              -69.36826039974179,
              -11.894911655344137
            ],
            [
              -69.37063641830933,
              -11.890133448479784
            ],
            [
              -69.37480154332424,
              -11.888695163950521
            ],
            [
              -69.3745257391804,
              -11.885664529476559
            ],
            [
              -69.37835234450795,
              -11.885957045757847
            ],
            [
              -69.3842301896643,
              -11.880690273368064
            ],
            [
              -69.38701210138451,
              -11.88422108594958
            ],
            [
              -69.39238274605111,
              -11.877881521318596
            ],
            [
              -69.39437377594436,
              -11.881090422000543
            ],
            [
              -69.40658143667497,
              -11.873166685334896
            ],
            [
              -69.40995971191657,
              -11.87471034415984
            ],
            [
              -69.40937429355769,
              -11.87143033827286
            ],
            [
              -69.41406928074225,
              -11.866526255183002
            ],
            [
              -69.41566534629327,
              -11.869394105254903
            ],
            [
              -69.42045159731927,
              -11.866004328646461
            ],
            [
              -69.42710754105073,
              -11.866973326861173
            ],
            [
              -69.42761207231376,
              -11.870701989097416
            ],
            [
              -69.43607284892029,
              -11.873120168830065
            ],
            [
              -69.43751434111492,
              -11.867872141404074
            ],
            [
              -69.43995832440761,
              -11.867776278743971
            ],
            [
              -69.44344942760283,
              -11.871825007859828
            ],
            [
              -69.44815159000137,
              -11.870152804767432
            ],
            [
              -69.45217299997398,
              -11.873419544410618
            ],
            [
              -69.45091746070045,
              -11.875708963378452
            ],
            [
              -69.46103348469317,
              -11.875430752014031
            ],
            [
              -69.46427123471409,
              -11.872036605475568
            ],
            [
              -69.46690572423958,
              -11.873375997250095
            ],
            [
              -69.47134156185187,
              -11.865376817676538
            ],
            [
              -69.47324409427199,
              -11.865783302540208
            ],
            [
              -69.47253069305171,
              -11.861555108644248
            ],
            [
              -69.47834715342293,
              -11.861002658029612
            ],
            [
              -69.47997339023352,
              -11.855955757081855
            ],
            [
              -69.484604217438,
              -11.857811249394159
            ],
            [
              -69.48799623403552,
              -11.850304368350757
            ],
            [
              -69.49465021772401,
              -11.847930781236213
            ],
            [
              -69.49427250618271,
              -11.845059818241731
            ],
            [
              -69.49863850537149,
              -11.84809854966855
            ],
            [
              -69.49909868687968,
              -11.844415423281019
            ],
            [
              -69.50192438934175,
              -11.846937839975054
            ],
            [
              -69.50383312352105,
              -11.844642651372464
            ],
            [
              -69.50443879570932,
              -11.848175457143821
            ],
            [
              -69.50900168211808,
              -11.843680544398946
            ],
            [
              -69.51269287012052,
              -11.84658892643991
            ],
            [
              -69.51347639878311,
              -11.841300026297759
            ],
            [
              -69.52223471799802,
              -11.842379491415086
            ],
            [
              -69.52436165984126,
              -11.840079300577179
            ],
            [
              -69.52726265675511,
              -11.842566976423804
            ],
            [
              -69.52474993346148,
              -11.83757430140783
            ],
            [
              -69.5262104689583,
              -11.835909559525184
            ],
            [
              -69.52801643223431,
              -11.837493467568434
            ],
            [
              -69.52856865002138,
              -11.834100074847546
            ],
            [
              -69.52543278147417,
              -11.830040948132147
            ],
            [
              -69.53014447813337,
              -11.8253861953135
            ],
            [
              -69.53061997545304,
              -11.8270434008755
            ],
            [
              -69.5349291372185,
              -11.824406987558614
            ],
            [
              -69.53803499283082,
              -11.825502604786385
            ],
            [
              -69.53695486475902,
              -11.820861865736429
            ],
            [
              -69.54985532330859,
              -11.820390101570132
            ],
            [
              -69.54673361886945,
              -11.814620324781083
            ],
            [
              -69.55341170369277,
              -11.812713521487133
            ],
            [
              -69.55305450395645,
              -11.808248757223804
            ],
            [
              -69.55511303645301,
              -11.808567506247924
            ],
            [
              -69.55791939034978,
              -11.801353650584424
            ],
            [
              -69.56320255136589,
              -11.79947370251418
            ],
            [
              -69.56382939776383,
              -11.801638155180965
            ],
            [
              -69.56567233717784,
              -11.798755538206352
            ],
            [
              -69.56841336420386,
              -11.798420796669854
            ],
            [
              -69.56757893322951,
              -11.801097620775796
            ],
            [
              -69.57142496548924,
              -11.801342408648846
            ],
            [
              -69.57047083168753,
              -11.798793425659177
            ],
            [
              -69.5749259082356,
              -11.799211925505329
            ],
            [
              -69.57957868322701,
              -11.795338174170373
            ],
            [
              -69.58490985699767,
              -11.796646848804805
            ],
            [
              -69.58566881071528,
              -11.792104152350255
            ],
            [
              -69.58224584600377,
              -11.787373568553905
            ],
            [
              -69.58713278467494,
              -11.78575561274749
            ],
            [
              -69.5837872545843,
              -11.782782770191197
            ],
            [
              -69.58944777607282,
              -11.781566763630245
            ],
            [
              -69.58803923239186,
              -11.779396413433611
            ],
            [
              -69.58835680598185,
              -11.777421070892537
            ],
            [
              -69.5894273260153,
              -11.779756097203197
            ],
            [
              -69.59914466625325,
              -11.77647356931327
            ],
            [
              -69.60756528398709,
              -11.776741621100564
            ],
            [
              -69.61456370724017,
              -11.772722300426159
            ],
            [
              -69.61426111416289,
              -11.768204212920576
            ],
            [
              -69.6182025236396,
              -11.76355031953865
            ],
            [
              -69.62358608358453,
              -11.762166029364474
            ],
            [
              -69.6245578238202,
              -11.763841655348592
            ],
            [
              -69.62881022628132,
              -11.760400313827478
            ],
            [
              -69.63252160321225,
              -11.767504794217176
            ],
            [
              -69.63784714463672,
              -11.763408026440471
            ],
            [
              -69.63897736809407,
              -11.765518965695561
            ],
            [
              -69.64516530080728,
              -11.76585174293605
            ],
            [
              -69.64321254211592,
              -11.768733254728707
            ],
            [
              -69.64817744922756,
              -11.771682042282807
            ],
            [
              -69.65454375760227,
              -11.765649913606758
            ],
            [
              -69.65588776552433,
              -11.759676343192105
            ],
            [
              -69.66183088002467,
              -11.758193631765005
            ],
            [
              -69.66346287982817,
              -11.760368000052187
            ],
            [
              -69.6685324032237,
              -11.759391177872521
            ],
            [
              -69.66687962448303,
              -11.764089088002393
            ],
            [
              -69.67107868705656,
              -11.763339119618692
            ],
            [
              -69.66983151632112,
              -11.767270017501922
            ],
            [
              -69.67696435253674,
              -11.7707094255829
            ],
            [
              -69.67862662217009,
              -11.765516163733386
            ],
            [
              -69.6842159364063,
              -11.770845144077635
            ],
            [
              -69.68604373836283,
              -11.768681452377175
            ],
            [
              -69.69050898217385,
              -11.771566290018605
            ],
            [
              -69.6941074478917,
              -11.770147210245524
            ],
            [
              -69.6988968812109,
              -11.779361514973091
            ],
            [
              -69.69662401207972,
              -11.781489967267577
            ],
            [
              -69.70255528531591,
              -11.78071789824813
            ],
            [
              -69.70316660789287,
              -11.783755953488877
            ],
            [
              -69.70739150961626,
              -11.784600414566361
            ],
            [
              -69.70556036579059,
              -11.786935358111265
            ],
            [
              -69.71080758489583,
              -11.795608792167604
            ],
            [
              -69.72028942564867,
              -11.790173366773876
            ],
            [
              -69.72682446998301,
              -11.800861502886166
            ],
            [
              -69.72259720275586,
              -11.805899490201067
            ],
            [
              -69.72620161642327,
              -11.807119628729046
            ],
            [
              -69.73085129939442,
              -11.803359583574583
            ],
            [
              -69.73428246557071,
              -11.804855655989154
            ],
            [
              -69.73701959117555,
              -11.801825633021998
            ],
            [
              -69.73539515770034,
              -11.799210086777393
            ],
            [
              -69.73945451509624,
              -11.797141420358113
            ],
            [
              -69.75576805130189,
              -11.802191040090351
            ],
            [
              -69.75588924565243,
              -11.807526372023354
            ],
            [
              -69.7681448945743,
              -11.803023279619625
            ],
            [
              -69.7691083277578,
              -11.799302414052022
            ],
            [
              -69.77494831939696,
              -11.797482174955077
            ],
            [
              -69.77892451886807,
              -11.800456260471988
            ],
            [
              -69.78304232390167,
              -11.796748281481527
            ],
            [
              -69.78460240254367,
              -11.799110295081974
            ],
            [
              -69.78747068334836,
              -11.795045904299528
            ],
            [
              -69.79425405825089,
              -11.797918232575396
            ],
            [
              -69.79765022900662,
              -11.795430953066566
            ],
            [
              -69.80268133236957,
              -11.796676346630319
            ],
            [
              -69.8092303300412,
              -11.791868168333416
            ],
            [
              -69.80808332640859,
              -11.786072229327363
            ],
            [
              -69.81462196022366,
              -11.78440786825625
            ],
            [
              -69.8139379188501,
              -11.787350449448825
            ],
            [
              -69.82012267988024,
              -11.784994775703654
            ],
            [
              -69.8283777191817,
              -11.791334816856377
            ],
            [
              -69.8405619455425,
              -11.7852948306264
            ],
            [
              -69.84252342854526,
              -11.781204001580056
            ],
            [
              -69.84561742523081,
              -11.783665777528297
            ],
            [
              -69.8498374821591,
              -11.782760269794641
            ],
            [
              -69.85397625190599,
              -11.777879851284428
            ],
            [
              -69.86119145432006,
              -11.780145811659338
            ],
            [
              -69.86304024589144,
              -11.774538982417285
            ],
            [
              -69.86838796829622,
              -11.77586997640585
            ],
            [
              -69.86838594409886,
              -11.772229866030857
            ],
            [
              -69.87247055402281,
              -11.770240255991633
            ],
            [
              -69.87273320545889,
              -11.76736174838144
            ],
            [
              -69.87796825957699,
              -11.767248858068761
            ],
            [
              -69.87937838313705,
              -11.770229608683636
            ],
            [
              -69.88650879702743,
              -11.761969341190134
            ],
            [
              -69.88889987019714,
              -11.764760466179535
            ],
            [
              -69.89639351132315,
              -11.762309029734434
            ],
            [
              -69.9021267301348,
              -11.754158186252958
            ],
            [
              -69.90099762192271,
              -11.751047358743296
            ],
            [
              -69.90911021245054,
              -11.74624569182752
            ],
            [
              -69.90816280379259,
              -11.738038119251534
            ],
            [
              -69.91642856970036,
              -11.736257363777442
            ],
            [
              -69.9207462738884,
              -11.740524330060175
            ],
            [
              -69.92091649691645,
              -11.731246271862574
            ],
            [
              -69.92561070967322,
              -11.726382885979115
            ],
            [
              -69.93695084706405,
              -11.735793567356138
            ],
            [
              -69.94206834632467,
              -11.726837315010092
            ],
            [
              -69.94593740094885,
              -11.728969420394595
            ],
            [
              -69.95362122110124,
              -11.720851202537649
            ],
            [
              -69.96002660458322,
              -11.710033693943322
            ],
            [
              -69.96579248458605,
              -11.71144199676066
            ],
            [
              -69.97171110206924,
              -11.709221289581393
            ],
            [
              -69.9744690899343,
              -11.714901974942453
            ],
            [
              -69.98412087080939,
              -11.713629801243956
            ],
            [
              -69.99304362354225,
              -11.706360717750163
            ],
            [
              -69.994872888781,
              -11.7016435827233
            ],
            [
              -70.00225385896101,
              -11.707035601458585
            ],
            [
              -70.00734021054107,
              -11.70481746564815
            ],
            [
              -70.01353904343506,
              -11.709323509710913
            ],
            [
              -70.02541099500748,
              -11.708773430237937
            ],
            [
              -70.02710852252926,
              -11.711416494749981
            ],
            [
              -70.03272467790045,
              -11.70952250326287
            ],
            [
              -70.0341034509549,
              -11.705581092928734
            ],
            [
              -70.03230052356949,
              -11.704927921939362
            ],
            [
              -70.04043857869891,
              -11.703435895936012
            ],
            [
              -70.05291450020769,
              -11.686152692575995
            ],
            [
              -70.07207068073957,
              -11.681003023290533
            ],
            [
              -70.07231424966045,
              -11.676563604490102
            ],
            [
              -70.07737100426887,
              -11.67022731459877
            ],
            [
              -70.09027817655063,
              -11.675599721025531
            ],
            [
              -70.0964372100865,
              -11.670869158028474
            ],
            [
              -70.11583437070071,
              -11.666597725956281
            ],
            [
              -70.1292772978086,
              -11.653628214188338
            ],
            [
              -70.13259490188972,
              -11.655763004961463
            ],
            [
              -70.13518608545313,
              -11.64416831223473
            ],
            [
              -70.13926658259983,
              -11.645241753355199
            ],
            [
              -70.14164804254226,
              -11.64213120151474
            ],
            [
              -70.144380184157,
              -11.644534195565335
            ],
            [
              -70.14949736499283,
              -11.638229489506235
            ],
            [
              -70.1562898527798,
              -11.637868931547997
            ],
            [
              -70.17806839406217,
              -11.626521874746654
            ],
            [
              -70.18731116495509,
              -11.616509469917084
            ],
            [
              -70.19165974556225,
              -11.602183401038502
            ],
            [
              -70.21444354943799,
              -11.585289838858614
            ],
            [
              -70.21792461962829,
              -11.571593300405281
            ],
            [
              -70.23844491897457,
              -11.556693975747372
            ],
            [
              -70.24106611171135,
              -11.542864065193552
            ],
            [
              -70.25669636636566,
              -11.5309343457498
            ],
            [
              -70.26117996217123,
              -11.519668184878686
            ],
            [
              -70.26194141148355,
              -11.509270768923098
            ],
            [
              -70.27839193833353,
              -11.488640889851212
            ],
            [
              -70.27926960638517,
              -11.474892143894474
            ],
            [
              -70.2875552145504,
              -11.470434918974691
            ],
            [
              -70.28987875848914,
              -11.461187496866907
            ],
            [
              -70.30443197150716,
              -11.452052961894083
            ],
            [
              -70.31179874817845,
              -11.452931674944727
            ],
            [
              -70.31954462764885,
              -11.4497125924138
            ],
            [
              -70.32934701837594,
              -11.452626495376302
            ],
            [
              -70.34159208558272,
              -11.445582459711645
            ],
            [
              -70.34742455137223,
              -11.450179521208822
            ],
            [
              -70.35482359344485,
              -11.43897383718517
            ],
            [
              -70.68464987115647,
              -11.437264219333807
            ],
            [
              -70.6910249232702,
              -11.433409752103756
            ],
            [
              -70.69289474466149,
              -11.42574319099607
            ],
            [
              -70.69790706973546,
              -11.430236780071574
            ],
            [
              -70.70340610002636,
              -11.430552130621376
            ],
            [
              -70.69698549571176,
              -11.435175259408474
            ],
            [
              -70.69832215935853,
              -11.442771821647353
            ],
            [
              -70.70216736208066,
              -11.444497130912271
            ],
            [
              -70.70291719475048,
              -11.438897619994155
            ],
            [
              -70.70958788441757,
              -11.437741795786748
            ],
            [
              -70.71009392653367,
              -11.432264914986662
            ],
            [
              -70.71358798485186,
              -11.429150026911175
            ],
            [
              -70.72008176369525,
              -11.431689620716108
            ],
            [
              -70.72579164206353,
              -11.430041198714706
            ],
            [
              -70.72970573306519,
              -11.421123007194636
            ],
            [
              -70.72499680328853,
              -11.416517012546027
            ],
            [
              -70.7241189456281,
              -11.410541710696156
            ],
            [
              -70.72624848733575,
              -11.40967975899151
            ],
            [
              -70.73137100628549,
              -11.414941204564268
            ],
            [
              -70.7352005911898,
              -11.413625873953668
            ],
            [
              -70.7307732963914,
              -11.402339908924079
            ],
            [
              -70.74000661609244,
              -11.395555427751004
            ],
            [
              -70.74671152113814,
              -11.396067664444269
            ],
            [
              -70.74434527330808,
              -11.389890300197957
            ],
            [
              -70.75057168915303,
              -11.386606774402551
            ],
            [
              -70.75288456634621,
              -11.3815435346968
            ],
            [
              -70.75822713388224,
              -11.380123291683352
            ],
            [
              -70.76626677496957,
              -11.388538475958752
            ],
            [
              -70.76762481208326,
              -11.38083618446645
            ],
            [
              -70.77686610235429,
              -11.379264232421523
            ],
            [
              -70.77831120900389,
              -11.375586393296329
            ],
            [
              -70.77279513306026,
              -11.367171745684828
            ],
            [
              -70.78276387294697,
              -11.364788984659208
            ],
            [
              -70.79369473644628,
              -11.343132318621075
            ],
            [
              -70.79868995764353,
              -11.340605470759757
            ],
            [
              -70.80083138694795,
              -11.343026620610752
            ],
            [
              -70.79572691432908,
              -11.344740030892504
            ],
            [
              -70.79073274482082,
              -11.355439963446454
            ],
            [
              -70.78982558656028,
              -11.35954964511049
            ],
            [
              -70.7931624746789,
              -11.362935201493421
            ],
            [
              -70.80131743343935,
              -11.355293431961142
            ],
            [
              -70.803828136619,
              -11.349005315126258
            ],
            [
              -70.81936754399631,
              -11.349109027349996
            ],
            [
              -70.8196605257834,
              -11.341472015228819
            ],
            [
              -70.81494042123843,
              -11.325085302404558
            ],
            [
              -70.82560221041226,
              -11.3195707930645
            ],
            [
              -70.83240916313727,
              -11.329689946603924
            ],
            [
              -70.83701395741708,
              -11.329042255387098
            ],
            [
              -70.84022112337693,
              -11.32473002416345
            ],
            [
              -70.84823477374695,
              -11.3288124435213
            ],
            [
              -70.85319926773987,
              -11.31998675471994
            ],
            [
              -70.86755251438984,
              -11.318455784540518
            ],
            [
              -70.87808069569029,
              -11.313767100945952
            ],
            [
              -70.8791629916992,
              -11.309965854523776
            ],
            [
              -70.8719060429122,
              -11.305804656895358
            ],
            [
              -70.86394502978202,
              -11.291763503623624
            ],
            [
              -70.86179007199118,
              -11.277587011154509
            ],
            [
              -70.86533915806675,
              -11.27465029028436
            ],
            [
              -70.8719810301314,
              -11.27310988855555
            ],
            [
              -70.88034933953294,
              -11.275608152195534
            ],
            [
              -70.8747861536273,
              -11.284128784960128
            ],
            [
              -70.87959859526802,
              -11.290096239729008
            ],
            [
              -70.8864770281821,
              -11.282613282953173
            ],
            [
              -70.89239855585444,
              -11.291356816179016
            ],
            [
              -70.89548192171394,
              -11.291399593109137
            ],
            [
              -70.90267858965797,
              -11.28490397618544
            ],
            [
              -70.90886047395134,
              -11.296682491271046
            ],
            [
              -70.91245301213235,
              -11.290641998835234
            ],
            [
              -70.9078383508366,
              -11.283477604979737
            ],
            [
              -70.90773210888868,
              -11.278198031356043
            ],
            [
              -70.91070950732865,
              -11.277165468720048
            ],
            [
              -70.91865451220869,
              -11.283960690554878
            ],
            [
              -70.92169219754021,
              -11.29151831893515
            ],
            [
              -70.92698336379084,
              -11.293621266616372
            ],
            [
              -70.92963361168955,
              -11.290075750286599
            ],
            [
              -70.92412894827413,
              -11.285939846388358
            ],
            [
              -70.9227438386693,
              -11.281265136898531
            ],
            [
              -70.9303692931545,
              -11.276479727338161
            ],
            [
              -70.9380453315178,
              -11.28099715146765
            ],
            [
              -70.93939549609254,
              -11.292474530732818
            ],
            [
              -70.94144154896755,
              -11.293161257431311
            ],
            [
              -70.94686510265642,
              -11.28159616642342
            ],
            [
              -70.9610464508579,
              -11.277134022996773
            ],
            [
              -70.96472070707912,
              -11.26948746273817
            ],
            [
              -70.97004479854208,
              -11.267935718469836
            ],
            [
              -70.97944358016635,
              -11.270815348305641
            ],
            [
              -70.98586053554648,
              -11.262979909835288
            ],
            [
              -70.99669737588745,
              -11.264263269368875
            ],
            [
              -70.99921617503344,
              -11.262420390790885
            ],
            [
              -71.00053344773754,
              -11.254669027501498
            ],
            [
              -71.00501700710501,
              -11.25401653976795
            ],
            [
              -71.00617261098715,
              -11.263461568090646
            ],
            [
              -71.01538846680448,
              -11.26477658875226
            ],
            [
              -71.01875074568179,
              -11.256276424337187
            ],
            [
              -71.01500320053938,
              -11.24961190241729
            ],
            [
              -71.0187733976486,
              -11.246323743039133
            ],
            [
              -71.02594773917886,
              -11.24450677807426
            ],
            [
              -71.0288113037639,
              -11.249327601113299
            ],
            [
              -71.02833609415083,
              -11.255520498629409
            ],
            [
              -71.03752403908943,
              -11.261256040116235
            ],
            [
              -71.04039748635302,
              -11.256114747773559
            ],
            [
              -71.0324833125464,
              -11.249611285403372
            ],
            [
              -71.03429068316743,
              -11.244753589195868
            ],
            [
              -71.04179471698646,
              -11.250872508770897
            ],
            [
              -71.05064531838745,
              -11.25049401492058
            ],
            [
              -71.05339970782586,
              -11.247940763616654
            ],
            [
              -71.05415884832284,
              -11.239188620999514
            ],
            [
              -71.05767424617812,
              -11.238007998317666
            ],
            [
              -71.06041194922531,
              -11.239903225649533
            ],
            [
              -71.06162297069409,
              -11.249999073626618
            ],
            [
              -71.06893185174609,
              -11.252045090402312
            ],
            [
              -71.07121907593866,
              -11.250270538221258
            ],
            [
              -71.0694300652428,
              -11.23613321772167
            ],
            [
              -71.07498432371807,
              -11.233824206272955
            ],
            [
              -71.08272352135613,
              -11.237878834066272
            ],
            [
              -71.09185823388157,
              -11.23163690426271
            ],
            [
              -71.09674014842871,
              -11.234020253244458
            ],
            [
              -71.08957375498099,
              -11.240044585706313
            ],
            [
              -71.09290287223216,
              -11.244203442454266
            ],
            [
              -71.10913180806948,
              -11.233731383050399
            ],
            [
              -71.10144833785088,
              -11.228171018508794
            ],
            [
              -71.10022579384834,
              -11.22127841601023
            ],
            [
              -71.11294745598323,
              -11.227364839528596
            ],
            [
              -71.11508554091206,
              -11.230253534674688
            ],
            [
              -71.11425278496334,
              -11.238247414628148
            ],
            [
              -71.12124671711588,
              -11.241921494906594
            ],
            [
              -71.13351331587106,
              -11.22218180247489
            ],
            [
              -71.15768654991358,
              -11.228027027031148
            ],
            [
              -71.15980715812998,
              -11.213885177987887
            ],
            [
              -71.16336588857021,
              -11.209914888373131
            ],
            [
              -71.17456347837005,
              -11.21524825911936
            ],
            [
              -71.17438421511564,
              -11.223864951342671
            ],
            [
              -71.18357864430237,
              -11.226645393568141
            ],
            [
              -71.18854433411553,
              -11.22308989132656
            ],
            [
              -71.18922972604064,
              -11.215797221517514
            ],
            [
              -71.2007545672668,
              -11.210168167801102
            ],
            [
              -71.21921036401818,
              -11.21181082631045
            ],
            [
              -71.2210487713718,
              -11.210381023756101
            ],
            [
              -71.22040229453843,
              -11.201789503410042
            ],
            [
              -71.22867598032944,
              -11.202101815409302
            ],
            [
              -71.23455220259012,
              -11.19664329027861
            ],
            [
              -71.23964345819998,
              -11.19885562060741
            ],
            [
              -71.24636460296622,
              -11.19755027549548
            ],
            [
              -71.24833382663029,
              -11.182231091895673
            ],
            [
              -71.25244926949284,
              -11.191362786275215
            ],
            [
              -71.26155265245143,
              -11.194338150406944
            ],
            [
              -71.27003195738624,
              -11.192620968841377
            ],
            [
              -71.27042171096753,
              -11.185612586113159
            ],
            [
              -71.27716184991891,
              -11.180208778963205
            ],
            [
              -71.27949194458992,
              -11.185608357418541
            ],
            [
              -71.29063607679696,
              -11.190016373759462
            ],
            [
              -71.29484632522873,
              -11.18953609450118
            ],
            [
              -71.29582200901847,
              -11.183040231779596
            ],
            [
              -71.29931783753338,
              -11.180276359349703
            ],
            [
              -71.30332090159183,
              -11.181075093085214
            ],
            [
              -71.30648696990885,
              -11.187369544046787
            ],
            [
              -71.31169914196929,
              -11.187316611292509
            ],
            [
              -71.31652553529979,
              -11.181626289937439
            ],
            [
              -71.3114293445741,
              -11.169314522901155
            ],
            [
              -71.3249307988106,
              -11.172712223423797
            ],
            [
              -71.33393455744813,
              -11.171369444424249
            ],
            [
              -71.33697232227757,
              -11.155131518539623
            ],
            [
              -71.34630340341093,
              -11.164525041443994
            ],
            [
              -71.36019484296514,
              -11.16236537674792
            ],
            [
              -71.3724522505901,
              -11.164843155869725
            ],
            [
              -71.37557281942678,
              -11.16826611570113
            ],
            [
              -71.369130005743,
              -11.171708522840715
            ],
            [
              -71.37026023177096,
              -11.178221688909597
            ],
            [
              -71.38059434291544,
              -11.178049103774292
            ],
            [
              -71.38339417489969,
              -11.172432006645055
            ],
            [
              -71.37607314249655,
              -11.162946206347296
            ],
            [
              -71.38424635332228,
              -11.1489807597108
            ],
            [
              -71.3900218366531,
              -11.149971166297515
            ],
            [
              -71.39178576676358,
              -11.154027578486872
            ],
            [
              -71.39569896028917,
              -11.15541975295965
            ],
            [
              -71.39845089899717,
              -11.153638375133044
            ],
            [
              -71.3994241368855,
              -11.147547627038245
            ],
            [
              -71.40895293373879,
              -11.14905216957763
            ],
            [
              -71.41808752918058,
              -11.137651477650547
            ],
            [
              -71.43811725750207,
              -11.139758715287657
            ],
            [
              -71.43877280366014,
              -11.132842287953478
            ],
            [
              -71.43225522707216,
              -11.129397576833947
            ],
            [
              -71.43244344272,
              -11.127079719663874
            ],
            [
              -71.43976214920603,
              -11.128538802266737
            ],
            [
              -71.44882345359014,
              -11.120160042376948
            ],
            [
              -71.44716389689493,
              -11.11567168939977
            ],
            [
              -71.43699196654113,
              -11.112030482275895
            ],
            [
              -71.44172925351405,
              -11.10585748421932
            ],
            [
              -71.44954754215435,
              -11.111321394866371
            ],
            [
              -71.45784739693325,
              -11.105370645455272
            ],
            [
              -71.47457223475335,
              -11.107661626027822
            ],
            [
              -71.48250477813542,
              -11.096045109172607
            ],
            [
              -71.49695040695492,
              -11.090941084059533
            ],
            [
              -71.49860368006046,
              -11.09430074919507
            ],
            [
              -71.49272583984764,
              -11.10326952512283
            ],
            [
              -71.4960268385312,
              -11.107533179618384
            ],
            [
              -71.49948549442607,
              -11.107546371645853
            ],
            [
              -71.50428484289627,
              -11.10182410782383
            ],
            [
              -71.51242903177992,
              -11.101151205715519
            ],
            [
              -71.52330674205139,
              -11.087761513177325
            ],
            [
              -71.52852924089972,
              -11.085663930080267
            ],
            [
              -71.53619374231091,
              -11.088000244552122
            ],
            [
              -71.53841829847974,
              -11.100954724826114
            ],
            [
              -71.54102507143294,
              -11.098890066706595
            ],
            [
              -71.54538229882712,
              -11.081912108696471
            ],
            [
              -71.54935834303663,
              -11.083149438084739
            ],
            [
              -71.5585354379546,
              -11.09460350689673
            ],
            [
              -71.56746719532424,
              -11.085748866158642
            ],
            [
              -71.57021737861183,
              -11.088407577779916
            ],
            [
              -71.57722648928508,
              -11.088848451398157
            ],
            [
              -71.58129161674711,
              -11.103223550913464
            ],
            [
              -71.58943646461233,
              -11.106124010190515
            ],
            [
              -71.59127802994097,
              -11.103761220652974
            ],
            [
              -71.58713759641066,
              -11.095822939048068
            ],
            [
              -71.59325266394713,
              -11.089923991794972
            ],
            [
              -71.60984316069082,
              -11.098472206211174
            ],
            [
              -71.62333787728109,
              -11.092411724436728
            ],
            [
              -71.62420212946078,
              -11.101378499347728
            ],
            [
              -71.63007430335759,
              -11.106103468717277
            ],
            [
              -71.63546761226434,
              -11.099834219621037
            ],
            [
              -71.63093281520031,
              -11.094528394276987
            ],
            [
              -71.63862769795911,
              -11.087923571221975
            ],
            [
              -71.6450376008646,
              -11.09850535809423
            ],
            [
              -71.65011519377485,
              -11.098688321813592
            ],
            [
              -71.65332728687315,
              -11.092746474662734
            ],
            [
              -71.6569007668411,
              -11.097562824011224
            ],
            [
              -71.66964725008592,
              -11.093405963902848
            ],
            [
              -71.6730014960349,
              -11.094905857249998
            ],
            [
              -71.67403711425494,
              -11.099576648189034
            ],
            [
              -71.68164511508043,
              -11.100617781749758
            ],
            [
              -71.6852205431967,
              -11.105316580991191
            ],
            [
              -71.68910303362846,
              -11.104284778456933
            ],
            [
              -71.6911318714779,
              -11.095945415834972
            ],
            [
              -71.69503708397188,
              -11.092882012089133
            ],
            [
              -71.70087543817044,
              -11.089957101921904
            ],
            [
              -71.7075210046217,
              -11.09050840029945
            ],
            [
              -71.71410089694973,
              -11.086155502096226
            ],
            [
              -71.71634967090937,
              -11.079732513537433
            ],
            [
              -71.71302271903406,
              -11.074440750661928
            ],
            [
              -71.71392084108595,
              -11.069791006095556
            ],
            [
              -71.72220493284033,
              -11.075254051010898
            ],
            [
              -71.7243846656023,
              -11.064170600773958
            ],
            [
              -71.72800449146244,
              -11.064923239498306
            ],
            [
              -71.73128127160163,
              -11.074756551685853
            ],
            [
              -71.74239407564042,
              -11.07606877431143
            ],
            [
              -71.75074373887273,
              -11.08679665512322
            ],
            [
              -71.75154415271032,
              -11.079878961714503
            ],
            [
              -71.757413605788,
              -11.074081372145768
            ],
            [
              -71.76210893552435,
              -11.076046271544659
            ],
            [
              -71.78481123828611,
              -11.075214478515603
            ],
            [
              -71.79505432602295,
              -11.080010456353069
            ],
            [
              -71.79619249988741,
              -11.078342826924457
            ],
            [
              -71.79194898770729,
              -11.075046645156181
            ],
            [
              -71.7962179983737,
              -11.068282805218528
            ],
            [
              -71.7994268078389,
              -11.073509565560675
            ],
            [
              -71.81294066989845,
              -11.070961414825852
            ],
            [
              -71.81016993960495,
              -11.06430345842553
            ],
            [
              -71.82230041038206,
              -11.066643966717129
            ],
            [
              -71.82392459729593,
              -11.059734271972777
            ],
            [
              -71.83044480575226,
              -11.060760055069705
            ],
            [
              -71.83617785339277,
              -11.056286545422685
            ],
            [
              -71.83672272066367,
              -11.050557487907914
            ],
            [
              -71.83420494336991,
              -11.048499132356296
            ],
            [
              -71.84394169168549,
              -11.054091885826585
            ],
            [
              -71.85199073820571,
              -11.043636373992639
            ],
            [
              -71.85520373774244,
              -11.048564746985935
            ],
            [
              -71.85623335502092,
              -11.042723182984677
            ],
            [
              -71.8649632947757,
              -11.040664322554075
            ],
            [
              -71.8702357220531,
              -11.033909233124517
            ],
            [
              -71.87030622610737,
              -11.038687572799661
            ],
            [
              -71.85969502430714,
              -11.047058043381393
            ],
            [
              -71.8626366428321,
              -11.05473811761437
            ],
            [
              -71.86507816731596,
              -11.051205103150156
            ],
            [
              -71.87122562168038,
              -11.053183452359216
            ],
            [
              -71.87548666851686,
              -11.050599386868363
            ],
            [
              -71.8757533196862,
              -11.059678736112682
            ],
            [
              -71.87879798000455,
              -11.057678133920893
            ],
            [
              -71.88745270086476,
              -11.062788953398615
            ],
            [
              -71.89219217554019,
              -11.060688252915343
            ],
            [
              -71.89274813205986,
              -11.065354263151583
            ],
            [
              -71.89816681028353,
              -11.067676916324963
            ],
            [
              -71.90229372838849,
              -11.066283263656048
            ],
            [
              -71.90256230395364,
              -11.063784253182897
            ],
            [
              -71.89738789784673,
              -11.061220344784873
            ],
            [
              -71.90550388570054,
              -11.060111427766596
            ],
            [
              -71.90372737777172,
              -11.056507654345037
            ],
            [
              -71.90081848937315,
              -11.057073919929273
            ],
            [
              -71.90390122709634,
              -11.051487831865465
            ],
            [
              -71.90056242206191,
              -11.046910702388127
            ],
            [
              -71.90616338166127,
              -11.043382479314525
            ],
            [
              -71.90705800111903,
              -11.050327965363707
            ],
            [
              -71.91214007334662,
              -11.050136061125597
            ],
            [
              -71.91037843791297,
              -11.045105459896298
            ],
            [
              -71.9127189718841,
              -11.041065079476976
            ],
            [
              -71.91660631771346,
              -11.051021600849099
            ],
            [
              -71.92397999944596,
              -11.047095624431083
            ],
            [
              -71.93189753576394,
              -11.05338999533336
            ],
            [
              -71.94097592514694,
              -11.052759461219463
            ],
            [
              -71.94160116375541,
              -11.062448047594097
            ],
            [
              -71.9469134650893,
              -11.056558743547678
            ],
            [
              -71.95614888653596,
              -11.052470070260528
            ],
            [
              -71.95634622120379,
              -11.056771325091509
            ],
            [
              -71.96175933721047,
              -11.059698016655979
            ],
            [
              -71.96372432146296,
              -11.056845556229627
            ],
            [
              -71.96881155933211,
              -11.05618309241611
            ],
            [
              -71.97168003900853,
              -11.059553765496016
            ],
            [
              -71.97101074161952,
              -11.054055484105433
            ],
            [
              -71.97936849735656,
              -11.052946874350939
            ],
            [
              -71.97813187785893,
              -11.055562896887636
            ],
            [
              -71.98108980539018,
              -11.06204149995643
            ],
            [
              -71.98461317667861,
              -11.060523143376592
            ],
            [
              -71.98184130860813,
              -11.055121258445494
            ],
            [
              -71.99224176664187,
              -11.055342372166262
            ],
            [
              -71.9977015637593,
              -11.059009621962677
            ],
            [
              -71.99794856570804,
              -11.055462344697286
            ],
            [
              -72.00144291704669,
              -11.054593795294274
            ],
            [
              -72.0032231601775,
              -11.057962488460035
            ],
            [
              -72.00529984151807,
              -11.05595077698763
            ],
            [
              -72.01376200191935,
              -11.056513244172466
            ],
            [
              -72.01106811012332,
              -11.059711210712164
            ],
            [
              -72.0135779016476,
              -11.062725795612515
            ],
            [
              -72.01481191277719,
              -11.060344376685592
            ],
            [
              -72.01791913559393,
              -11.064078412354844
            ],
            [
              -72.02096256658533,
              -11.062202579298662
            ],
            [
              -72.028789816538,
              -11.065739180202854
            ],
            [
              -72.03111474571698,
              -11.063133548640712
            ],
            [
              -72.03799268278952,
              -11.064872134885588
            ],
            [
              -72.03430395712508,
              -11.058747907126868
            ],
            [
              -72.04408850110786,
              -11.060153546101775
            ],
            [
              -72.04588135753357,
              -11.062320881713092
            ],
            [
              -72.04210617411549,
              -11.064795032527094
            ],
            [
              -72.05200376268688,
              -11.067041631506866
            ],
            [
              -72.0531633433888,
              -11.072075196139313
            ],
            [
              -72.05672253296203,
              -11.066970244823834
            ],
            [
              -72.05507941854418,
              -11.061931967561986
            ],
            [
              -72.05858782733833,
              -11.066419353886586
            ],
            [
              -72.06357628910379,
              -11.063604484266847
            ],
            [
              -72.06765715694952,
              -11.066868890368218
            ],
            [
              -72.06780983343118,
              -11.06364561909458
            ],
            [
              -72.07975119629776,
              -11.055035430598119
            ],
            [
              -72.0832305819272,
              -11.05793250632509
            ],
            [
              -72.08085864232586,
              -11.065325712799178
            ],
            [
              -72.08472646224386,
              -11.065715369334649
            ],
            [
              -72.08602965602842,
              -11.068483033202867
            ],
            [
              -72.08894351626468,
              -11.067436209053918
            ],
            [
              -72.0904584632088,
              -11.073304257596881
            ],
            [
              -72.09253368254927,
              -11.071409241514367
            ],
            [
              -72.09029122969032,
              -11.07796371964435
            ],
            [
              -72.09657652037217,
              -11.08175650592559
            ],
            [
              -72.09912354418003,
              -11.088728787777505
            ],
            [
              -72.10784029477622,
              -11.085892032946287
            ],
            [
              -72.13947441643369,
              -11.087052077142943
            ],
            [
              -72.157894421164,
              -11.08355869790999
            ],
            [
              -72.18044183279162,
              -11.088007230457258
            ],
            [
              -72.18454742024481,
              -11.07754836012829
            ],
            [
              -72.17595759089603,
              -11.047078610762393
            ],
            [
              -72.1744317753925,
              -11.032357455352763
            ],
            [
              -72.18209003949535,
              -11.010241828336458
            ],
            [
              -72.17867981836658,
              -11.0077981199
            ],
            [
              -72.17191424791078,
              -11.009812902554426
            ],
            [
              -72.16606819949847,
              -11.006804343014002
            ],
            [
              -72.15879132731153,
              -11.007730005494777
            ],
            [
              -72.15429669333031,
              -11.003089792161154
            ],
            [
              -72.1528635568735,
              -10.994214406742342
            ],
            [
              -72.13990065943305,
              -10.988735791767395
            ],
            [
              -72.13028696527118,
              -10.990334431354407
            ],
            [
              -72.10230295593014,
              -11.002191482878223
            ],
            [
              -72.05491580158682,
              -11.011563251943782
            ],
            [
              -72.04084743340509,
              -10.999873458141819
            ],
            [
              -72.0298302991768,
              -10.997932263309963
            ],
            [
              -72.0116421929278,
              -10.989335523433152
            ],
            [
              -71.9967423603419,
              -10.991121591762468
            ],
            [
              -71.98656419682474,
              -10.995500866802214
            ],
            [
              -71.97969743429728,
              -10.991133300647016
            ],
            [
              -71.96813269355259,
              -10.996609061427296
            ],
            [
              -71.9595490320707,
              -10.99071559771408
            ],
            [
              -71.95586297384746,
              -10.9939754108538
            ],
            [
              -71.94963878131372,
              -10.990968529611715
            ],
            [
              -71.9445882306667,
              -10.997447930285928
            ],
            [
              -71.92534591396348,
              -10.995185434784451
            ],
            [
              -71.91655649978219,
              -10.999250961110535
            ],
            [
              -71.89327958842617,
              -10.995942954743942
            ],
            [
              -71.87735728754336,
              -10.99992511985366
            ],
            [
              -71.86960513830698,
              -10.999538224632312
            ],
            [
              -71.87140636378184,
              -10.993704425688833
            ],
            [
              -71.86766789410947,
              -10.991904778686925
            ],
            [
              -71.85048622073617,
              -10.994210753695274
            ],
            [
              -71.84751937510495,
              -10.991479639567883
            ],
            [
              -71.8440098545958,
              -10.997178020963217
            ],
            [
              -71.83365625285502,
              -11.000493041900663
            ],
            [
              -71.82618717546261,
              -10.997498019214966
            ],
            [
              -71.81332432257696,
              -10.997155600176617
            ],
            [
              -71.80817393966565,
              -10.99367879461495
            ],
            [
              -71.7977911633235,
              -10.99377723120467
            ],
            [
              -71.79467006270661,
              -10.9910531340065
            ],
            [
              -71.78615599652987,
              -10.992055914555634
            ],
            [
              -71.78084539410143,
              -10.987809449006523
            ],
            [
              -71.77004290154578,
              -10.992815186378797
            ],
            [
              -71.7630549259135,
              -10.991494592276755
            ],
            [
              -71.75114434678068,
              -10.993751497527118
            ],
            [
              -71.73870878662763,
              -10.99018670936615
            ],
            [
              -71.72997273424544,
              -10.983834841877474
            ],
            [
              -71.71754484545858,
              -10.997724751064359
            ],
            [
              -71.71370710988377,
              -10.98490560917223
            ],
            [
              -71.70244506619271,
              -10.973658641986448
            ],
            [
              -71.69366424184389,
              -10.979107751760063
            ],
            [
              -71.68181671444272,
              -10.971240127798444
            ],
            [
              -71.67891031579403,
              -10.975407301374617
            ],
            [
              -71.67256226281278,
              -10.975924871665784
            ],
            [
              -71.66285745846568,
              -10.983051355556485
            ],
            [
              -71.65133582294702,
              -10.97701930888676
            ],
            [
              -71.62838655787851,
              -10.975844796363356
            ],
            [
              -71.6091230810013,
              -10.970502073603441
            ],
            [
              -71.59426166316537,
              -10.972773987936606
            ],
            [
              -71.57109741728677,
              -10.964848288956677
            ],
            [
              -71.55885329046957,
              -10.964800443199346
            ],
            [
              -71.53270680396311,
              -10.951845765062858
            ],
            [
              -71.52658767615748,
              -10.962005406219566
            ],
            [
              -71.51019323258599,
              -10.965655038375706
            ],
            [
              -71.49411716066001,
              -10.96185904754432
            ],
            [
              -71.49073054658083,
              -10.964645866321689
            ],
            [
              -71.48591627427541,
              -10.963759749858413
            ],
            [
              -71.48010964459797,
              -10.956452146914826
            ],
            [
              -71.47217592888143,
              -10.953606839738152
            ],
            [
              -71.4497228854491,
              -10.95915098753919
            ],
            [
              -71.43029901697541,
              -10.955628885534303
            ],
            [
              -71.41294124732748,
              -10.958070085108998
            ],
            [
              -71.39939823240668,
              -10.952963316615593
            ],
            [
              -71.39345531308831,
              -10.947332223912653
            ],
            [
              -71.38308762903925,
              -10.95017936582586
            ],
            [
              -71.37985146766597,
              -10.95341781602955
            ],
            [
              -71.37049815025533,
              -10.9475111668884
            ],
            [
              -71.35733769983692,
              -10.95159689445394
            ],
            [
              -71.35106649594243,
              -10.943677491674775
            ],
            [
              -71.3522791782927,
              -10.939990958408881
            ],
            [
              -71.34846459295322,
              -10.92836382447585
            ],
            [
              -71.3297187174143,
              -10.911484810955338
            ],
            [
              -71.3190000201129,
              -10.910182531080375
            ],
            [
              -71.3088223159538,
              -10.877907373558658
            ],
            [
              -71.29140455644588,
              -10.872669587747142
            ],
            [
              -71.27495532881802,
              -10.85071716644195
            ],
            [
              -71.27127909410137,
              -10.836483432969327
            ],
            [
              -71.27223239861978,
              -10.819453504620906
            ],
            [
              -71.25848438511629,
              -10.785051042829792
            ],
            [
              -71.25055668815172,
              -10.783420599179024
            ],
            [
              -71.24524043267257,
              -10.776559555553362
            ],
            [
              -71.23873828209875,
              -10.779062002263057
            ],
            [
              -71.23407784111969,
              -10.778030518012814
            ],
            [
              -71.22843169139038,
              -10.769161592775069
            ],
            [
              -71.22853905740784,
              -10.76196031014565
            ],
            [
              -71.21890238043217,
              -10.759568387123156
            ],
            [
              -71.21897092460962,
              -10.748079490548522
            ],
            [
              -71.22474621232655,
              -10.731623630597902
            ],
            [
              -71.22330489042896,
              -10.725044383010738
            ],
            [
              -71.21578142052704,
              -10.71404985321122
            ],
            [
              -71.22879075916816,
              -10.690957262419522
            ],
            [
              -71.22966789954347,
              -10.683440319462333
            ],
            [
              -71.22776008082965,
              -10.677622681626517
            ],
            [
              -71.21264667784426,
              -10.66699698819803
            ],
            [
              -71.20959595059762,
              -10.6521398760131
            ],
            [
              -71.2208027845444,
              -10.636733063536749
            ],
            [
              -71.21090617535822,
              -10.619166909874554
            ],
            [
              -71.20467399875707,
              -10.592529195754581
            ],
            [
              -71.19621289193157,
              -10.579863439922212
            ],
            [
              -71.1843864242035,
              -10.574115582025394
            ],
            [
              -71.17385943940202,
              -10.57510706972809
            ],
            [
              -71.16559545021929,
              -10.568562575291473
            ],
            [
              -71.16507035851393,
              -10.559982205534025
            ],
            [
              -71.16736493904014,
              -10.555984818781159
            ],
            [
              -71.16419923169651,
              -10.545883216255776
            ],
            [
              -71.16658768928751,
              -10.533141457810231
            ],
            [
              -71.1640936898395,
              -10.530250214407399
            ],
            [
              -71.1554180616004,
              -10.531065460469062
            ],
            [
              -71.14219752975174,
              -10.523792774445134
            ],
            [
              -71.13279702049721,
              -10.509445731432475
            ],
            [
              -71.12641219358999,
              -10.504882393471226
            ],
            [
              -71.11989635881098,
              -10.50416195860296
            ],
            [
              -71.11647076250884,
              -10.501123794532312
            ],
            [
              -71.09773281197252,
              -10.503538006414425
            ],
            [
              -71.07850569259811,
              -10.50136958277858
            ],
            [
              -71.06392011699258,
              -10.494691438675234
            ],
            [
              -71.05478700755457,
              -10.493522197036675
            ],
            [
              -71.04763873236988,
              -10.488515129291692
            ],
            [
              -71.03927526609102,
              -10.488113118423918
            ],
            [
              -71.02591786914981,
              -10.479617190536255
            ],
            [
              -71.02180727884475,
              -10.46896994837648
            ],
            [
              -71.01333233111754,
              -10.463968104704069
            ],
            [
              -71.00723337183116,
              -10.447670032304963
            ],
            [
              -71.0012580868053,
              -10.44398899940274
            ],
            [
              -71.00110226945145,
              -10.43385694581848
            ],
            [
              -70.99553171437753,
              -10.426465724317028
            ],
            [
              -70.9932348864702,
              -10.415300134060118
            ],
            [
              -70.97907054709715,
              -10.404534449593196
            ],
            [
              -70.97308536463801,
              -10.396573955732475
            ],
            [
              -70.95744900914303,
              -10.38744821828047
            ],
            [
              -70.9571504568974,
              -10.379207723716563
            ],
            [
              -70.97013526305838,
              -10.346648897007958
            ],
            [
              -70.969161047926,
              -10.335801161310075
            ],
            [
              -70.9563866138445,
              -10.335797330364667
            ],
            [
              -70.93979052425534,
              -10.330837915426452
            ],
            [
              -70.90033224182227,
              -10.337842065816924
            ],
            [
              -70.89499310993247,
              -10.336244005815852
            ],
            [
              -70.87489167658373,
              -10.305769113085692
            ],
            [
              -70.87399259379029,
              -10.300695963755846
            ],
            [
              -70.87955251595699,
              -10.295005931649747
            ],
            [
              -70.88221322182834,
              -10.287424943690334
            ],
            [
              -70.88261887064655,
              -10.268176225219497
            ],
            [
              -70.87854219640703,
              -10.26044650061133
            ],
            [
              -70.86397549817202,
              -10.253358594626256
            ],
            [
              -70.85185801187521,
              -10.250749988297223
            ],
            [
              -70.81053311672483,
              -10.253940495239554
            ],
            [
              -70.7905145684596,
              -10.244128241390632
            ],
            [
              -70.7803800445958,
              -10.234893451477
            ],
            [
              -70.77338768315767,
              -10.216500999295945
            ],
            [
              -70.75906788341523,
              -10.211094974935559
            ],
            [
              -70.75512061030436,
              -10.19555805955993
            ],
            [
              -70.74787915900473,
              -10.189603138245653
            ],
            [
              -70.7365360421943,
              -10.186858002138075
            ],
            [
              -70.72928341368988,
              -10.178734663959078
            ],
            [
              -70.71689733392624,
              -10.173443692616006
            ],
            [
              -70.7138932097835,
              -10.165297584746021
            ],
            [
              -70.70485381364298,
              -10.159860983512772
            ],
            [
              -70.70846686728899,
              -10.13726946236624
            ],
            [
              -70.70008124582576,
              -10.126694836516005
            ],
            [
              -70.69748329761948,
              -10.117188159149983
            ],
            [
              -70.69034251943921,
              -10.11185997718655
            ],
            [
              -70.68328735311536,
              -10.112737685829165
            ],
            [
              -70.68127009091667,
              -10.102491443376216
            ],
            [
              -70.67111995857384,
              -10.10017616354109
            ],
            [
              -70.66306142716569,
              -10.091696015317114
            ],
            [
              -70.6641644189612,
              -10.089428730897
            ],
            [
              -70.66005033289622,
              -10.08413702827693
            ],
            [
              -70.64989978173712,
              -10.079474574109954
            ],
            [
              -70.6519157715294,
              -10.07361375092112
            ],
            [
              -70.6450860842858,
              -10.067812652830577
            ],
            [
              -70.6569035177665,
              -10.059699506332727
            ],
            [
              -70.6596805714684,
              -10.05138490471686
            ],
            [
              -70.65205855227175,
              -10.040059992174738
            ],
            [
              -70.65295999336267,
              -10.034323975784128
            ],
            [
              -70.65799582813199,
              -10.029943027198348
            ],
            [
              -70.67248132786025,
              -10.025021440202323
            ],
            [
              -70.67120729297199,
              -10.019110558941
            ],
            [
              -70.66687648389254,
              -10.015351815590673
            ],
            [
              -70.66625123304696,
              -10.006561163862706
            ],
            [
              -70.65445087389215,
              -10.00127802570381
            ],
            [
              -70.66010073295627,
              -9.987278392724592
            ],
            [
              -70.66627810266816,
              -9.979275605942373
            ],
            [
              -70.6673048544129,
              -9.96924389623284
            ],
            [
              -70.66479822331159,
              -9.965393704893474
            ],
            [
              -70.65683108588287,
              -9.96370744036559
            ],
            [
              -70.64815542943502,
              -9.952984022406946
            ],
            [
              -70.6471990748787,
              -9.94411265252261
            ],
            [
              -70.65178592870151,
              -9.93307713692577
            ],
            [
              -70.64918374744856,
              -9.926597269654444
            ],
            [
              -70.64169161291254,
              -9.920223523914975
            ],
            [
              -70.64345458321245,
              -9.908051321698066
            ],
            [
              -70.6333025614782,
              -9.900046566794943
            ],
            [
              -70.64028759200448,
              -9.885092800429973
            ],
            [
              -70.62103048735159,
              -9.877657416834086
            ],
            [
              -70.61379297047499,
              -9.867156232123332
            ],
            [
              -70.61375378879366,
              -11.000167684375064
            ],
            [
              -70.52783201422238,
              -10.934278763636174
            ],
            [
              -70.52379698102445,
              -10.934147430650368
            ],
            [
              -70.5194628392552,
              -10.935247148910554
            ],
            [
              -70.51564880531659,
              -10.947518946547635
            ],
            [
              -70.50512689538401,
              -10.950628434260532
            ],
            [
              -70.49403357648701,
              -10.963242927412367
            ],
            [
              -70.48211704854101,
              -10.967890725964656
            ],
            [
              -70.47044854580555,
              -10.988403646045695
            ],
            [
              -70.46647855594955,
              -10.988542774792146
            ],
            [
              -70.45328347292735,
              -10.997326811820042
            ],
            [
              -70.43780744409878,
              -11.027230132613944
            ],
            [
              -70.4414616234118,
              -11.03449003160853
            ],
            [
              -70.43804611110362,
              -11.0399119947382
            ],
            [
              -70.42172083610751,
              -11.038772445992171
            ],
            [
              -70.41135905204656,
              -11.043105754417706
            ],
            [
              -70.40840812967988,
              -11.04811039038021
            ],
            [
              -70.40046148953684,
              -11.045933636266575
            ],
            [
              -70.38815722118314,
              -11.046855077034131
            ],
            [
              -70.38105242581824,
              -11.05210235833067
            ],
            [
              -70.38016302533894,
              -11.057922469704073
            ],
            [
              -70.37436148472966,
              -11.06145822367104
            ],
            [
              -70.37224806020629,
              -11.058829063551473
            ],
            [
              -70.36342001383156,
              -11.062002538270022
            ],
            [
              -70.35468079444296,
              -11.059505814348832
            ],
            [
              -70.3501032536626,
              -11.066368764778558
            ],
            [
              -70.34521837853481,
              -11.067690896167958
            ],
            [
              -70.32695010917429,
              -11.065848530936144
            ],
            [
              -70.3086760834972,
              -11.070775847877606
            ],
            [
              -70.30008719302805,
              -11.066422728884737
            ],
            [
              -70.29411134111812,
              -11.066663091375396
            ],
            [
              -70.28581106601854,
              -11.058031861988763
            ],
            [
              -70.2810110447488,
              -11.056604518351927
            ],
            [
              -70.27157557556367,
              -11.059783445204488
            ],
            [
              -70.26628060464695,
              -11.057644937350078
            ],
            [
              -70.26432027153086,
              -11.051889535059896
            ],
            [
              -70.25846068926315,
              -11.053871028303703
            ],
            [
              -70.25589769151063,
              -11.050945927712162
            ],
            [
              -70.24113113417279,
              -11.047486181513342
            ],
            [
              -70.23161742502788,
              -11.052916253290514
            ],
            [
              -70.22727008497809,
              -11.050170167554917
            ],
            [
              -70.21782679917767,
              -11.050759930096197
            ],
            [
              -70.21414175917954,
              -11.053532106997563
            ],
            [
              -70.21167450495555,
              -11.050473102695792
            ],
            [
              -70.19812499302438,
              -11.05480112932268
            ],
            [
              -70.19014441341123,
              -11.049617028281894
            ],
            [
              -70.18943136398617,
              -11.045188678015254
            ],
            [
              -70.17857967858214,
              -11.044123238410815
            ],
            [
              -70.17605983394293,
              -11.040197927104385
            ],
            [
              -70.17183148215496,
              -11.043132067537808
            ],
            [
              -70.16464517996779,
              -11.040033497620355
            ],
            [
              -70.15798143286474,
              -11.042666999186338
            ],
            [
              -70.15830906744942,
              -11.037092659337336
            ],
            [
              -70.1553110679344,
              -11.032997399742053
            ],
            [
              -70.14018130981458,
              -11.029780064243962
            ],
            [
              -70.13925742059183,
              -11.022788654351807
            ],
            [
              -70.13065736658994,
              -11.023569761824763
            ],
            [
              -70.1273401067683,
              -11.016323585808697
            ],
            [
              -70.12123901511481,
              -11.011267948493304
            ],
            [
              -70.1140782496565,
              -11.010314279547446
            ],
            [
              -70.1111477283177,
              -11.00560712086831
            ],
            [
              -70.10685599903212,
              -11.007466684499612
            ],
            [
              -70.10807648149766,
              -10.995102174894653
            ],
            [
              -70.09874825200382,
              -10.992788423208063
            ],
            [
              -70.09466935044743,
              -10.99616549515281
            ],
            [
              -70.09323487941775,
              -10.986390144151256
            ],
            [
              -70.09036767679649,
              -10.985875101049354
            ],
            [
              -70.08551974525103,
              -10.990249059004016
            ],
            [
              -70.08144298825972,
              -10.98473919366855
            ],
            [
              -70.0804898857701,
              -10.992078286475376
            ],
            [
              -70.07797480174412,
              -10.989450794169032
            ],
            [
              -70.06552846466622,
              -10.994620232766197
            ],
            [
              -70.06312275513812,
              -10.991769123991473
            ],
            [
              -70.06427604135119,
              -10.987461790144003
            ],
            [
              -70.05662802991277,
              -10.98811239577662
            ],
            [
              -70.0494287765177,
              -10.984768554775535
            ],
            [
              -70.04647986312901,
              -10.979709507559692
            ],
            [
              -70.03731179104146,
              -10.97974908532917
            ],
            [
              -70.03733405529002,
              -10.971331898031398
            ],
            [
              -70.02736987021531,
              -10.9778741281544
            ],
            [
              -70.02567914862674,
              -10.971546902459648
            ],
            [
              -70.01967498931681,
              -10.969195527100613
            ],
            [
              -70.0149162820662,
              -10.970487354082708
            ],
            [
              -70.00754247371859,
              -10.962174417782277
            ],
            [
              -69.99813598498147,
              -10.964281840720474
            ],
            [
              -69.99443639996969,
              -10.950018333073906
            ],
            [
              -69.99108046281708,
              -10.95048582117073
            ],
            [
              -69.98954908329331,
              -10.954128407275523
            ],
            [
              -69.98349294343548,
              -10.954875741115343
            ],
            [
              -69.98234772229284,
              -10.94296146122861
            ],
            [
              -69.97871057949543,
              -10.947939027392316
            ],
            [
              -69.97458796755483,
              -10.949123624977547
            ],
            [
              -69.96311544705297,
              -10.93945403632455
            ],
            [
              -69.95771881922872,
              -10.939887443328956
            ],
            [
              -69.96189835320845,
              -10.935396807254266
            ],
            [
              -69.95473656007402,
              -10.936413780593517
            ],
            [
              -69.95278664275756,
              -10.93343480773031
            ],
            [
              -69.95409931304576,
              -10.928211957384983
            ],
            [
              -69.94721369364305,
              -10.924989101156502
            ],
            [
              -69.94092078723521,
              -10.92654286685381
            ],
            [
              -69.93271607985592,
              -10.921684911770079
            ],
            [
              -69.92322780752264,
              -10.925158613199129
            ],
            [
              -69.92423001342131,
              -10.93102337289049
            ],
            [
              -69.9221938750208,
              -10.933125053919378
            ],
            [
              -69.91728431366093,
              -10.932556658699976
            ],
            [
              -69.91691472729049,
              -10.9254950255449
            ],
            [
              -69.9008184961524,
              -10.92022552283841
            ],
            [
              -69.87769526699971,
              -10.924956180712798
            ],
            [
              -69.87326361646393,
              -10.93101771819009
            ],
            [
              -69.86278957854937,
              -10.926480538758682
            ],
            [
              -69.85819750670971,
              -10.934755481094358
            ],
            [
              -69.85136043182663,
              -10.92415248060648
            ],
            [
              -69.84200783570034,
              -10.925652314928987
            ],
            [
              -69.83992908472405,
              -10.930131071720346
            ],
            [
              -69.83273713806942,
              -10.928279417909673
            ],
            [
              -69.83141095183403,
              -10.934104236159273
            ],
            [
              -69.81309475991996,
              -10.930000135077048
            ],
            [
              -69.81132859043038,
              -10.925933864060486
            ],
            [
              -69.8001031243879,
              -10.927157164100409
            ],
            [
              -69.7938097072024,
              -10.934635541524475
            ],
            [
              -69.78788579074347,
              -10.929128829872287
            ],
            [
              -69.7803018691475,
              -10.935647757645484
            ],
            [
              -69.77484685058629,
              -10.93486960131156
            ],
            [
              -69.76970862932008,
              -10.929943705848093
            ],
            [
              -69.76794777452461,
              -10.933787299406903
            ],
            [
              -69.77207598881155,
              -10.935750001643843
            ],
            [
              -69.7737962246083,
              -10.940058744643338
            ],
            [
              -69.76522201516751,
              -10.942533094759328
            ],
            [
              -69.7600881718802,
              -10.939697150654768
            ],
            [
              -69.74680143285508,
              -10.956008043888971
            ],
            [
              -69.74630589180882,
              -10.9620532324814
            ],
            [
              -69.73930028901712,
              -10.96587780659391
            ],
            [
              -69.74140550495697,
              -10.972607539226857
            ],
            [
              -69.73952026673192,
              -10.975322478333556
            ],
            [
              -69.7305101881578,
              -10.972382703612155
            ],
            [
              -69.72234335099584,
              -10.965745996006383
            ],
            [
              -69.71968482856005,
              -10.967150141169721
            ],
            [
              -69.71618039072936,
              -10.977016204659863
            ],
            [
              -69.70038231324705,
              -10.966363759332918
            ],
            [
              -69.69815093630093,
              -10.97338703318498
            ],
            [
              -69.69090233159011,
              -10.964531863351441
            ],
            [
              -69.68642134216024,
              -10.966020911959479
            ],
            [
              -69.67613089645363,
              -10.960346196142437
            ],
            [
              -69.66888876507652,
              -10.96274141193446
            ],
            [
              -69.65977142078557,
              -10.953267769159572
            ],
            [
              -69.63355135977791,
              -10.957895394905911
            ],
            [
              -69.6187128430822,
              -10.950878094018242
            ],
            [
              -69.60912838893312,
              -10.95868836817796
            ],
            [
              -69.61173169763117,
              -10.95034025172285
            ],
            [
              -69.60844532094701,
              -10.945913811917054
            ],
            [
              -69.59608960755453,
              -10.941975056425576
            ],
            [
              -69.59113212845088,
              -10.94783128819565
            ],
            [
              -69.58558178856192,
              -10.945508037870468
            ],
            [
              -69.58085170346504,
              -10.947441283472267
            ],
            [
              -69.580839338812,
              -10.944369920857337
            ],
            [
              -69.58751309217797,
              -10.9437411046744
            ],
            [
              -69.58749638732434,
              -10.940840755096714
            ],
            [
              -69.57473885288908,
              -10.94286531650674
            ],
            [
              -69.57216185958872,
              -10.945989561074192
            ],
            [
              -69.5742184485253,
              -10.950592362020156
            ],
            [
              -69.56849621869296,
              -10.948274774814532
            ],
            [
              -69.56993597721211,
              -10.953524020954582
            ],
            [
              -69.56329940431553,
              -10.959646675213651
            ],
            [
              -69.56219580287804,
              -10.96808359568185
            ],
            [
              -69.2283321728909,
              -11.49982029255843
            ],
            [
              -69.10344720533476,
              -11.68134850770717
            ],
            [
              -68.97038666950912,
              -11.91300292088318
            ]
          ]
        ]
      },
      "properties": {
        "provincia": "Tahuamanu",
        "distritos_fid": [
          1,
          2,
          11
        ],
        "etiqueta_punto_utm": [
          285313.35999291914,
          8794870.206999999
        ]
      }
    },
    {
      "type": "Feature",
      "geometry": {
        "type": "Polygon",
        "coordinates": [
          [
            [
              -69.64958269776187,
              -13.344555555644058
            ],
            [
              -69.65494890085972,
              -13.37243754548778
            ],
            [
              -69.66164580819948,
              -13.370530180507428
            ],
            [
              -69.66792183731457,
              -13.372805543629026
            ],
            [
              -69.67455287700479,
              -13.368570722072382
            ],
            [
              -69.69391133628069,
              -13.363471758664696
            ],
            [
              -69.711851584802,
              -13.372430777983451
            ],
            [
              -69.70988693857258,
              -13.383401863742089
            ],
            [
              -69.71531951414661,
              -13.388154660232155
            ],
            [
              -69.71956191484307,
              -13.397816528507612
            ],
            [
              -69.7814194579354,
              -13.39466307153688
            ],
            [
              -69.79227048438273,
              -13.382697890836111
            ],
            [
              -69.79500907235489,
              -13.372700782444593
            ],
            [
              -69.79425678508248,
              -13.362904680196095
            ],
            [
              -69.80002168592027,
              -13.358049235236843
            ],
            [
              -69.80629563509952,
              -13.359570489494951
            ],
            [
              -69.81098298547582,
              -13.357210569557914
            ],
            [
              -69.81461724164411,
              -13.360315199052254
            ],
            [
              -69.82280029902016,
              -13.358450488641259
            ],
            [
              -69.82865400346006,
              -13.353902909355424
            ],
            [
              -69.83965785894718,
              -13.340950571230843
            ],
            [
              -69.84186973030234,
              -13.332948110196314
            ],
            [
              -69.83773968344777,
              -13.328425061083358
            ],
            [
              -69.8496625549757,
              -13.319343557052266
            ],
            [
              -69.85379194218925,
              -13.331403477402391
            ],
            [
              -69.88133288578595,
              -13.316822340175882
            ],
            [
              -69.88429816916019,
              -13.311075907579331
            ],
            [
              -69.89919559052001,
              -13.312318907194078
            ],
            [
              -69.91225525923495,
              -13.299281112699948
            ],
            [
              -69.91597608189757,
              -13.304757895281966
            ],
            [
              -69.926377475511,
              -13.300019556454068
            ],
            [
              -69.94776291507307,
              -13.302817355077568
            ],
            [
              -69.95465527950202,
              -13.296032504721872
            ],
            [
              -69.96402872371067,
              -13.29666078548529
            ],
            [
              -69.9823628656817,
              -13.300785075686083
            ],
            [
              -69.99310926305306,
              -13.310598594514573
            ],
            [
              -70.00356606374254,
              -13.30871029035765
            ],
            [
              -70.01619940892745,
              -13.299574378835526
            ],
            [
              -70.0238898268249,
              -13.297851557134177
            ],
            [
              -70.04229510715959,
              -13.301714936907924
            ],
            [
              -70.05240464914299,
              -13.299142948562803
            ],
            [
              -70.06567983895538,
              -13.28894896826582
            ],
            [
              -70.06743264683752,
              -13.277405804447675
            ],
            [
              -70.07581963055583,
              -13.273460603935472
            ],
            [
              -70.0814509062242,
              -13.273408551486522
            ],
            [
              -70.09771230272545,
              -13.282149207927471
            ],
            [
              -70.10642166378419,
              -13.291994943487317
            ],
            [
              -70.1239538903931,
              -13.287735478684569
            ],
            [
              -70.12782136602127,
              -13.29078966471153
            ],
            [
              -70.13133311065137,
              -13.290165709875463
            ],
            [
              -70.13031589944939,
              -13.292243496390865
            ],
            [
              -70.13301560283553,
              -13.294479150164172
            ],
            [
              -70.14947000246991,
              -13.281773322231475
            ],
            [
              -70.15581075895442,
              -13.281288503088575
            ],
            [
              -70.15903160428203,
              -13.273446106746153
            ],
            [
              -70.17137758292478,
              -13.26495644197682
            ],
            [
              -70.18117660871906,
              -13.26540679440604
            ],
            [
              -70.18418016211069,
              -13.27089357729393
            ],
            [
              -70.19176276033429,
              -13.271852324126977
            ],
            [
              -70.20121606881015,
              -13.267964072544435
            ],
            [
              -70.20585435863372,
              -13.261845024930944
            ],
            [
              -70.211343314022,
              -13.263608378045918
            ],
            [
              -70.21815773881653,
              -13.259798342143972
            ],
            [
              -70.22157835071835,
              -13.253817409255989
            ],
            [
              -70.22514541130288,
              -13.263608689018223
            ],
            [
              -70.23195958767974,
              -13.259798301854842
            ],
            [
              -70.23341691818041,
              -13.253627894853656
            ],
            [
              -70.23862850846179,
              -13.254066550223568
            ],
            [
              -70.23670745358466,
              -13.248774058848221
            ],
            [
              -70.24688646606141,
              -13.25501691231834
            ],
            [
              -70.25520673088774,
              -13.254648230604078
            ],
            [
              -70.27652050556048,
              -13.242215903561911
            ],
            [
              -70.27216314176704,
              -13.236869630588625
            ],
            [
              -70.27388718075568,
              -13.23016757514771
            ],
            [
              -70.2790593154575,
              -13.236106194951304
            ],
            [
              -70.28206424998739,
              -13.228602424642883
            ],
            [
              -70.28338279211998,
              -13.23495788745454
            ],
            [
              -70.29297908479205,
              -13.233120159149149
            ],
            [
              -70.29620714174453,
              -13.229525145036115
            ],
            [
              -70.30278376814593,
              -13.232341359396658
            ],
            [
              -70.2994644928397,
              -13.218706370249281
            ],
            [
              -70.30352331461485,
              -13.218751982505914
            ],
            [
              -70.31136295610078,
              -13.230110519774392
            ],
            [
              -70.31553413215431,
              -13.22584773651396
            ],
            [
              -70.31429384251447,
              -13.22161277410864
            ],
            [
              -70.32268102938508,
              -13.221503247634413
            ],
            [
              -70.32460336287608,
              -13.21735137096481
            ],
            [
              -70.32958268802943,
              -13.231242362106675
            ],
            [
              -70.33320728222097,
              -13.229152519592693
            ],
            [
              -70.3328227104977,
              -13.2206221935653
            ],
            [
              -70.34510391998062,
              -13.224451253185467
            ],
            [
              -70.35561711610124,
              -13.222869730315585
            ],
            [
              -70.36089204289537,
              -13.212098590930085
            ],
            [
              -70.35195766291312,
              -13.204161187950149
            ],
            [
              -70.3524646699069,
              -13.202053431510118
            ],
            [
              -70.3586272819707,
              -13.20448881671756
            ],
            [
              -70.3661057766112,
              -13.203723125500288
            ],
            [
              -70.3671175156071,
              -13.199144648567739
            ],
            [
              -70.37541313863512,
              -13.198809868642373
            ],
            [
              -70.38793022688373,
              -13.191463522819753
            ],
            [
              -70.38328898617208,
              -13.184268819192058
            ],
            [
              -70.38689013630326,
              -13.163553964134023
            ],
            [
              -70.39822000708403,
              -13.157688707013516
            ],
            [
              -70.40066817582195,
              -13.153797132612663
            ],
            [
              -70.38722913832554,
              -13.135961380168066
            ],
            [
              -70.39361819750597,
              -13.130113985262254
            ],
            [
              -70.39905697764452,
              -13.131051769868332
            ],
            [
              -70.40947187714306,
              -13.138263207052278
            ],
            [
              -70.41588229044265,
              -13.136284362944727
            ],
            [
              -70.41585732085049,
              -13.131927157363354
            ],
            [
              -70.40150496425775,
              -13.127169247458772
            ],
            [
              -70.39789139180377,
              -13.09958914836392
            ],
            [
              -70.39086275690038,
              -13.07929564014565
            ],
            [
              -70.3922737219841,
              -13.066704003812697
            ],
            [
              -70.3897502789733,
              -13.057035456414056
            ],
            [
              -70.38030075549679,
              -13.044981086042393
            ],
            [
              -70.37577616819424,
              -13.030477357128266
            ],
            [
              -70.36485752297327,
              -13.02036467144965
            ],
            [
              -70.36037170159366,
              -13.012649660866938
            ],
            [
              -70.36033369082341,
              -12.999279098414785
            ],
            [
              -70.35271010377615,
              -12.979927167898948
            ],
            [
              -70.3555986941043,
              -12.965573981857537
            ],
            [
              -70.3493318012027,
              -12.94827594649715
            ],
            [
              -70.35261258663805,
              -12.915767452332679
            ],
            [
              -70.34965179682489,
              -12.9101143680707
            ],
            [
              -70.35074181447129,
              -12.898193350585279
            ],
            [
              -70.34515820171572,
              -12.88996811654745
            ],
            [
              -70.34116163245115,
              -12.87253131671173
            ],
            [
              -70.33025507755005,
              -12.867361436861609
            ],
            [
              -70.32228391946383,
              -12.856571086722402
            ],
            [
              -70.29695554364825,
              -12.847503094497217
            ],
            [
              -70.2913905013842,
              -12.843073439734491
            ],
            [
              -70.27208644754016,
              -12.778146035336693
            ],
            [
              -70.25900565769626,
              -12.754060536602164
            ],
            [
              -70.24863672903808,
              -12.74128966329049
            ],
            [
              -70.22152806245285,
              -12.737456226155482
            ],
            [
              -70.20758908013076,
              -12.72978102871474
            ],
            [
              -70.18165144613377,
              -12.702277274861572
            ],
            [
              -70.14306972290876,
              -12.676606253531373
            ],
            [
              -70.1254512583041,
              -12.659991071752613
            ],
            [
              -70.10173265607352,
              -12.652866190517052
            ],
            [
              -70.08365505855213,
              -12.64407065844175
            ],
            [
              -70.07113555265673,
              -12.627331151425
            ],
            [
              -70.05216544003082,
              -12.615236647172773
            ],
            [
              -70.04740528377076,
              -12.605897293289827
            ],
            [
              -70.05084441424177,
              -12.596335859003121
            ],
            [
              -70.07296249935087,
              -12.575542880397487
            ],
            [
              -70.07252083857234,
              -12.568302354806486
            ],
            [
              -70.08187243460006,
              -12.566555917520866
            ],
            [
              -70.07866510237115,
              -12.560854580866836
            ],
            [
              -70.08196986146372,
              -12.55456643196292
            ],
            [
              -70.09325355192921,
              -12.557079439372266
            ],
            [
              -70.09285788099277,
              -12.549811667512216
            ],
            [
              -70.08202057187532,
              -12.552522836661254
            ],
            [
              -70.07951134293475,
              -12.54899769295889
            ],
            [
              -70.08253273341823,
              -12.547339960981052
            ],
            [
              -70.08626941899803,
              -12.549738957938876
            ],
            [
              -70.09094492203215,
              -12.545163061431584
            ],
            [
              -70.09726913548211,
              -12.549422966571525
            ],
            [
              -70.09184327575262,
              -12.536389121876894
            ],
            [
              -70.09807030850763,
              -12.53534205034217
            ],
            [
              -70.10281771941084,
              -12.52607314099426
            ],
            [
              -70.10044697656544,
              -12.51993462042894
            ],
            [
              -70.10678756295846,
              -12.516147338372834
            ],
            [
              -70.10351181492703,
              -12.510609300723596
            ],
            [
              -70.10502691761418,
              -12.507809256029345
            ],
            [
              -70.12160791206131,
              -12.5051638693497
            ],
            [
              -70.11984708305668,
              -12.51155448049722
            ],
            [
              -70.12601294560257,
              -12.513951865906858
            ],
            [
              -70.1266634630185,
              -12.50626390517248
            ],
            [
              -70.12972517973523,
              -12.511359494816414
            ],
            [
              -70.13317175812551,
              -12.510314282373763
            ],
            [
              -70.13105359477551,
              -12.50563972247849
            ],
            [
              -70.13658711044188,
              -12.498121073765219
            ],
            [
              -70.13961361596992,
              -12.49988944997582
            ],
            [
              -70.1514746093448,
              -12.497063303655157
            ],
            [
              -70.16189518901706,
              -12.487136354875757
            ],
            [
              -70.16593488567185,
              -12.490482301977087
            ],
            [
              -70.1749929858295,
              -12.491030658432747
            ],
            [
              -70.17395125564462,
              -12.483133070928911
            ],
            [
              -70.17919207019784,
              -12.485081217261317
            ],
            [
              -70.18380250241933,
              -12.481109966802734
            ],
            [
              -70.18964082157332,
              -12.481671966802313
            ],
            [
              -70.19184063299714,
              -12.478696714471951
            ],
            [
              -70.18899823236441,
              -12.473175981769073
            ],
            [
              -70.19080116659057,
              -12.471386898877096
            ],
            [
              -70.20045873211808,
              -12.471145217646518
            ],
            [
              -70.20954553392508,
              -12.478030244004126
            ],
            [
              -70.21209976480785,
              -12.464764338452506
            ],
            [
              -70.21934164289915,
              -12.464342969084408
            ],
            [
              -70.21776885030296,
              -12.472261127772784
            ],
            [
              -70.22821364581189,
              -12.468253768228214
            ],
            [
              -70.23102129853307,
              -12.466260965276662
            ],
            [
              -70.23296879382026,
              -12.45260894986134
            ],
            [
              -70.23517722911502,
              -12.451613380630423
            ],
            [
              -70.23661373075741,
              -12.457537818248726
            ],
            [
              -70.23962811609827,
              -12.456737426832651
            ],
            [
              -70.24415523446815,
              -12.449890560341913
            ],
            [
              -70.25091203715878,
              -12.447165130158414
            ],
            [
              -70.24816824762482,
              -12.439040784588054
            ],
            [
              -70.25100036733323,
              -12.42855807405103
            ],
            [
              -70.2568736174068,
              -12.429335539614232
            ],
            [
              -70.26428899460691,
              -12.423713624005869
            ],
            [
              -70.25644703193034,
              -12.419699682853404
            ],
            [
              -70.25303674402247,
              -12.411912970019298
            ],
            [
              -70.25833493659447,
              -12.40639143061226
            ],
            [
              -70.25284363922451,
              -12.405973831013048
            ],
            [
              -70.25524372045898,
              -12.398395301908735
            ],
            [
              -70.24878752888618,
              -12.395170262368923
            ],
            [
              -70.25233174318355,
              -12.389186774755357
            ],
            [
              -70.24776948028803,
              -12.385202531010616
            ],
            [
              -70.25432553442757,
              -12.382975343909088
            ],
            [
              -70.24901983151665,
              -12.379537012232124
            ],
            [
              -70.24927987689206,
              -12.376380447372112
            ],
            [
              -70.25841376417611,
              -12.372776113342601
            ],
            [
              -70.257894765706,
              -12.370445897337117
            ],
            [
              -70.25213465119117,
              -12.369306162592032
            ],
            [
              -70.24956258095453,
              -12.362329156281891
            ],
            [
              -70.25056794260568,
              -12.360163696630126
            ],
            [
              -70.25700095973738,
              -12.36046859093581
            ],
            [
              -70.26351752611059,
              -12.342970927967187
            ],
            [
              -70.27537223542477,
              -12.344579283192889
            ],
            [
              -70.26891638182886,
              -12.339446929096685
            ],
            [
              -70.27145013974345,
              -12.338440601053657
            ],
            [
              -70.27073943424104,
              -12.331455118043825
            ],
            [
              -70.27851816588802,
              -12.330252471534736
            ],
            [
              -70.27461555201194,
              -12.328109902372065
            ],
            [
              -70.28033680695734,
              -12.321419821772675
            ],
            [
              -70.27644911253205,
              -12.312053336118632
            ],
            [
              -70.27815218099862,
              -12.307542893821815
            ],
            [
              -70.28017440820162,
              -12.305996438802088
            ],
            [
              -70.28290518380308,
              -12.308478982683294
            ],
            [
              -70.28485779105401,
              -12.303668982363519
            ],
            [
              -70.28181441494873,
              -12.29222816814344
            ],
            [
              -70.28993603396339,
              -12.297605618948232
            ],
            [
              -70.2944589261853,
              -12.2968790469024
            ],
            [
              -70.29756535298499,
              -12.28262463560676
            ],
            [
              -70.30218822302955,
              -12.281020504429712
            ],
            [
              -70.30113970440125,
              -12.269697024642173
            ],
            [
              -70.30673460866828,
              -12.258549904102168
            ],
            [
              -70.30843358607535,
              -12.257447837954736
            ],
            [
              -70.30848308672293,
              -12.262591963607427
            ],
            [
              -70.3122067604275,
              -12.263451153295337
            ],
            [
              -70.31417146039016,
              -12.259852453095624
            ],
            [
              -70.31234684361304,
              -12.253089444421358
            ],
            [
              -70.316896751461,
              -12.255083800510743
            ],
            [
              -70.32094683906992,
              -12.25314763766942
            ],
            [
              -70.31728058064138,
              -12.252080335456018
            ],
            [
              -70.32116971508742,
              -12.245054849943463
            ],
            [
              -70.31815612186976,
              -12.24095566032528
            ],
            [
              -70.3200829655655,
              -12.23781821058893
            ],
            [
              -70.31671961823199,
              -12.229833022520465
            ],
            [
              -70.32334644111444,
              -12.226908076737733
            ],
            [
              -70.32706092093083,
              -12.228843036211636
            ],
            [
              -70.33548731698194,
              -12.219887821895405
            ],
            [
              -70.33792164035803,
              -12.221837888948846
            ],
            [
              -70.33452434431601,
              -12.227758158314025
            ],
            [
              -70.33988629628973,
              -12.230959710379466
            ],
            [
              -70.34240629534798,
              -12.212567129033447
            ],
            [
              -70.34611425166693,
              -12.213344627980732
            ],
            [
              -70.34431765328127,
              -12.207820334789432
            ],
            [
              -70.34776825707203,
              -12.204747625407453
            ],
            [
              -70.34794192278942,
              -12.19893343749927
            ],
            [
              -70.35428229517318,
              -12.20181353570128
            ],
            [
              -70.35859151571329,
              -12.198528546772861
            ],
            [
              -70.35514286119928,
              -12.193916564489758
            ],
            [
              -70.35801576070757,
              -12.19087371559169
            ],
            [
              -70.36399184043582,
              -12.19594329477461
            ],
            [
              -70.37439689713929,
              -12.193324002810975
            ],
            [
              -70.3727383317684,
              -12.181262684155053
            ],
            [
              -70.3791440875563,
              -12.181944973484597
            ],
            [
              -70.38173906035382,
              -12.179328224826476
            ],
            [
              -70.37947805121144,
              -12.17226053453704
            ],
            [
              -70.37496705771089,
              -12.168512981526288
            ],
            [
              -70.37593189495165,
              -12.166492059648013
            ],
            [
              -70.38320097720828,
              -12.171979727191848
            ],
            [
              -70.3884842612847,
              -12.162216226490626
            ],
            [
              -70.39048064405148,
              -12.166473464494674
            ],
            [
              -70.39566697225413,
              -12.166817986685452
            ],
            [
              -70.39676043897938,
              -12.153658070605179
            ],
            [
              -70.40166211654261,
              -12.15359710697181
            ],
            [
              -70.40990816942784,
              -12.147958948626956
            ],
            [
              -70.41535398799142,
              -12.147433901196408
            ],
            [
              -70.4157323636527,
              -12.150677597183172
            ],
            [
              -70.42227081704976,
              -12.15237083486812
            ],
            [
              -70.42596453066702,
              -12.146945464711836
            ],
            [
              -70.43100812861037,
              -12.150264485548384
            ],
            [
              -70.43058190299982,
              -12.153792563958799
            ],
            [
              -70.43667410750272,
              -12.153959876090639
            ],
            [
              -70.43700021694615,
              -12.14350715477056
            ],
            [
              -70.44282000019022,
              -12.138667242681977
            ],
            [
              -70.43909554544804,
              -12.145286321252623
            ],
            [
              -70.44663901908628,
              -12.144388127054238
            ],
            [
              -70.44936721840813,
              -12.13591181235323
            ],
            [
              -70.45280963298613,
              -12.140314641725299
            ],
            [
              -70.45569418778652,
              -12.137198556235834
            ],
            [
              -70.46134735163095,
              -12.141652914832953
            ],
            [
              -70.459315441432,
              -12.135190561357204
            ],
            [
              -70.46678536121983,
              -12.126797600000708
            ],
            [
              -70.47377082450035,
              -12.132844832545404
            ],
            [
              -70.47612380791675,
              -12.132326032332342
            ],
            [
              -70.47168285612449,
              -12.127033810563796
            ],
            [
              -70.47325262084284,
              -12.11774081075444
            ],
            [
              -70.4766961319819,
              -12.11731567029378
            ],
            [
              -70.480419996102,
              -12.12238563910676
            ],
            [
              -70.48638501472404,
              -12.122751501794573
            ],
            [
              -70.48497763169075,
              -12.118708891545358
            ],
            [
              -70.48835444997974,
              -12.117651128345027
            ],
            [
              -70.4892591260096,
              -12.111905548744081
            ],
            [
              -70.49365006158547,
              -12.11294872176256
            ],
            [
              -70.49379631459205,
              -12.10713489671526
            ],
            [
              -70.5048292515487,
              -12.110004401188622
            ],
            [
              -70.50967966881906,
              -12.11587241497082
            ],
            [
              -70.50892795349594,
              -12.110081587156998
            ],
            [
              -70.51156302431525,
              -12.105203494638248
            ],
            [
              -70.51448864634841,
              -12.10503386043654
            ],
            [
              -70.51687549208671,
              -12.107678707462904
            ],
            [
              -70.51246155138665,
              -12.109528963538489
            ],
            [
              -70.5136805108637,
              -12.114006363685853
            ],
            [
              -70.5237536581507,
              -12.11077803966933
            ],
            [
              -70.52419605920811,
              -12.11543140334015
            ],
            [
              -70.52795346973146,
              -12.11394619078463
            ],
            [
              -70.53509036624409,
              -12.11871624283232
            ],
            [
              -70.53301004380525,
              -12.113285467259004
            ],
            [
              -70.54101713660373,
              -12.112291869185118
            ],
            [
              -70.54277348544042,
              -12.10282594604525
            ],
            [
              -70.5461027335529,
              -12.10451604139385
            ],
            [
              -70.54653515754353,
              -12.100337015943524
            ],
            [
              -70.54980053355851,
              -12.09911645233114
            ],
            [
              -70.54970448206488,
              -12.103022391088206
            ],
            [
              -70.55566274580544,
              -12.103847892164733
            ],
            [
              -70.55423979004622,
              -12.097012380785015
            ],
            [
              -70.5606572055631,
              -12.099860233262145
            ],
            [
              -70.56113151943141,
              -12.092896580801451
            ],
            [
              -70.5686780794899,
              -12.092962557811266
            ],
            [
              -70.56885139831367,
              -12.089011005384169
            ],
            [
              -70.56431470915176,
              -12.0835401146314
            ],
            [
              -70.5658799522512,
              -12.080710751494431
            ],
            [
              -70.57240383749453,
              -12.083313681551575
            ],
            [
              -70.57686193723686,
              -12.072639089667236
            ],
            [
              -70.57649322606774,
              -12.075705804632056
            ],
            [
              -70.5805874234362,
              -12.074290386981831
            ],
            [
              -70.5812033923831,
              -12.078002398815347
            ],
            [
              -70.58703252614625,
              -12.07853873112594
            ],
            [
              -70.59043535341657,
              -12.06673999295354
            ],
            [
              -70.59827704047348,
              -12.06971448176222
            ],
            [
              -70.59365558247212,
              -12.066052608316944
            ],
            [
              -70.60172699853048,
              -12.063050178116594
            ],
            [
              -70.59645966827982,
              -12.05805411632356
            ],
            [
              -70.5998058279585,
              -12.051950925520643
            ],
            [
              -70.61145324368589,
              -12.051495105325102
            ],
            [
              -70.60562200376404,
              -12.045480935383713
            ],
            [
              -70.60582442481416,
              -12.037813768704424
            ],
            [
              -70.62326132032324,
              -12.05142658780201
            ],
            [
              -70.62798474544468,
              -12.04432975864564
            ],
            [
              -70.6282305061603,
              -12.035767439291101
            ],
            [
              -70.63096906790463,
              -12.036673527350567
            ],
            [
              -70.63077990874842,
              -12.041854549902181
            ],
            [
              -70.6364625373082,
              -12.041604309844214
            ],
            [
              -70.64050989909872,
              -12.036075203493233
            ],
            [
              -70.63441734188564,
              -12.033914237287828
            ],
            [
              -70.63818471534381,
              -12.03177679831645
            ],
            [
              -70.63762427608462,
              -12.027377620112865
            ],
            [
              -70.64066383471946,
              -12.02558794619515
            ],
            [
              -70.63663243118813,
              -12.024481601733939
            ],
            [
              -70.6397294026963,
              -12.021181929854265
            ],
            [
              -70.63779483047153,
              -12.017288006831683
            ],
            [
              -70.6414574772273,
              -12.013252774240387
            ],
            [
              -70.64774558775146,
              -12.01258298671828
            ],
            [
              -70.64533856370971,
              -12.003050972321931
            ],
            [
              -70.64880549309373,
              -12.000996575736554
            ],
            [
              -70.65719270349953,
              -12.003478204845779
            ],
            [
              -70.66300063703339,
              -11.994512336508707
            ],
            [
              -70.66521773575607,
              -11.99439067976979
            ],
            [
              -70.66540922168366,
              -11.999126435521356
            ],
            [
              -70.66902748288325,
              -11.99386176196211
            ],
            [
              -70.6799824131642,
              -11.995125096257793
            ],
            [
              -70.68096509463429,
              -12.004041487896876
            ],
            [
              -70.68442645908532,
              -12.007238833517373
            ],
            [
              -70.68678609935759,
              -12.005525134140832
            ],
            [
              -70.68455942590721,
              -12.001344089766786
            ],
            [
              -70.68614093932135,
              -11.997944644599789
            ],
            [
              -70.69652165086733,
              -12.00390238322581
            ],
            [
              -70.69803278343461,
              -11.99648063308167
            ],
            [
              -70.70709050919307,
              -11.998793942295215
            ],
            [
              -70.70368136470383,
              -11.994927639629688
            ],
            [
              -70.7053131651762,
              -11.989620435784223
            ],
            [
              -70.7092249833321,
              -11.988520866665064
            ],
            [
              -70.70994561241518,
              -11.993641971572243
            ],
            [
              -70.71636149637897,
              -11.990574428262827
            ],
            [
              -70.7167887062348,
              -11.98698306464304
            ],
            [
              -70.72695872278486,
              -11.99061775536706
            ],
            [
              -70.72708565257358,
              -11.985717501029542
            ],
            [
              -70.73456004184953,
              -11.983438546355043
            ],
            [
              -70.73866751454014,
              -11.990843612323822
            ],
            [
              -70.7430159156767,
              -11.987517147278137
            ],
            [
              -70.74806370803182,
              -11.989890204984034
            ],
            [
              -70.7451023384656,
              -11.993741435739757
            ],
            [
              -70.7461347255355,
              -11.997260414645066
            ],
            [
              -70.75667819442536,
              -11.994301807939268
            ],
            [
              -70.75416687279746,
              -11.998511878248099
            ],
            [
              -70.76222352139817,
              -11.999464644753678
            ],
            [
              -70.7610092641912,
              -11.995720912384042
            ],
            [
              -70.76508045307278,
              -11.994104329613192
            ],
            [
              -70.76879631415336,
              -11.996178025021806
            ],
            [
              -70.773983964098,
              -11.987413131229351
            ],
            [
              -70.77904712850402,
              -11.997966136462251
            ],
            [
              -70.78138862313992,
              -11.989192092682776
            ],
            [
              -70.79194177263106,
              -11.986006203804102
            ],
            [
              -70.79737800070805,
              -11.987851553020066
            ],
            [
              -70.7954802596202,
              -11.985115773529548
            ],
            [
              -70.79811025894526,
              -11.981745325595504
            ],
            [
              -70.80801621140853,
              -11.986156021398228
            ],
            [
              -70.81038595860174,
              -11.977038196291426
            ],
            [
              -70.8136742751276,
              -11.977857590234194
            ],
            [
              -70.81202515566811,
              -11.981565304176836
            ],
            [
              -70.81887114337746,
              -11.979875818629386
            ],
            [
              -70.81998345199973,
              -11.969627177826855
            ],
            [
              -70.82626835410366,
              -11.970526403544119
            ],
            [
              -70.82609124011127,
              -11.965556006915024
            ],
            [
              -70.83111695806788,
              -11.966598914288285
            ],
            [
              -70.83572354570596,
              -11.962880843000564
            ],
            [
              -70.83832091901021,
              -11.966253514018693
            ],
            [
              -70.84632696561451,
              -11.961084819222679
            ],
            [
              -70.84976196808013,
              -11.96155935223939
            ],
            [
              -70.8518647230598,
              -11.966173487023509
            ],
            [
              -70.85570920202298,
              -11.963201357304934
            ],
            [
              -70.86128084153701,
              -11.96482763938981
            ],
            [
              -70.85853239963693,
              -11.955626041635599
            ],
            [
              -70.86687215077048,
              -11.955597837578038
            ],
            [
              -70.86749582352526,
              -11.947648412089816
            ],
            [
              -70.87247856919633,
              -11.947615250897966
            ],
            [
              -70.8720803944028,
              -11.943315350127365
            ],
            [
              -70.87588829355249,
              -11.939692454922625
            ],
            [
              -70.8841277804419,
              -11.941924207798172
            ],
            [
              -70.88272689688279,
              -11.938209554106885
            ],
            [
              -70.88777911494674,
              -11.937054856407354
            ],
            [
              -70.88832464174166,
              -11.933480825389504
            ],
            [
              -70.89141882263831,
              -11.932429603168956
            ],
            [
              -70.88624674816155,
              -11.925567633379078
            ],
            [
              -70.89090342022428,
              -11.92888078124788
            ],
            [
              -70.8904687240032,
              -11.924391367698755
            ],
            [
              -70.90029708355833,
              -11.921044085433225
            ],
            [
              -70.89652684157343,
              -11.915754645540009
            ],
            [
              -70.90335658752858,
              -11.9175976983167
            ],
            [
              -70.90813213246024,
              -11.915712425942422
            ],
            [
              -70.91015597363506,
              -11.922143381771878
            ],
            [
              -70.9169147908094,
              -11.924067897869268
            ],
            [
              -70.9227494682833,
              -11.918089646995647
            ],
            [
              -70.9285765003555,
              -11.916712073444717
            ],
            [
              -70.93014057471034,
              -11.918698915608445
            ],
            [
              -70.9265415498043,
              -11.922339051935317
            ],
            [
              -70.93405815522877,
              -11.920443622205475
            ],
            [
              -70.93685389786637,
              -11.923795832733738
            ],
            [
              -70.93506260445695,
              -11.926709570232
            ],
            [
              -70.93925919367938,
              -11.920669971381422
            ],
            [
              -70.94732816849859,
              -11.91822808441508
            ],
            [
              -70.94692693673305,
              -11.92418731587483
            ],
            [
              -70.95239133643561,
              -11.928623575807393
            ],
            [
              -70.95617740685154,
              -11.915744415008048
            ],
            [
              -70.96053550430537,
              -11.919790508351815
            ],
            [
              -70.96346439478614,
              -11.91609141106165
            ],
            [
              -70.9641642111959,
              -11.919955029881688
            ],
            [
              -70.9716431853484,
              -11.92359951119877
            ],
            [
              -70.97385093452843,
              -11.914870927811133
            ],
            [
              -70.98256191073796,
              -11.917864753187994
            ],
            [
              -70.9822728259765,
              -11.913916982288217
            ],
            [
              -70.99162495341099,
              -11.913146025649453
            ],
            [
              -70.9907687067908,
              -11.907620565815854
            ],
            [
              -70.99404775023774,
              -11.908790455710088
            ],
            [
              -70.99571044096001,
              -11.905063906529435
            ],
            [
              -70.99995722080604,
              -11.905458614365598
            ],
            [
              -70.99854965040831,
              -11.901663438035627
            ],
            [
              -71.0041061940202,
              -11.899942867975676
            ],
            [
              -71.00464101273303,
              -11.896920256775893
            ],
            [
              -71.01164628191269,
              -11.900151297666156
            ],
            [
              -71.00886553830821,
              -11.893130257260472
            ],
            [
              -71.01475643042852,
              -11.892256733422844
            ],
            [
              -71.01387320388292,
              -11.895932591466817
            ],
            [
              -71.01639535958581,
              -11.897577622018026
            ],
            [
              -71.01802684431165,
              -11.893480648978004
            ],
            [
              -71.02089603758569,
              -11.892953970989868
            ],
            [
              -71.02047445608115,
              -11.888446889509664
            ],
            [
              -71.02432377043941,
              -11.889775049857358
            ],
            [
              -71.0257461775901,
              -11.887984309122151
            ],
            [
              -71.02621133677764,
              -11.884184905480092
            ],
            [
              -71.02292234077917,
              -11.885130390233233
            ],
            [
              -71.02637070450659,
              -11.874711672297005
            ],
            [
              -71.02130896243267,
              -11.874214665001134
            ],
            [
              -71.02478298300858,
              -11.870574489244884
            ],
            [
              -71.02118962538098,
              -11.86740065176809
            ],
            [
              -71.02184165920832,
              -11.864395279720094
            ],
            [
              -71.0291183830041,
              -11.862363789246494
            ],
            [
              -71.03590732180648,
              -11.865604916923512
            ],
            [
              -71.0363073260175,
              -11.873673156305587
            ],
            [
              -71.04517049390266,
              -11.872217278185566
            ],
            [
              -71.04197352018075,
              -11.869275870931903
            ],
            [
              -71.04645160321736,
              -11.868122759280142
            ],
            [
              -71.04994652073593,
              -11.859547360438789
            ],
            [
              -71.04467203092943,
              -11.85258094473926
            ],
            [
              -71.04940576765075,
              -11.850603511625472
            ],
            [
              -71.05182926596846,
              -11.845605944105246
            ],
            [
              -71.04788461956683,
              -11.838946251930148
            ],
            [
              -71.05730713623038,
              -11.83898646157652
            ],
            [
              -71.05317739541,
              -11.835609034254412
            ],
            [
              -71.05800347345253,
              -11.831994943479966
            ],
            [
              -71.05664840838618,
              -11.827350141562796
            ],
            [
              -71.0603328003495,
              -11.826519011804763
            ],
            [
              -71.05802176226517,
              -11.82155578375656
            ],
            [
              -71.06053965760415,
              -11.82010045306695
            ],
            [
              -71.05923085832104,
              -11.81423517578985
            ],
            [
              -71.06328985171649,
              -11.816284472503632
            ],
            [
              -71.063358024975,
              -11.81317487155122
            ],
            [
              -71.05962609226029,
              -11.811801055501176
            ],
            [
              -71.06431213224462,
              -11.808576585281525
            ],
            [
              -71.06032301770965,
              -11.806002567763096
            ],
            [
              -71.06752478377842,
              -11.797400228154808
            ],
            [
              -71.0635613479603,
              -11.799082994625666
            ],
            [
              -71.06248757542727,
              -11.796993945010433
            ],
            [
              -71.06502883756336,
              -11.795972271142507
            ],
            [
              -71.06467744306083,
              -11.792341505863432
            ],
            [
              -71.06943438856985,
              -11.792659421817724
            ],
            [
              -71.07199691476119,
              -11.787145622352073
            ],
            [
              -71.07400370518505,
              -11.79024913217096
            ],
            [
              -71.0760786599428,
              -11.789257888761814
            ],
            [
              -71.0739073219981,
              -11.783941270947388
            ],
            [
              -71.0789899047676,
              -11.782792514387618
            ],
            [
              -71.07793680732271,
              -11.775524581354897
            ],
            [
              -71.08295074543108,
              -11.776626747726226
            ],
            [
              -71.08371841655372,
              -11.773240915606515
            ],
            [
              -71.08728644912638,
              -11.774118594150595
            ],
            [
              -71.09094486888593,
              -11.770115054203306
            ],
            [
              -71.0971003398054,
              -11.770105970132319
            ],
            [
              -71.10469872110177,
              -11.765341198903108
            ],
            [
              -71.10864279545514,
              -11.771114371046846
            ],
            [
              -71.11124851465401,
              -11.761957788240478
            ],
            [
              -71.11728702381035,
              -11.76160572521644
            ],
            [
              -71.11786801337311,
              -11.75875449158425
            ],
            [
              -71.12176137663698,
              -11.758680364214902
            ],
            [
              -71.127913064131,
              -11.753302238706688
            ],
            [
              -71.13136348458423,
              -11.75304150301058
            ],
            [
              -71.13278763903816,
              -11.755895831231847
            ],
            [
              -71.13684230813323,
              -11.753036675457425
            ],
            [
              -71.13894328775089,
              -11.756527571287604
            ],
            [
              -71.1400131251891,
              -11.75305810002974
            ],
            [
              -71.14607463929806,
              -11.752795668619935
            ],
            [
              -71.14714519554934,
              -11.749949781944506
            ],
            [
              -71.15194964841459,
              -11.75229049996692
            ],
            [
              -71.15327558136397,
              -11.748493721560276
            ],
            [
              -71.15518907348464,
              -11.750856179347734
            ],
            [
              -71.1567961905182,
              -11.748946135056899
            ],
            [
              -71.16511976830454,
              -11.749633235658024
            ],
            [
              -71.16647632102882,
              -11.754873773764292
            ],
            [
              -71.1717919873403,
              -11.754797206192862
            ],
            [
              -71.17154027135346,
              -11.760637377287024
            ],
            [
              -71.18415502202717,
              -11.762348526637979
            ],
            [
              -71.18660734105953,
              -11.766947871120044
            ],
            [
              -71.18811882617636,
              -11.762535032218102
            ],
            [
              -71.19814460960417,
              -11.76320801413644
            ],
            [
              -71.20175374511464,
              -11.758444578006351
            ],
            [
              -71.21033118654788,
              -11.756209270825131
            ],
            [
              -71.21263519679623,
              -11.752160763725202
            ],
            [
              -71.21093098706137,
              -11.749788118509105
            ],
            [
              -71.21288995437632,
              -11.750504958675775
            ],
            [
              -71.21442446030962,
              -11.746200332223776
            ],
            [
              -71.21894694276162,
              -11.746147141055964
            ],
            [
              -71.22348865942635,
              -11.741918512823505
            ],
            [
              -71.2236476281111,
              -11.737778207741735
            ],
            [
              -71.23355171518045,
              -11.734411397499704
            ],
            [
              -71.24016439091204,
              -11.727229300291528
            ],
            [
              -71.24157977424518,
              -11.721081967475063
            ],
            [
              -71.24777514865968,
              -11.716451521776083
            ],
            [
              -71.24809315217446,
              -11.708821677187732
            ],
            [
              -71.26850138799858,
              -11.699786355791302
            ],
            [
              -71.27462488389183,
              -11.69427946515758
            ],
            [
              -71.28513229661186,
              -11.690770898554266
            ],
            [
              -71.28944577511868,
              -11.692146249148838
            ],
            [
              -71.2951499109321,
              -11.687148432986199
            ],
            [
              -71.2983714304925,
              -11.691324777332463
            ],
            [
              -71.30370046196603,
              -11.68485682389809
            ],
            [
              -71.30777793878558,
              -11.68400170197141
            ],
            [
              -71.31832136005113,
              -11.690865954892843
            ],
            [
              -71.32801652157823,
              -11.690615706391604
            ],
            [
              -71.33693939349364,
              -11.688193598623805
            ],
            [
              -71.34392306043047,
              -11.682434515981827
            ],
            [
              -71.35042410773026,
              -11.68162226408548
            ],
            [
              -71.35253730571912,
              -11.6763276033762
            ],
            [
              -71.35945449074235,
              -11.67337011437649
            ],
            [
              -71.36149741010878,
              -11.668039859563923
            ],
            [
              -71.34798496172947,
              -11.637706361654912
            ],
            [
              -71.35020630284485,
              -11.626555168178195
            ],
            [
              -71.35436778793013,
              -11.619906439954805
            ],
            [
              -71.36730920535312,
              -11.610727858293853
            ],
            [
              -71.36978109586194,
              -11.596149798177146
            ],
            [
              -71.38330127896207,
              -11.585511179486776
            ],
            [
              -71.38766810826867,
              -11.576854446143548
            ],
            [
              -71.3917663511835,
              -11.57562780390913
            ],
            [
              -71.40202413936287,
              -11.580603179048726
            ],
            [
              -71.40693514115226,
              -11.577788227391627
            ],
            [
              -71.40722696036877,
              -11.570755582341393
            ],
            [
              -71.4014139409777,
              -11.56249045052984
            ],
            [
              -71.40098697501841,
              -11.557587270144124
            ],
            [
              -71.42221167689917,
              -11.515988750036717
            ],
            [
              -71.44166242087616,
              -11.503880392084112
            ],
            [
              -71.44683638105936,
              -11.506132109990924
            ],
            [
              -71.45456016593286,
              -11.515130193210274
            ],
            [
              -71.46660204027478,
              -11.515841551692462
            ],
            [
              -71.4956245624054,
              -11.492471464346659
            ],
            [
              -71.51728850876047,
              -11.489005181801533
            ],
            [
              -71.53149814054963,
              -11.481581400607459
            ],
            [
              -71.53715683710831,
              -11.48176714948879
            ],
            [
              -71.54694071582198,
              -11.48853975958925
            ],
            [
              -71.55284115664584,
              -11.487458105296948
            ],
            [
              -71.56331981060437,
              -11.47548469263479
            ],
            [
              -71.57892710836454,
              -11.464297077061046
            ],
            [
              -71.58147154208336,
              -11.434404149789446
            ],
            [
              -71.58851339757732,
              -11.425388104236339
            ],
            [
              -71.5985766695497,
              -11.426211569956177
            ],
            [
              -71.60117100930529,
              -11.437301721310229
            ],
            [
              -71.60655906423013,
              -11.442376667979515
            ],
            [
              -71.61440782186406,
              -11.438819123434879
            ],
            [
              -71.62703045100852,
              -11.423464163176186
            ],
            [
              -71.63503785994077,
              -11.423618137748496
            ],
            [
              -71.64207204309469,
              -11.430150222891688
            ],
            [
              -71.64721601970648,
              -11.428224533711226
            ],
            [
              -71.65931979870264,
              -11.418456782848484
            ],
            [
              -71.66441007095206,
              -11.409990234894245
            ],
            [
              -71.66197121293295,
              -11.404392790309782
            ],
            [
              -71.64753496704053,
              -11.39362739976264
            ],
            [
              -71.64547217825312,
              -11.386309706778887
            ],
            [
              -71.64784125482215,
              -11.375916409360626
            ],
            [
              -71.66060562089685,
              -11.365104121993618
            ],
            [
              -71.66107688372048,
              -11.353616717047503
            ],
            [
              -71.66864788319027,
              -11.35643936008873
            ],
            [
              -71.6805455288457,
              -11.373090543778337
            ],
            [
              -71.68819918545584,
              -11.374972180869321
            ],
            [
              -71.69609908289078,
              -11.368124024426864
            ],
            [
              -71.69663452105927,
              -11.35628393985985
            ],
            [
              -71.71242112934979,
              -11.351459229615166
            ],
            [
              -71.7208309609446,
              -11.338652354251623
            ],
            [
              -71.73703598931374,
              -11.341763843162878
            ],
            [
              -71.75208568807294,
              -11.327982315275449
            ],
            [
              -71.75504022731776,
              -11.331893635280124
            ],
            [
              -71.75537355904413,
              -11.344222058063563
            ],
            [
              -71.76238763452852,
              -11.345213430737425
            ],
            [
              -71.7669578839503,
              -11.34221646713772
            ],
            [
              -71.77652269536088,
              -11.325106646863132
            ],
            [
              -71.78369589288704,
              -11.318101106193911
            ],
            [
              -71.79056454334312,
              -11.316735464864141
            ],
            [
              -71.80751358476923,
              -11.323774862534076
            ],
            [
              -71.82355980150446,
              -11.315834966761946
            ],
            [
              -71.83196444514536,
              -11.32029845136569
            ],
            [
              -71.82924531061443,
              -11.333838714022606
            ],
            [
              -71.83047884049279,
              -11.339608363321153
            ],
            [
              -71.84507269682676,
              -11.351708313780314
            ],
            [
              -71.848374654494,
              -11.362968191029008
            ],
            [
              -71.85411476734592,
              -11.368151964827486
            ],
            [
              -71.86235773670275,
              -11.370664478373946
            ],
            [
              -71.87050546913778,
              -11.369230126544565
            ],
            [
              -71.89373440070169,
              -11.351550736370111
            ],
            [
              -71.9025407716994,
              -11.350768601100551
            ],
            [
              -71.91641723844585,
              -11.359230963306219
            ],
            [
              -71.9274794343759,
              -11.375064162468137
            ],
            [
              -71.93581141700454,
              -11.38090661295017
            ],
            [
              -71.95670734060604,
              -11.390533715655623
            ],
            [
              -71.97105509564098,
              -11.391924482753
            ],
            [
              -71.98373709493157,
              -11.388571369925005
            ],
            [
              -71.99432154193514,
              -11.375872646739076
            ],
            [
              -72.01148877633393,
              -11.372987718681156
            ],
            [
              -72.03153622824345,
              -11.373766310515096
            ],
            [
              -72.04795006262874,
              -11.378898426733716
            ],
            [
              -72.07266989259443,
              -11.377241231996129
            ],
            [
              -72.0941300984431,
              -11.38339248573414
            ],
            [
              -72.10183784089621,
              -11.382597757755166
            ],
            [
              -72.10980711251764,
              -11.375342609442935
            ],
            [
              -72.1090238664004,
              -11.348590769335145
            ],
            [
              -72.11259318912417,
              -11.336658736991186
            ],
            [
              -72.13756686113494,
              -11.327254648399983
            ],
            [
              -72.15694462604478,
              -11.325169656742812
            ],
            [
              -72.16486318286086,
              -11.32678273419888
            ],
            [
              -72.17423566420807,
              -11.333473385239124
            ],
            [
              -72.18481847080837,
              -11.351321686896162
            ],
            [
              -72.19135439506007,
              -11.35465557774749
            ],
            [
              -72.19975001695329,
              -11.353480827382864
            ],
            [
              -72.20958424115334,
              -11.34544297049643
            ],
            [
              -72.20606076574019,
              -11.343588238617356
            ],
            [
              -72.20626724765695,
              -11.338829372386286
            ],
            [
              -72.2135532016615,
              -11.320442062159302
            ],
            [
              -72.2218617495654,
              -11.310745563630636
            ],
            [
              -72.22355519664708,
              -11.300824113478921
            ],
            [
              -72.21982427821797,
              -11.289587016538936
            ],
            [
              -72.20884585510665,
              -11.277116441297384
            ],
            [
              -72.20558804659036,
              -11.268964339760375
            ],
            [
              -72.20672500356098,
              -11.262705547439234
            ],
            [
              -72.2154526722766,
              -11.248893342573602
            ],
            [
              -72.2078158492803,
              -11.231241798364069
            ],
            [
              -72.20759459675035,
              -11.206839205774775
            ],
            [
              -72.19661564542076,
              -11.19199306657182
            ],
            [
              -72.18225735552498,
              -11.187359190046703
            ],
            [
              -72.17786292847678,
              -11.182033018148548
            ],
            [
              -72.18604910818216,
              -11.163365147092108
            ],
            [
              -72.18314251033874,
              -11.153364577366544
            ],
            [
              -72.16945485118548,
              -11.14434651833862
            ],
            [
              -72.13339082343343,
              -11.13162827933279
            ],
            [
              -72.10692449751184,
              -11.115087588645961
            ],
            [
              -72.09723510137857,
              -11.100333436389116
            ],
            [
              -72.0994799222954,
              -11.088728411422363
            ],
            [
              -72.09657652037217,
              -11.08175650592559
            ],
            [
              -72.09029122969032,
              -11.07796371964435
            ],
            [
              -72.09253368254927,
              -11.071409241514367
            ],
            [
              -72.0904584632088,
              -11.073304257596881
            ],
            [
              -72.08894351626468,
              -11.067436209053918
            ],
            [
              -72.08602965602842,
              -11.068483033202867
            ],
            [
              -72.08472646224386,
              -11.065715369334649
            ],
            [
              -72.08085864232586,
              -11.065325712799178
            ],
            [
              -72.0832305819272,
              -11.05793250632509
            ],
            [
              -72.07975119629776,
              -11.055035430598119
            ],
            [
              -72.06780983343118,
              -11.06364561909458
            ],
            [
              -72.06765715694952,
              -11.066868890368218
            ],
            [
              -72.06357628910379,
              -11.063604484266847
            ],
            [
              -72.05858782733833,
              -11.066419353886586
            ],
            [
              -72.05507941854418,
              -11.061931967561986
            ],
            [
              -72.05672253296203,
              -11.066970244823834
            ],
            [
              -72.0531633433888,
              -11.072075196139313
            ],
            [
              -72.05200376268688,
              -11.067041631506866
            ],
            [
              -72.04210617411549,
              -11.064795032527094
            ],
            [
              -72.04588135753357,
              -11.062320881713092
            ],
            [
              -72.04408850110786,
              -11.060153546101775
            ],
            [
              -72.03430395712508,
              -11.058747907126868
            ],
            [
              -72.03799268278952,
              -11.064872134885588
            ],
            [
              -72.03111474571698,
              -11.063133548640712
            ],
            [
              -72.028789816538,
              -11.065739180202854
            ],
            [
              -72.02096256658533,
              -11.062202579298662
            ],
            [
              -72.01791913559393,
              -11.064078412354844
            ],
            [
              -72.01481191277719,
              -11.060344376685592
            ],
            [
              -72.0135779016476,
              -11.062725795612515
            ],
            [
              -72.01106811012332,
              -11.059711210712164
            ],
            [
              -72.01376200191935,
              -11.056513244172466
            ],
            [
              -72.00529984151807,
              -11.05595077698763
            ],
            [
              -72.0032231601775,
              -11.057962488460035
            ],
            [
              -72.00144291704669,
              -11.054593795294274
            ],
            [
              -71.99794856570804,
              -11.055462344697286
            ],
            [
              -71.9977015637593,
              -11.059009621962677
            ],
            [
              -71.99224176664187,
              -11.055342372166262
            ],
            [
              -71.98184130860813,
              -11.055121258445494
            ],
            [
              -71.98461317667861,
              -11.060523143376592
            ],
            [
              -71.98108980539018,
              -11.06204149995643
            ],
            [
              -71.97813187785893,
              -11.055562896887636
            ],
            [
              -71.97936849735656,
              -11.052946874350939
            ],
            [
              -71.97101074161952,
              -11.054055484105433
            ],
            [
              -71.97168003900853,
              -11.059553765496016
            ],
            [
              -71.96881155933211,
              -11.05618309241611
            ],
            [
              -71.96372432146296,
              -11.056845556229627
            ],
            [
              -71.96175933721047,
              -11.059698016655979
            ],
            [
              -71.95634622120379,
              -11.056771325091509
            ],
            [
              -71.95614888653596,
              -11.052470070260528
            ],
            [
              -71.9469134650893,
              -11.056558743547678
            ],
            [
              -71.94160116375541,
              -11.062448047594097
            ],
            [
              -71.94097592514694,
              -11.052759461219463
            ],
            [
              -71.93189753576394,
              -11.05338999533336
            ],
            [
              -71.92397999944596,
              -11.047095624431083
            ],
            [
              -71.91660631771346,
              -11.051021600849099
            ],
            [
              -71.9127189718841,
              -11.041065079476976
            ],
            [
              -71.91037843791297,
              -11.045105459896298
            ],
            [
              -71.91214007334662,
              -11.050136061125597
            ],
            [
              -71.90705800111903,
              -11.050327965363707
            ],
            [
              -71.90616338166127,
              -11.043382479314525
            ],
            [
              -71.90056242206191,
              -11.046910702388127
            ],
            [
              -71.90390122709634,
              -11.051487831865465
            ],
            [
              -71.90081848937315,
              -11.057073919929273
            ],
            [
              -71.90372737777172,
              -11.056507654345037
            ],
            [
              -71.90550388570054,
              -11.060111427766596
            ],
            [
              -71.89738789784673,
              -11.061220344784873
            ],
            [
              -71.90256230395364,
              -11.063784253182897
            ],
            [
              -71.90229372838849,
              -11.066283263656048
            ],
            [
              -71.89816681028353,
              -11.067676916324963
            ],
            [
              -71.89274813205986,
              -11.065354263151583
            ],
            [
              -71.89219217554019,
              -11.060688252915343
            ],
            [
              -71.88745270086476,
              -11.062788953398615
            ],
            [
              -71.87879798000455,
              -11.057678133920893
            ],
            [
              -71.8757533196862,
              -11.059678736112682
            ],
            [
              -71.87548666851686,
              -11.050599386868363
            ],
            [
              -71.87122562168038,
              -11.053183452359216
            ],
            [
              -71.86507816731596,
              -11.051205103150156
            ],
            [
              -71.8626366428321,
              -11.05473811761437
            ],
            [
              -71.85969502430714,
              -11.047058043381393
            ],
            [
              -71.87030622610737,
              -11.038687572799661
            ],
            [
              -71.8702357220531,
              -11.033909233124517
            ],
            [
              -71.8649632947757,
              -11.040664322554075
            ],
            [
              -71.85623335502092,
              -11.042723182984677
            ],
            [
              -71.85520373774244,
              -11.048564746985935
            ],
            [
              -71.85199073820571,
              -11.043636373992639
            ],
            [
              -71.84394169168549,
              -11.054091885826585
            ],
            [
              -71.83420494336991,
              -11.048499132356296
            ],
            [
              -71.83672272066367,
              -11.050557487907914
            ],
            [
              -71.83617785339277,
              -11.056286545422685
            ],
            [
              -71.83044480575226,
              -11.060760055069705
            ],
            [
              -71.82392459729593,
              -11.059734271972777
            ],
            [
              -71.82230041038206,
              -11.066643966717129
            ],
            [
              -71.81016993960495,
              -11.06430345842553
            ],
            [
              -71.81294066989845,
              -11.070961414825852
            ],
            [
              -71.7994268078389,
              -11.073509565560675
            ],
            [
              -71.7962179983737,
              -11.068282805218528
            ],
            [
              -71.79194898770729,
              -11.075046645156181
            ],
            [
              -71.79619249988741,
              -11.078342826924457
            ],
            [
              -71.79505432602295,
              -11.080010456353069
            ],
            [
              -71.78481123828611,
              -11.075214478515603
            ],
            [
              -71.76210893552435,
              -11.076046271544659
            ],
            [
              -71.757413605788,
              -11.074081372145768
            ],
            [
              -71.75154415271032,
              -11.079878961714503
            ],
            [
              -71.75074373887273,
              -11.08679665512322
            ],
            [
              -71.74239407564042,
              -11.07606877431143
            ],
            [
              -71.73128127160163,
              -11.074756551685853
            ],
            [
              -71.72800449146244,
              -11.064923239498306
            ],
            [
              -71.7243846656023,
              -11.064170600773958
            ],
            [
              -71.72220493284033,
              -11.075254051010898
            ],
            [
              -71.71392084108595,
              -11.069791006095556
            ],
            [
              -71.71302271903406,
              -11.074440750661928
            ],
            [
              -71.71634967090937,
              -11.079732513537433
            ],
            [
              -71.71410089694973,
              -11.086155502096226
            ],
            [
              -71.7075210046217,
              -11.09050840029945
            ],
            [
              -71.70087543817044,
              -11.089957101921904
            ],
            [
              -71.69503708397188,
              -11.092882012089133
            ],
            [
              -71.6911318714779,
              -11.095945415834972
            ],
            [
              -71.68910303362846,
              -11.104284778456933
            ],
            [
              -71.6852205431967,
              -11.105316580991191
            ],
            [
              -71.68164511508043,
              -11.100617781749758
            ],
            [
              -71.67403711425494,
              -11.099576648189034
            ],
            [
              -71.6730014960349,
              -11.094905857249998
            ],
            [
              -71.66964725008592,
              -11.093405963902848
            ],
            [
              -71.6569007668411,
              -11.097562824011224
            ],
            [
              -71.65332728687315,
              -11.092746474662734
            ],
            [
              -71.65011519377485,
              -11.098688321813592
            ],
            [
              -71.6450376008646,
              -11.09850535809423
            ],
            [
              -71.63862769795911,
              -11.087923571221975
            ],
            [
              -71.63093281520031,
              -11.094528394276987
            ],
            [
              -71.63546761226434,
              -11.099834219621037
            ],
            [
              -71.63007430335759,
              -11.106103468717277
            ],
            [
              -71.62420212946078,
              -11.101378499347728
            ],
            [
              -71.62333787728109,
              -11.092411724436728
            ],
            [
              -71.60984316069082,
              -11.098472206211174
            ],
            [
              -71.59325266394713,
              -11.089923991794972
            ],
            [
              -71.58713759641066,
              -11.095822939048068
            ],
            [
              -71.59127802994097,
              -11.103761220652974
            ],
            [
              -71.58943646461233,
              -11.106124010190515
            ],
            [
              -71.58129161674711,
              -11.103223550913464
            ],
            [
              -71.57722648928508,
              -11.088848451398157
            ],
            [
              -71.57021737861183,
              -11.088407577779916
            ],
            [
              -71.56746719532424,
              -11.085748866158642
            ],
            [
              -71.5585354379546,
              -11.09460350689673
            ],
            [
              -71.54935834303663,
              -11.083149438084739
            ],
            [
              -71.54538229882712,
              -11.081912108696471
            ],
            [
              -71.53972630443191,
              -11.100500282168179
            ],
            [
              -71.5367244365465,
              -11.099246896033415
            ],
            [
              -71.53575309167218,
              -11.087336093496182
            ],
            [
              -71.52664282467246,
              -11.08590401692373
            ],
            [
              -71.51242903177992,
              -11.101151205715519
            ],
            [
              -71.50428484289627,
              -11.10182410782383
            ],
            [
              -71.49948549442607,
              -11.107546371645853
            ],
            [
              -71.4960268385312,
              -11.107533179618384
            ],
            [
              -71.49281935650967,
              -11.102710869208146
            ],
            [
              -71.49875258967832,
              -11.092352385946823
            ],
            [
              -71.49337158338997,
              -11.091296676071691
            ],
            [
              -71.48250477813542,
              -11.096045109172607
            ],
            [
              -71.47539774024091,
              -11.10742754607779
            ],
            [
              -71.45784739693325,
              -11.105370645455272
            ],
            [
              -71.44954754215435,
              -11.111321394866371
            ],
            [
              -71.4421410719283,
              -11.105817217223699
            ],
            [
              -71.43697127475633,
              -11.109971933726468
            ],
            [
              -71.43791615478855,
              -11.113079615335415
            ],
            [
              -71.44716389689493,
              -11.11567168939977
            ],
            [
              -71.44882345359014,
              -11.120160042376948
            ],
            [
              -71.43976214920603,
              -11.128538802266737
            ],
            [
              -71.43244344272,
              -11.127079719663874
            ],
            [
              -71.43225522707216,
              -11.129397576833947
            ],
            [
              -71.43877280366014,
              -11.132842287953478
            ],
            [
              -71.43740338111388,
              -11.140201617770302
            ],
            [
              -71.41808752918058,
              -11.137651477650547
            ],
            [
              -71.40895293373879,
              -11.14905216957763
            ],
            [
              -71.3994241368855,
              -11.147547627038245
            ],
            [
              -71.39845089899717,
              -11.153638375133044
            ],
            [
              -71.39569896028917,
              -11.15541975295965
            ],
            [
              -71.39178576676358,
              -11.154027578486872
            ],
            [
              -71.3900218366531,
              -11.149971166297515
            ],
            [
              -71.38424635332228,
              -11.1489807597108
            ],
            [
              -71.37607314249655,
              -11.162946206347296
            ],
            [
              -71.38339417489969,
              -11.172432006645055
            ],
            [
              -71.38059434291544,
              -11.178049103774292
            ],
            [
              -71.37026023177096,
              -11.178221688909597
            ],
            [
              -71.369130005743,
              -11.171708522840715
            ],
            [
              -71.37557281942678,
              -11.16826611570113
            ],
            [
              -71.3724522505901,
              -11.164843155869725
            ],
            [
              -71.36019484296514,
              -11.16236537674792
            ],
            [
              -71.34630340341093,
              -11.164525041443994
            ],
            [
              -71.33697232227757,
              -11.155131518539623
            ],
            [
              -71.33393455744813,
              -11.171369444424249
            ],
            [
              -71.3249307988106,
              -11.172712223423797
            ],
            [
              -71.3114293445741,
              -11.169314522901155
            ],
            [
              -71.31652553529979,
              -11.181626289937439
            ],
            [
              -71.31169914196929,
              -11.187316611292509
            ],
            [
              -71.30648696990885,
              -11.187369544046787
            ],
            [
              -71.30332090159183,
              -11.181075093085214
            ],
            [
              -71.29931783753338,
              -11.180276359349703
            ],
            [
              -71.29582200901847,
              -11.183040231779596
            ],
            [
              -71.29484632522873,
              -11.18953609450118
            ],
            [
              -71.29063607679696,
              -11.190016373759462
            ],
            [
              -71.27949194458992,
              -11.185608357418541
            ],
            [
              -71.27716184991891,
              -11.180208778963205
            ],
            [
              -71.27042171096753,
              -11.185612586113159
            ],
            [
              -71.27003195738624,
              -11.192620968841377
            ],
            [
              -71.26155265245143,
              -11.194338150406944
            ],
            [
              -71.25244926949284,
              -11.191362786275215
            ],
            [
              -71.24833382663029,
              -11.182231091895673
            ],
            [
              -71.24636460296622,
              -11.19755027549548
            ],
            [
              -71.23964345819998,
              -11.19885562060741
            ],
            [
              -71.23455220259012,
              -11.19664329027861
            ],
            [
              -71.22867598032944,
              -11.202101815409302
            ],
            [
              -71.22040229453843,
              -11.201789503410042
            ],
            [
              -71.2210487713718,
              -11.210381023756101
            ],
            [
              -71.21921036401818,
              -11.21181082631045
            ],
            [
              -71.2007545672668,
              -11.210168167801102
            ],
            [
              -71.18922972604064,
              -11.215797221517514
            ],
            [
              -71.18854433411553,
              -11.22308989132656
            ],
            [
              -71.18357864430237,
              -11.226645393568141
            ],
            [
              -71.17438421511564,
              -11.223864951342671
            ],
            [
              -71.17456347837005,
              -11.21524825911936
            ],
            [
              -71.16336588857021,
              -11.209914888373131
            ],
            [
              -71.15980715812998,
              -11.213885177987887
            ],
            [
              -71.15768654991358,
              -11.228027027031148
            ],
            [
              -71.13351331587106,
              -11.22218180247489
            ],
            [
              -71.12124671711588,
              -11.241921494906594
            ],
            [
              -71.11425278496334,
              -11.238247414628148
            ],
            [
              -71.11508554091206,
              -11.230253534674688
            ],
            [
              -71.11294745598323,
              -11.227364839528596
            ],
            [
              -71.10022579384834,
              -11.22127841601023
            ],
            [
              -71.10144833785088,
              -11.228171018508794
            ],
            [
              -71.10913180806948,
              -11.233731383050399
            ],
            [
              -71.09290287223216,
              -11.244203442454266
            ],
            [
              -71.08957375498099,
              -11.240044585706313
            ],
            [
              -71.09674014842871,
              -11.234020253244458
            ],
            [
              -71.09185823388157,
              -11.23163690426271
            ],
            [
              -71.08272352135613,
              -11.237878834066272
            ],
            [
              -71.07498432371807,
              -11.233824206272955
            ],
            [
              -71.0694300652428,
              -11.23613321772167
            ],
            [
              -71.07121907593866,
              -11.250270538221258
            ],
            [
              -71.06893185174609,
              -11.252045090402312
            ],
            [
              -71.06162297069409,
              -11.249999073626618
            ],
            [
              -71.06041194922531,
              -11.239903225649533
            ],
            [
              -71.05767424617812,
              -11.238007998317666
            ],
            [
              -71.05415884832284,
              -11.239188620999514
            ],
            [
              -71.05339970782586,
              -11.247940763616654
            ],
            [
              -71.05064531838745,
              -11.25049401492058
            ],
            [
              -71.04179471698646,
              -11.250872508770897
            ],
            [
              -71.03429068316743,
              -11.244753589195868
            ],
            [
              -71.0324833125464,
              -11.249611285403372
            ],
            [
              -71.04039748635302,
              -11.256114747773559
            ],
            [
              -71.03752403908943,
              -11.261256040116235
            ],
            [
              -71.02833609415083,
              -11.255520498629409
            ],
            [
              -71.0288113037639,
              -11.249327601113299
            ],
            [
              -71.02594773917886,
              -11.24450677807426
            ],
            [
              -71.0187733976486,
              -11.246323743039133
            ],
            [
              -71.01500320053938,
              -11.24961190241729
            ],
            [
              -71.01875074568179,
              -11.256276424337187
            ],
            [
              -71.01538846680448,
              -11.26477658875226
            ],
            [
              -71.00617261098715,
              -11.263461568090646
            ],
            [
              -71.00501700710501,
              -11.25401653976795
            ],
            [
              -71.00053344773754,
              -11.254669027501498
            ],
            [
              -70.99921617503344,
              -11.262420390790885
            ],
            [
              -70.99669737588745,
              -11.264263269368875
            ],
            [
              -70.98586053554648,
              -11.262979909835288
            ],
            [
              -70.97944358016635,
              -11.270815348305641
            ],
            [
              -70.97004479854208,
              -11.267935718469836
            ],
            [
              -70.96472070707912,
              -11.26948746273817
            ],
            [
              -70.9610464508579,
              -11.277134022996773
            ],
            [
              -70.94686510265642,
              -11.28159616642342
            ],
            [
              -70.94144154896755,
              -11.293161257431311
            ],
            [
              -70.93939549609254,
              -11.292474530732818
            ],
            [
              -70.9380453315178,
              -11.28099715146765
            ],
            [
              -70.9303692931545,
              -11.276479727338161
            ],
            [
              -70.9227438386693,
              -11.281265136898531
            ],
            [
              -70.92412894827413,
              -11.285939846388358
            ],
            [
              -70.92963361168955,
              -11.290075750286599
            ],
            [
              -70.92698336379084,
              -11.293621266616372
            ],
            [
              -70.92169219754021,
              -11.29151831893515
            ],
            [
              -70.91865451220869,
              -11.283960690554878
            ],
            [
              -70.91070950732865,
              -11.277165468720048
            ],
            [
              -70.90773210888868,
              -11.278198031356043
            ],
            [
              -70.9078383508366,
              -11.283477604979737
            ],
            [
              -70.91245301213235,
              -11.290641998835234
            ],
            [
              -70.90886047395134,
              -11.296682491271046
            ],
            [
              -70.90267858965797,
              -11.28490397618544
            ],
            [
              -70.89548192171394,
              -11.291399593109137
            ],
            [
              -70.89239855585444,
              -11.291356816179016
            ],
            [
              -70.8864770281821,
              -11.282613282953173
            ],
            [
              -70.87959859526802,
              -11.290096239729008
            ],
            [
              -70.8747861536273,
              -11.284128784960128
            ],
            [
              -70.88034933953294,
              -11.275608152195534
            ],
            [
              -70.8719810301314,
              -11.27310988855555
            ],
            [
              -70.86533915806675,
              -11.27465029028436
            ],
            [
              -70.86179007199118,
              -11.277587011154509
            ],
            [
              -70.86394502978202,
              -11.291763503623624
            ],
            [
              -70.8719060429122,
              -11.305804656895358
            ],
            [
              -70.8791629916992,
              -11.309965854523776
            ],
            [
              -70.87808069569029,
              -11.313767100945952
            ],
            [
              -70.86755251438984,
              -11.318455784540518
            ],
            [
              -70.85319926773987,
              -11.31998675471994
            ],
            [
              -70.84823477374695,
              -11.3288124435213
            ],
            [
              -70.84022112337693,
              -11.32473002416345
            ],
            [
              -70.83701395741708,
              -11.329042255387098
            ],
            [
              -70.83240916313727,
              -11.329689946603924
            ],
            [
              -70.82560221041226,
              -11.3195707930645
            ],
            [
              -70.81494042123843,
              -11.325085302404558
            ],
            [
              -70.8196605257834,
              -11.341472015228819
            ],
            [
              -70.81936754399631,
              -11.349109027349996
            ],
            [
              -70.803828136619,
              -11.349005315126258
            ],
            [
              -70.80131743343935,
              -11.355293431961142
            ],
            [
              -70.7931624746789,
              -11.362935201493421
            ],
            [
              -70.78982558656028,
              -11.35954964511049
            ],
            [
              -70.79073274482082,
              -11.355439963446454
            ],
            [
              -70.79572691432908,
              -11.344740030892504
            ],
            [
              -70.80083138694795,
              -11.343026620610752
            ],
            [
              -70.79868995764353,
              -11.340605470759757
            ],
            [
              -70.79369473644628,
              -11.343132318621075
            ],
            [
              -70.78276387294697,
              -11.364788984659208
            ],
            [
              -70.77279513306026,
              -11.367171745684828
            ],
            [
              -70.77831120900389,
              -11.375586393296329
            ],
            [
              -70.77686610235429,
              -11.379264232421523
            ],
            [
              -70.76762481208326,
              -11.38083618446645
            ],
            [
              -70.76626677496957,
              -11.388538475958752
            ],
            [
              -70.75822713388224,
              -11.380123291683352
            ],
            [
              -70.75288456634621,
              -11.3815435346968
            ],
            [
              -70.75057168915303,
              -11.386606774402551
            ],
            [
              -70.74434527330808,
              -11.389890300197957
            ],
            [
              -70.74671152113814,
              -11.396067664444269
            ],
            [
              -70.74000661609244,
              -11.395555427751004
            ],
            [
              -70.7307732963914,
              -11.402339908924079
            ],
            [
              -70.7352005911898,
              -11.413625873953668
            ],
            [
              -70.73137100628549,
              -11.414941204564268
            ],
            [
              -70.72624848733575,
              -11.40967975899151
            ],
            [
              -70.7241189456281,
              -11.410541710696156
            ],
            [
              -70.72499680328853,
              -11.416517012546027
            ],
            [
              -70.72970573306519,
              -11.421123007194636
            ],
            [
              -70.72579164206353,
              -11.430041198714706
            ],
            [
              -70.72008176369525,
              -11.431689620716108
            ],
            [
              -70.71358798485186,
              -11.429150026911175
            ],
            [
              -70.71009392653367,
              -11.432264914986662
            ],
            [
              -70.70958788441757,
              -11.437741795786748
            ],
            [
              -70.70291719475048,
              -11.438897619994155
            ],
            [
              -70.70216736208066,
              -11.444497130912271
            ],
            [
              -70.69832215935853,
              -11.442771821647353
            ],
            [
              -70.69698549571176,
              -11.435175259408474
            ],
            [
              -70.70340610002636,
              -11.430552130621376
            ],
            [
              -70.69790706973546,
              -11.430236780071574
            ],
            [
              -70.69289474466149,
              -11.42574319099607
            ],
            [
              -70.6910249232702,
              -11.433409752103756
            ],
            [
              -70.68464987115647,
              -11.437264219333807
            ],
            [
              -70.35482359344485,
              -11.43897383718517
            ],
            [
              -70.34742455137223,
              -11.450179521208822
            ],
            [
              -70.34159208558272,
              -11.445582459711645
            ],
            [
              -70.32934701837594,
              -11.452626495376302
            ],
            [
              -70.31954462764885,
              -11.4497125924138
            ],
            [
              -70.31179874817845,
              -11.452931674944727
            ],
            [
              -70.30443197150716,
              -11.452052961894083
            ],
            [
              -70.28987875848914,
              -11.461187496866907
            ],
            [
              -70.2875552145504,
              -11.470434918974691
            ],
            [
              -70.27926960638517,
              -11.474892143894474
            ],
            [
              -70.27839193833353,
              -11.488640889851212
            ],
            [
              -70.26194141148355,
              -11.509270768923098
            ],
            [
              -70.26117996217123,
              -11.519668184878686
            ],
            [
              -70.25669636636566,
              -11.5309343457498
            ],
            [
              -70.24106611171135,
              -11.542864065193552
            ],
            [
              -70.23844491897457,
              -11.556693975747372
            ],
            [
              -70.21792461962829,
              -11.571593300405281
            ],
            [
              -70.21444354943799,
              -11.585289838858614
            ],
            [
              -70.19165974556225,
              -11.602183401038502
            ],
            [
              -70.18731116495509,
              -11.616509469917084
            ],
            [
              -70.17806839406217,
              -11.626521874746654
            ],
            [
              -70.1562898527798,
              -11.637868931547997
            ],
            [
              -70.14949736499283,
              -11.638229489506235
            ],
            [
              -70.144380184157,
              -11.644534195565335
            ],
            [
              -70.14164804254226,
              -11.64213120151474
            ],
            [
              -70.13926658259983,
              -11.645241753355199
            ],
            [
              -70.13518608545313,
              -11.64416831223473
            ],
            [
              -70.13259490188972,
              -11.655763004961463
            ],
            [
              -70.1292772978086,
              -11.653628214188338
            ],
            [
              -70.11583437070071,
              -11.666597725956281
            ],
            [
              -70.0964372100865,
              -11.670869158028474
            ],
            [
              -70.09027817655063,
              -11.675599721025531
            ],
            [
              -70.07737100426887,
              -11.67022731459877
            ],
            [
              -70.07231424966045,
              -11.676563604490102
            ],
            [
              -70.07207068073957,
              -11.681003023290533
            ],
            [
              -70.05291450020769,
              -11.686152692575995
            ],
            [
              -70.04043857869891,
              -11.703435895936012
            ],
            [
              -70.03230052356949,
              -11.704927921939362
            ],
            [
              -70.0341034509549,
              -11.705581092928734
            ],
            [
              -70.03272467790045,
              -11.70952250326287
            ],
            [
              -70.02710852252926,
              -11.711416494749981
            ],
            [
              -70.02541099500748,
              -11.708773430237937
            ],
            [
              -70.01353904343506,
              -11.709323509710913
            ],
            [
              -70.00734021054107,
              -11.70481746564815
            ],
            [
              -70.00225385896101,
              -11.707035601458585
            ],
            [
              -69.994872888781,
              -11.7016435827233
            ],
            [
              -69.99304362354225,
              -11.706360717750163
            ],
            [
              -69.98412087080939,
              -11.713629801243956
            ],
            [
              -69.9744690899343,
              -11.714901974942453
            ],
            [
              -69.97171110206924,
              -11.709221289581393
            ],
            [
              -69.96579248458605,
              -11.71144199676066
            ],
            [
              -69.96002660458322,
              -11.710033693943322
            ],
            [
              -69.95362122110124,
              -11.720851202537649
            ],
            [
              -69.94593740094885,
              -11.728969420394595
            ],
            [
              -69.94206834632467,
              -11.726837315010092
            ],
            [
              -69.93695084706405,
              -11.735793567356138
            ],
            [
              -69.92561070967322,
              -11.726382885979115
            ],
            [
              -69.92091649691645,
              -11.731246271862574
            ],
            [
              -69.9207462738884,
              -11.740524330060175
            ],
            [
              -69.91642856970036,
              -11.736257363777442
            ],
            [
              -69.90816280379259,
              -11.738038119251534
            ],
            [
              -69.90911021245054,
              -11.74624569182752
            ],
            [
              -69.90099762192271,
              -11.751047358743296
            ],
            [
              -69.9021267301348,
              -11.754158186252958
            ],
            [
              -69.89639351132315,
              -11.762309029734434
            ],
            [
              -69.88889987019714,
              -11.764760466179535
            ],
            [
              -69.88650879702743,
              -11.761969341190134
            ],
            [
              -69.87937838313705,
              -11.770229608683636
            ],
            [
              -69.87796825957699,
              -11.767248858068761
            ],
            [
              -69.87273320545889,
              -11.76736174838144
            ],
            [
              -69.87247055402281,
              -11.770240255991633
            ],
            [
              -69.86838594409886,
              -11.772229866030857
            ],
            [
              -69.86838796829622,
              -11.77586997640585
            ],
            [
              -69.86304024589144,
              -11.774538982417285
            ],
            [
              -69.86119145432006,
              -11.780145811659338
            ],
            [
              -69.85397625190599,
              -11.777879851284428
            ],
            [
              -69.8498374821591,
              -11.782760269794641
            ],
            [
              -69.84561742523081,
              -11.783665777528297
            ],
            [
              -69.84252342854526,
              -11.781204001580056
            ],
            [
              -69.8405619455425,
              -11.7852948306264
            ],
            [
              -69.8283777191817,
              -11.791334816856377
            ],
            [
              -69.82012267988024,
              -11.784994775703654
            ],
            [
              -69.8139379188501,
              -11.787350449448825
            ],
            [
              -69.81462196022366,
              -11.78440786825625
            ],
            [
              -69.80808332640859,
              -11.786072229327363
            ],
            [
              -69.8092303300412,
              -11.791868168333416
            ],
            [
              -69.80268133236957,
              -11.796676346630319
            ],
            [
              -69.79765022900662,
              -11.795430953066566
            ],
            [
              -69.79425405825089,
              -11.797918232575396
            ],
            [
              -69.78747068334836,
              -11.795045904299528
            ],
            [
              -69.78460240254367,
              -11.799110295081974
            ],
            [
              -69.78304232390167,
              -11.796748281481527
            ],
            [
              -69.77892451886807,
              -11.800456260471988
            ],
            [
              -69.77494831939696,
              -11.797482174955077
            ],
            [
              -69.7691083277578,
              -11.799302414052022
            ],
            [
              -69.7681448945743,
              -11.803023279619625
            ],
            [
              -69.75588924565243,
              -11.807526372023354
            ],
            [
              -69.75576805130189,
              -11.802191040090351
            ],
            [
              -69.73945451509624,
              -11.797141420358113
            ],
            [
              -69.73539515770034,
              -11.799210086777393
            ],
            [
              -69.73701959117555,
              -11.801825633021998
            ],
            [
              -69.73428246557071,
              -11.804855655989154
            ],
            [
              -69.73085129939442,
              -11.803359583574583
            ],
            [
              -69.72620161642327,
              -11.807119628729046
            ],
            [
              -69.72259720275586,
              -11.805899490201067
            ],
            [
              -69.72682446998301,
              -11.800861502886166
            ],
            [
              -69.72028942564867,
              -11.790173366773876
            ],
            [
              -69.71080758489583,
              -11.795608792167604
            ],
            [
              -69.70556036579059,
              -11.786935358111265
            ],
            [
              -69.70739150961626,
              -11.784600414566361
            ],
            [
              -69.70316660789287,
              -11.783755953488877
            ],
            [
              -69.70255528531591,
              -11.78071789824813
            ],
            [
              -69.69662401207972,
              -11.781489967267577
            ],
            [
              -69.6988968812109,
              -11.779361514973091
            ],
            [
              -69.6941074478917,
              -11.770147210245524
            ],
            [
              -69.69050898217385,
              -11.771566290018605
            ],
            [
              -69.68604373836283,
              -11.768681452377175
            ],
            [
              -69.6842159364063,
              -11.770845144077635
            ],
            [
              -69.67862662217009,
              -11.765516163733386
            ],
            [
              -69.67696435253674,
              -11.7707094255829
            ],
            [
              -69.66983151632112,
              -11.767270017501922
            ],
            [
              -69.67107868705656,
              -11.763339119618692
            ],
            [
              -69.66687962448303,
              -11.764089088002393
            ],
            [
              -69.6685324032237,
              -11.759391177872521
            ],
            [
              -69.66346287982817,
              -11.760368000052187
            ],
            [
              -69.66183088002467,
              -11.758193631765005
            ],
            [
              -69.65588776552433,
              -11.759676343192105
            ],
            [
              -69.65454375760227,
              -11.765649913606758
            ],
            [
              -69.64817744922756,
              -11.771682042282807
            ],
            [
              -69.64321254211592,
              -11.768733254728707
            ],
            [
              -69.64516530080728,
              -11.76585174293605
            ],
            [
              -69.63897736809407,
              -11.765518965695561
            ],
            [
              -69.63784714463672,
              -11.763408026440471
            ],
            [
              -69.63252160321225,
              -11.767504794217176
            ],
            [
              -69.62881022628132,
              -11.760400313827478
            ],
            [
              -69.6245578238202,
              -11.763841655348592
            ],
            [
              -69.62358608358453,
              -11.762166029364474
            ],
            [
              -69.6182025236396,
              -11.76355031953865
            ],
            [
              -69.61426111416289,
              -11.768204212920576
            ],
            [
              -69.61456370724017,
              -11.772722300426159
            ],
            [
              -69.60756528398709,
              -11.776741621100564
            ],
            [
              -69.59914466625325,
              -11.77647356931327
            ],
            [
              -69.5894273260153,
              -11.779756097203197
            ],
            [
              -69.58835680598185,
              -11.777421070892537
            ],
            [
              -69.58944777607282,
              -11.781566763630245
            ],
            [
              -69.5837872545843,
              -11.782782770191197
            ],
            [
              -69.58713278467494,
              -11.78575561274749
            ],
            [
              -69.58224584600377,
              -11.787373568553905
            ],
            [
              -69.58566881071528,
              -11.792104152350255
            ],
            [
              -69.58490985699767,
              -11.796646848804805
            ],
            [
              -69.57957868322701,
              -11.795338174170373
            ],
            [
              -69.5749259082356,
              -11.799211925505329
            ],
            [
              -69.57047083168753,
              -11.798793425659177
            ],
            [
              -69.57142496548924,
              -11.801342408648846
            ],
            [
              -69.56757893322951,
              -11.801097620775796
            ],
            [
              -69.56841336420386,
              -11.798420796669854
            ],
            [
              -69.56382939776383,
              -11.801638155180965
            ],
            [
              -69.56320255136589,
              -11.79947370251418
            ],
            [
              -69.55791939034978,
              -11.801353650584424
            ],
            [
              -69.55511303645301,
              -11.808567506247924
            ],
            [
              -69.55305450395645,
              -11.808248757223804
            ],
            [
              -69.55341170369277,
              -11.812713521487133
            ],
            [
              -69.54673361886945,
              -11.814620324781083
            ],
            [
              -69.54985532330859,
              -11.820390101570132
            ],
            [
              -69.53695486475902,
              -11.820861865736429
            ],
            [
              -69.53803499283082,
              -11.825502604786385
            ],
            [
              -69.5349291372185,
              -11.824406987558614
            ],
            [
              -69.53061997545304,
              -11.8270434008755
            ],
            [
              -69.53014447813337,
              -11.8253861953135
            ],
            [
              -69.52543278147417,
              -11.830040948132147
            ],
            [
              -69.52856865002138,
              -11.834100074847546
            ],
            [
              -69.52801643223431,
              -11.837493467568434
            ],
            [
              -69.5262104689583,
              -11.835909559525184
            ],
            [
              -69.52474993346148,
              -11.83757430140783
            ],
            [
              -69.52726265675511,
              -11.842566976423804
            ],
            [
              -69.52436165984126,
              -11.840079300577179
            ],
            [
              -69.52223471799802,
              -11.842379491415086
            ],
            [
              -69.51347639878311,
              -11.841300026297759
            ],
            [
              -69.51269287012052,
              -11.84658892643991
            ],
            [
              -69.50900168211808,
              -11.843680544398946
            ],
            [
              -69.50443879570932,
              -11.848175457143821
            ],
            [
              -69.50383312352105,
              -11.844642651372464
            ],
            [
              -69.50192438934175,
              -11.846937839975054
            ],
            [
              -69.49909868687968,
              -11.844415423281019
            ],
            [
              -69.49863850537149,
              -11.84809854966855
            ],
            [
              -69.49427250618271,
              -11.845059818241731
            ],
            [
              -69.49465021772401,
              -11.847930781236213
            ],
            [
              -69.48799623403552,
              -11.850304368350757
            ],
            [
              -69.484604217438,
              -11.857811249394159
            ],
            [
              -69.47997339023352,
              -11.855955757081855
            ],
            [
              -69.47834715342293,
              -11.861002658029612
            ],
            [
              -69.47253069305171,
              -11.861555108644248
            ],
            [
              -69.47324409427199,
              -11.865783302540208
            ],
            [
              -69.47134156185187,
              -11.865376817676538
            ],
            [
              -69.46690572423958,
              -11.873375997250095
            ],
            [
              -69.46427123471409,
              -11.872036605475568
            ],
            [
              -69.46103348469317,
              -11.875430752014031
            ],
            [
              -69.45091746070045,
              -11.875708963378452
            ],
            [
              -69.45217299997398,
              -11.873419544410618
            ],
            [
              -69.44815159000137,
              -11.870152804767432
            ],
            [
              -69.44344942760283,
              -11.871825007859828
            ],
            [
              -69.43995832440761,
              -11.867776278743971
            ],
            [
              -69.43751434111492,
              -11.867872141404074
            ],
            [
              -69.43607284892029,
              -11.873120168830065
            ],
            [
              -69.42761207231376,
              -11.870701989097416
            ],
            [
              -69.42710754105073,
              -11.866973326861173
            ],
            [
              -69.42045159731927,
              -11.866004328646461
            ],
            [
              -69.41566534629327,
              -11.869394105254903
            ],
            [
              -69.41406928074225,
              -11.866526255183002
            ],
            [
              -69.40937429355769,
              -11.87143033827286
            ],
            [
              -69.40995971191657,
              -11.87471034415984
            ],
            [
              -69.40658143667497,
              -11.873166685334896
            ],
            [
              -69.39437377594436,
              -11.881090422000543
            ],
            [
              -69.39238274605111,
              -11.877881521318596
            ],
            [
              -69.38701210138451,
              -11.88422108594958
            ],
            [
              -69.3842301896643,
              -11.880690273368064
            ],
            [
              -69.37835234450795,
              -11.885957045757847
            ],
            [
              -69.3745257391804,
              -11.885664529476559
            ],
            [
              -69.37480154332424,
              -11.888695163950521
            ],
            [
              -69.37063641830933,
              -11.890133448479784
            ],
            [
              -69.36826039974179,
              -11.894911655344137
            ],
            [
              -69.36584815605438,
              -11.893746957018976
            ],
            [
              -69.36542912027895,
              -11.896718627568793
            ],
            [
              -69.36360755598812,
              -11.894287286493125
            ],
            [
              -69.36294670652104,
              -11.897236091092955
            ],
            [
              -69.35781826668176,
              -11.8972863176492
            ],
            [
              -69.35716648278095,
              -11.90272011364426
            ],
            [
              -69.3514894940024,
              -11.90271415275794
            ],
            [
              -69.35016439146294,
              -11.899437446395202
            ],
            [
              -69.35061354744491,
              -11.902633532215898
            ],
            [
              -69.34142515138387,
              -11.902457755361102
            ],
            [
              -69.33809890010706,
              -11.904155342867295
            ],
            [
              -69.33731107814121,
              -11.907974670656895
            ],
            [
              -69.3348949517296,
              -11.908214063870226
            ],
            [
              -69.33334545382797,
              -11.902880202694229
            ],
            [
              -69.33056899757779,
              -11.905173935249465
            ],
            [
              -69.32383050962201,
              -11.902265136475137
            ],
            [
              -69.320106956444,
              -11.90515177878908
            ],
            [
              -69.31836058364094,
              -11.903469020387165
            ],
            [
              -69.31799033234883,
              -11.908403926845802
            ],
            [
              -69.31127036329875,
              -11.9110227147332
            ],
            [
              -69.3078767415346,
              -11.90904547425964
            ],
            [
              -69.30876181973694,
              -11.907208908549023
            ],
            [
              -69.30659407244201,
              -11.909073502810143
            ],
            [
              -69.30556544228523,
              -11.90509162404458
            ],
            [
              -69.3028204923392,
              -11.906800453583966
            ],
            [
              -69.30050026074746,
              -11.903278529870535
            ],
            [
              -69.29490768452317,
              -11.904668455731253
            ],
            [
              -69.29608460203112,
              -11.902756864629167
            ],
            [
              -69.28950923322392,
              -11.898698454332786
            ],
            [
              -69.2868660276427,
              -11.9024796548089
            ],
            [
              -69.28471668740065,
              -11.901175680988674
            ],
            [
              -69.28501009520404,
              -11.90451240568195
            ],
            [
              -69.28216496938145,
              -11.90293320510986
            ],
            [
              -69.28075548647537,
              -11.90552411373354
            ],
            [
              -69.27837085812702,
              -11.90280199749429
            ],
            [
              -69.27988269913622,
              -11.901050371698213
            ],
            [
              -69.27258993090165,
              -11.90282831092035
            ],
            [
              -69.27016933556904,
              -11.896711744144651
            ],
            [
              -69.26779026104016,
              -11.898301595506835
            ],
            [
              -69.26824280597428,
              -11.896285411250275
            ],
            [
              -69.26489629964854,
              -11.895578069358855
            ],
            [
              -69.26554550361244,
              -11.898066793442212
            ],
            [
              -69.2632989146004,
              -11.896778734238191
            ],
            [
              -69.26282726660814,
              -11.898506447538393
            ],
            [
              -69.26161061780365,
              -11.895457047277963
            ],
            [
              -69.26022201374657,
              -11.898192235813978
            ],
            [
              -69.25803065043797,
              -11.893196585639116
            ],
            [
              -69.25665807194298,
              -11.89636415164118
            ],
            [
              -69.25205134926355,
              -11.89690915596714
            ],
            [
              -69.25128046416147,
              -11.892176579233524
            ],
            [
              -69.24708336920706,
              -11.891667720424469
            ],
            [
              -69.24704879464724,
              -11.887562327354251
            ],
            [
              -69.24493854408716,
              -11.889355485841664
            ],
            [
              -69.24613342272632,
              -11.886598459054275
            ],
            [
              -69.24320085877008,
              -11.8869165574808
            ],
            [
              -69.24412690960638,
              -11.883145880628572
            ],
            [
              -69.24230274784911,
              -11.884755845403387
            ],
            [
              -69.23564564088396,
              -11.882810342108794
            ],
            [
              -69.231355249583,
              -11.884459716933481
            ],
            [
              -69.23046578837324,
              -11.889896254103778
            ],
            [
              -69.22180923235112,
              -11.88990765610786
            ],
            [
              -69.22418274306263,
              -11.891981648210617
            ],
            [
              -69.22069357566782,
              -11.896302542406048
            ],
            [
              -69.21855527048623,
              -11.895691526498437
            ],
            [
              -69.21974321376466,
              -11.897804198505789
            ],
            [
              -69.2174584313171,
              -11.89952143657763
            ],
            [
              -69.21440790699029,
              -11.89850457532212
            ],
            [
              -69.2128867784178,
              -11.89271263134065
            ],
            [
              -69.20863695182176,
              -11.89696363072462
            ],
            [
              -69.20541521196465,
              -11.89626720435103
            ],
            [
              -69.20500303437444,
              -11.899697052155265
            ],
            [
              -69.20168069823325,
              -11.898197423699736
            ],
            [
              -69.20262674458921,
              -11.900503146493936
            ],
            [
              -69.19898273997693,
              -11.902525169273813
            ],
            [
              -69.1969590058741,
              -11.90260040902882
            ],
            [
              -69.19706441813399,
              -11.899848347998713
            ],
            [
              -69.19438966873872,
              -11.902331337828993
            ],
            [
              -69.19244938780047,
              -11.900581124722127
            ],
            [
              -69.19000118227306,
              -11.911727374495616
            ],
            [
              -69.18407933867135,
              -11.910677765807616
            ],
            [
              -69.18211528561056,
              -11.913895296329068
            ],
            [
              -69.17870979414552,
              -11.911106576508608
            ],
            [
              -69.18043411822654,
              -11.913923468074465
            ],
            [
              -69.17803432982706,
              -11.91459377009167
            ],
            [
              -69.17700376054135,
              -11.911818256462514
            ],
            [
              -69.17421944209028,
              -11.91455065783591
            ],
            [
              -69.1699141935666,
              -11.911905206281185
            ],
            [
              -69.16173713954184,
              -11.9156684729682
            ],
            [
              -69.14947170514863,
              -11.911165153304436
            ],
            [
              -69.14941762262337,
              -11.917086073122697
            ],
            [
              -69.14709257155954,
              -11.915183606465256
            ],
            [
              -69.14425145302963,
              -11.918103371255116
            ],
            [
              -69.14308564344695,
              -11.915739057755795
            ],
            [
              -69.14027313953667,
              -11.918389359580441
            ],
            [
              -69.13408687592437,
              -11.915056220691545
            ],
            [
              -69.13050598648371,
              -11.917843326349121
            ],
            [
              -69.12981519052701,
              -11.922382771502448
            ],
            [
              -69.12602798578564,
              -11.920854572469207
            ],
            [
              -69.12850466066851,
              -11.923768318206388
            ],
            [
              -69.12753532229772,
              -11.926123966940331
            ],
            [
              -69.12505669315973,
              -11.925523092098086
            ],
            [
              -69.12540599906922,
              -11.928392315187514
            ],
            [
              -69.1210047560495,
              -11.927418139578885
            ],
            [
              -69.12064218365164,
              -11.930767408689242
            ],
            [
              -69.11730086677561,
              -11.929329402505914
            ],
            [
              -69.11581906833143,
              -11.9320791878378
            ],
            [
              -69.10889966483353,
              -11.925319299883013
            ],
            [
              -69.1082083115002,
              -11.927122672313864
            ],
            [
              -69.10461384516525,
              -11.926093219364605
            ],
            [
              -69.10409265858188,
              -11.925209324991533
            ],
            [
              -69.10438443880047,
              -11.924027535703056
            ],
            [
              -69.10598152526734,
              -11.924763042909792
            ],
            [
              -69.10368946913592,
              -11.922465037494058
            ],
            [
              -69.10097614454472,
              -11.92158007438633
            ],
            [
              -69.09743910321667,
              -11.924808447135087
            ],
            [
              -69.10056759930963,
              -11.920032598452469
            ],
            [
              -69.09572648440826,
              -11.92208163089545
            ],
            [
              -69.09344908855262,
              -11.917219115396325
            ],
            [
              -69.09511527682274,
              -11.915238330826417
            ],
            [
              -69.09213846933507,
              -11.916552593207022
            ],
            [
              -69.0941467188923,
              -11.912599178839404
            ],
            [
              -69.09198712471586,
              -11.909575016335086
            ],
            [
              -69.0862416126452,
              -11.911568914832312
            ],
            [
              -69.08199799447536,
              -11.9063140670211
            ],
            [
              -69.07107184300425,
              -11.910439195687466
            ],
            [
              -69.06655155712566,
              -11.907995048866454
            ],
            [
              -69.06524743757315,
              -11.910865121013444
            ],
            [
              -69.06254673964953,
              -11.908423367737237
            ],
            [
              -69.05876031600408,
              -11.910988937250735
            ],
            [
              -69.05730908087511,
              -11.908870537869674
            ],
            [
              -69.05596892213221,
              -11.915690175210852
            ],
            [
              -69.05276988542256,
              -11.912535901203933
            ],
            [
              -69.04917345911622,
              -11.914817341316093
            ],
            [
              -69.04990968858296,
              -11.917244564599113
            ],
            [
              -69.0477152637456,
              -11.91542533004216
            ],
            [
              -69.04590603661914,
              -11.917564610718468
            ],
            [
              -69.04645477483028,
              -11.91414780855454
            ],
            [
              -69.04044475391692,
              -11.916431897858725
            ],
            [
              -69.04110585995112,
              -11.917903680493517
            ],
            [
              -69.04013762417785,
              -11.918773969679663
            ],
            [
              -69.03806363111914,
              -11.91479762160565
            ],
            [
              -69.03630932215896,
              -11.916982965049257
            ],
            [
              -69.03277549446003,
              -11.913380527062282
            ],
            [
              -69.02563002793939,
              -11.914110417501858
            ],
            [
              -69.02580776086553,
              -11.916993629997098
            ],
            [
              -69.0185086504268,
              -11.920347461324516
            ],
            [
              -69.01170628775647,
              -11.911915233837947
            ],
            [
              -69.00999847384652,
              -11.915927902843357
            ],
            [
              -69.00844467345466,
              -11.913510287267275
            ],
            [
              -69.00312431781506,
              -11.914665412215818
            ],
            [
              -69.00228294502486,
              -11.912263006295552
            ],
            [
              -69.00157013082385,
              -11.914965132952949
            ],
            [
              -69.00020685671923,
              -11.912146675184985
            ],
            [
              -69.00001430126194,
              -11.916479514875316
            ],
            [
              -68.99490569381,
              -11.916370281037157
            ],
            [
              -68.98959273837711,
              -11.911757743488584
            ],
            [
              -68.98774153004639,
              -11.914597362433408
            ],
            [
              -68.98546768440865,
              -11.911336514558348
            ],
            [
              -68.98371852132581,
              -11.912864626974237
            ],
            [
              -68.98146362053997,
              -11.908749414245623
            ],
            [
              -68.97644504949217,
              -11.912690699540143
            ],
            [
              -68.97254802670422,
              -11.910123790731166
            ],
            [
              -68.97247149127433,
              -11.915232676853078
            ],
            [
              -68.97038662084034,
              -11.913002898269468
            ],
            [
              -68.95684486578917,
              -11.93702078766942
            ],
            [
              -68.65148884484084,
              -12.50278256202806
            ],
            [
              -68.65344955828785,
              -12.510814306737222
            ],
            [
              -68.6604441264244,
              -12.51894726971899
            ],
            [
              -68.65582228210646,
              -12.524296342070917
            ],
            [
              -68.6556158366626,
              -12.535127468688666
            ],
            [
              -68.66114718185948,
              -12.53622976038161
            ],
            [
              -68.66368629960446,
              -12.525165963085941
            ],
            [
              -68.68278619684831,
              -12.523602785571146
            ],
            [
              -68.68210823483332,
              -12.527372832293294
            ],
            [
              -68.67470891666969,
              -12.531388804542798
            ],
            [
              -68.67390847198556,
              -12.551819602147665
            ],
            [
              -68.67662296054208,
              -12.55507631267804
            ],
            [
              -68.69124397653327,
              -12.557364436444837
            ],
            [
              -68.69247843334763,
              -12.564624064461968
            ],
            [
              -68.6998782479224,
              -12.573504230434102
            ],
            [
              -68.69269382808683,
              -12.581572228127762
            ],
            [
              -68.69292808943405,
              -12.585507772624892
            ],
            [
              -68.69750169625686,
              -12.58895241562898
            ],
            [
              -68.70109417633284,
              -12.579702320802118
            ],
            [
              -68.70294320469479,
              -12.58579847415463
            ],
            [
              -68.7114313784296,
              -12.592609005825977
            ],
            [
              -68.714530572131,
              -12.605344958151319
            ],
            [
              -68.72325358241679,
              -12.603194437484651
            ],
            [
              -68.73220238728966,
              -12.610222516905134
            ],
            [
              -68.73466996286801,
              -12.625516129188297
            ],
            [
              -68.74147847525474,
              -12.63411280524073
            ],
            [
              -68.73324567953185,
              -12.64443246543266
            ],
            [
              -68.73111525498177,
              -12.652233710850332
            ],
            [
              -68.73770496860503,
              -12.658082451555055
            ],
            [
              -68.73480766393331,
              -12.667781301027071
            ],
            [
              -68.72934396912669,
              -12.668065782944248
            ],
            [
              -68.72695401974482,
              -12.674799456130344
            ],
            [
              -68.72541678383945,
              -12.668863196190475
            ],
            [
              -68.7207575668783,
              -12.667628626400198
            ],
            [
              -68.71787409064639,
              -12.677893875388582
            ],
            [
              -68.71247970574767,
              -12.682100693254899
            ],
            [
              -68.72162608737281,
              -12.68855035591716
            ],
            [
              -68.73550247619863,
              -12.692746607127017
            ],
            [
              -68.73334836444157,
              -12.697183487099068
            ],
            [
              -68.72874890792083,
              -12.691075630547052
            ],
            [
              -68.7263710931491,
              -12.69119912494688
            ],
            [
              -68.72576454396689,
              -12.698118866107766
            ],
            [
              -68.74256826849918,
              -12.707403092670262
            ],
            [
              -68.74308717147476,
              -12.710752136393058
            ],
            [
              -68.74091821393966,
              -12.713362954436676
            ],
            [
              -68.73610591181578,
              -12.709795231972818
            ],
            [
              -68.72834118869424,
              -12.71252497891341
            ],
            [
              -68.74108540997892,
              -12.718205646386952
            ],
            [
              -68.74156876082043,
              -12.724207060609078
            ],
            [
              -68.74642457473647,
              -12.730348153558822
            ],
            [
              -68.75244640539981,
              -12.731228359430084
            ],
            [
              -68.76760352698605,
              -12.742829847388105
            ],
            [
              -68.77134101926978,
              -12.738196145414818
            ],
            [
              -68.77769614031921,
              -12.737788550807918
            ],
            [
              -68.78052246295577,
              -12.732890252193938
            ],
            [
              -68.79072881274539,
              -12.76008783845007
            ],
            [
              -68.80245628730788,
              -12.755255121838614
            ],
            [
              -68.80533107166298,
              -12.757004816048573
            ],
            [
              -68.80326358365612,
              -12.763423493825115
            ],
            [
              -68.80823830941523,
              -12.765402543584983
            ],
            [
              -68.80461070569312,
              -12.770453254380959
            ],
            [
              -68.80933255025668,
              -12.776645039927864
            ],
            [
              -68.80500827433957,
              -12.784359773763699
            ],
            [
              -68.81110214882095,
              -12.783594874100372
            ],
            [
              -68.81864065446166,
              -12.790851476547164
            ],
            [
              -68.81663031372716,
              -12.798009234402006
            ],
            [
              -68.81051393381475,
              -12.800284752367133
            ],
            [
              -68.80805984309768,
              -12.80959063545962
            ],
            [
              -68.81571597658467,
              -12.804662054080652
            ],
            [
              -68.81895554228775,
              -12.80627655753195
            ],
            [
              -68.82426332155127,
              -12.80451255830145
            ],
            [
              -68.82569363380705,
              -12.813073710940571
            ],
            [
              -68.83391979260186,
              -12.81004692959006
            ],
            [
              -68.83433945677821,
              -12.818152636078452
            ],
            [
              -68.83970241606495,
              -12.82399983782088
            ],
            [
              -68.82952153808311,
              -12.8287796645989
            ],
            [
              -68.83111451176187,
              -12.83129989771505
            ],
            [
              -68.83708140917996,
              -12.828426919922475
            ],
            [
              -68.8391465645167,
              -12.830103677842159
            ],
            [
              -68.83459952217841,
              -12.833954648092934
            ],
            [
              -68.83181710037756,
              -12.84374801140818
            ],
            [
              -68.84194367955463,
              -12.843095990780812
            ],
            [
              -68.83438195105624,
              -12.857589392318028
            ],
            [
              -68.83599375678982,
              -12.859345530666518
            ],
            [
              -68.84468714595508,
              -12.857625374090805
            ],
            [
              -68.84742540801312,
              -12.865012249013134
            ],
            [
              -68.8511717609256,
              -12.866845605666317
            ],
            [
              -68.857554492425,
              -12.858107981379186
            ],
            [
              -68.85986403210491,
              -12.86518794559152
            ],
            [
              -68.87105808883912,
              -12.870119696675312
            ],
            [
              -68.87067311626726,
              -12.872323664210025
            ],
            [
              -68.86556589315921,
              -12.871996825110768
            ],
            [
              -68.86436561091986,
              -12.874919262405651
            ],
            [
              -68.87308530156167,
              -12.889445649086378
            ],
            [
              -68.86522765331544,
              -12.893866811188603
            ],
            [
              -68.86651485387695,
              -12.896586866033093
            ],
            [
              -68.87305457878256,
              -12.898683799529358
            ],
            [
              -68.86743996384307,
              -12.90366141468055
            ],
            [
              -68.87556245749,
              -12.919235680576508
            ],
            [
              -68.86298086264982,
              -12.922897446283748
            ],
            [
              -68.86021983160708,
              -12.926286685144987
            ],
            [
              -68.86511558115285,
              -12.927940497742451
            ],
            [
              -68.86539979451354,
              -12.932292206618179
            ],
            [
              -68.8741416480551,
              -12.935691909440752
            ],
            [
              -68.87490957861202,
              -12.93897555952373
            ],
            [
              -68.85914488615458,
              -12.947185476286243
            ],
            [
              -68.86269204953835,
              -12.949239411521907
            ],
            [
              -68.87358304844155,
              -12.943937067134295
            ],
            [
              -68.87613561602251,
              -12.954018834262675
            ],
            [
              -68.88379122700807,
              -12.954667123633566
            ],
            [
              -68.87755769501295,
              -12.956949109074323
            ],
            [
              -68.87411261101718,
              -12.965252091664158
            ],
            [
              -68.87554927033126,
              -12.980003519200586
            ],
            [
              -68.87002988819941,
              -12.980772592539468
            ],
            [
              -68.87265714093292,
              -12.974744458555392
            ],
            [
              -68.8664536673911,
              -12.970234732405721
            ],
            [
              -68.86187054234728,
              -12.979185063634246
            ],
            [
              -68.86486842966931,
              -12.985679110563506
            ],
            [
              -68.8785026026041,
              -12.986928318007452
            ],
            [
              -68.87768090514484,
              -12.989940567256584
            ],
            [
              -68.86985222584384,
              -12.98799213009878
            ],
            [
              -68.86625998508067,
              -12.994635990988332
            ],
            [
              -68.86654761769377,
              -12.998133213912068
            ],
            [
              -68.87244354604766,
              -13.001367514829425
            ],
            [
              -68.87041939907724,
              -13.005421718676695
            ],
            [
              -68.96401348825924,
              -13.046325357334744
            ],
            [
              -69.22999156876867,
              -13.173977983115345
            ],
            [
              -69.64958269776187,
              -13.344555555644058
            ]
          ]
        ]
      },
      "properties": {
        "provincia": "Tambopata",
        "distritos_fid": [
          3,
          8,
          9,
          10
        ],
        "etiqueta_punto_utm": [
          438135.4963856373,
          8648760.5
        ]
      }
    },
    {
      "type": "Feature",
      "geometry": {
        "type": "Polygon",
        "coordinates": [
          [
            [
              -70.35261258663805,
              -12.915767452332679
            ],
            [
              -70.3493318012027,
              -12.94827594649715
            ],
            [
              -70.3555986941043,
              -12.965573981857537
            ],
            [
              -70.35271010377615,
              -12.979927167898948
            ],
            [
              -70.36033369082341,
              -12.999279098414785
            ],
            [
              -70.36037170159366,
              -13.012649660866938
            ],
            [
              -70.36485752297327,
              -13.02036467144965
            ],
            [
              -70.37577616819424,
              -13.030477357128266
            ],
            [
              -70.38030075549679,
              -13.044981086042393
            ],
            [
              -70.3897502789733,
              -13.057035456414056
            ],
            [
              -70.3922737219841,
              -13.066704003812697
            ],
            [
              -70.39086275690038,
              -13.07929564014565
            ],
            [
              -70.39789139180377,
              -13.09958914836392
            ],
            [
              -70.40150496425775,
              -13.127169247458772
            ],
            [
              -70.41585732085049,
              -13.131927157363354
            ],
            [
              -70.41588229044265,
              -13.136284362944727
            ],
            [
              -70.40947187714306,
              -13.138263207052278
            ],
            [
              -70.39905697764452,
              -13.131051769868332
            ],
            [
              -70.39361819750597,
              -13.130113985262254
            ],
            [
              -70.38722913832554,
              -13.135961380168066
            ],
            [
              -70.40066817582195,
              -13.153797132612663
            ],
            [
              -70.39822000708403,
              -13.157688707013516
            ],
            [
              -70.38689013630326,
              -13.163553964134023
            ],
            [
              -70.38328898617208,
              -13.184268819192058
            ],
            [
              -70.38796307135976,
              -13.191326498095854
            ],
            [
              -70.3994116654115,
              -13.181481725597491
            ],
            [
              -70.40884971408349,
              -13.182706179328687
            ],
            [
              -70.41658554953433,
              -13.177245634461991
            ],
            [
              -70.44323536606247,
              -13.170949876315184
            ],
            [
              -70.46757300389532,
              -13.158550511109873
            ],
            [
              -70.50887090873104,
              -13.157591258012147
            ],
            [
              -70.52784552381146,
              -13.152359066979814
            ],
            [
              -70.54843700599334,
              -13.153997935913914
            ],
            [
              -70.55934689753236,
              -13.136538672306857
            ],
            [
              -70.57123354180605,
              -13.127743802620142
            ],
            [
              -70.58059499004933,
              -13.114729213809918
            ],
            [
              -70.5959301911972,
              -13.10835471439842
            ],
            [
              -70.60964791793717,
              -13.097469180063209
            ],
            [
              -70.61515611941286,
              -13.098744516237034
            ],
            [
              -70.6288509214732,
              -13.092637156159618
            ],
            [
              -70.63889861446746,
              -13.090363358668123
            ],
            [
              -70.6509533239949,
              -13.092334935840102
            ],
            [
              -70.66732622561973,
              -13.088155371634683
            ],
            [
              -70.69509673861707,
              -13.10526210785007
            ],
            [
              -70.72675160955353,
              -13.10569054747932
            ],
            [
              -70.74062922984133,
              -13.103431102692705
            ],
            [
              -70.76139649457363,
              -13.10694912820222
            ],
            [
              -70.79869646769166,
              -13.090331364869007
            ],
            [
              -70.82156208829193,
              -13.069774678170393
            ],
            [
              -70.84166544625212,
              -13.06866513454724
            ],
            [
              -70.85191943017858,
              -13.077680051195363
            ],
            [
              -70.85988409679332,
              -13.079071046280905
            ],
            [
              -70.89623073078714,
              -13.068429124605965
            ],
            [
              -70.90064085442417,
              -13.07140423473226
            ],
            [
              -70.89941963059636,
              -13.077808310553905
            ],
            [
              -70.88780022032022,
              -13.102910882855902
            ],
            [
              -70.91615868223471,
              -13.108477806332663
            ],
            [
              -70.92943425829573,
              -13.125144372202609
            ],
            [
              -70.94063418468228,
              -13.134623356153627
            ],
            [
              -70.93552196746961,
              -13.146956901088668
            ],
            [
              -70.93860473377923,
              -13.153212929984038
            ],
            [
              -70.94523430992038,
              -13.158361220939074
            ],
            [
              -70.95603033931894,
              -13.155870148843613
            ],
            [
              -70.96136316280439,
              -13.166681755740406
            ],
            [
              -70.97991000110777,
              -13.17963199363165
            ],
            [
              -70.99117116133849,
              -13.203926063959171
            ],
            [
              -70.99043892912422,
              -13.220019948730137
            ],
            [
              -70.99873933838764,
              -13.228559326043943
            ],
            [
              -71.00651366625895,
              -13.230602975829205
            ],
            [
              -71.00966460811394,
              -13.23540729597999
            ],
            [
              -71.00885623313928,
              -13.254784617625104
            ],
            [
              -71.01124402980965,
              -13.270232976343571
            ],
            [
              -71.03711525619721,
              -13.275852612066688
            ],
            [
              -71.05259540045908,
              -13.269741024636806
            ],
            [
              -71.0629866688833,
              -13.273800102424614
            ],
            [
              -71.07768870527165,
              -13.287057103136915
            ],
            [
              -71.08286865935501,
              -13.287019695996191
            ],
            [
              -71.10200309122672,
              -13.268878526477089
            ],
            [
              -71.12776011691734,
              -13.25391305490164
            ],
            [
              -71.12900367654655,
              -13.234999690768376
            ],
            [
              -71.1354351750414,
              -13.222544797628789
            ],
            [
              -71.13667911305274,
              -13.203369482750277
            ],
            [
              -71.14143191647673,
              -13.190969966788872
            ],
            [
              -71.1424162124397,
              -13.169841314719278
            ],
            [
              -71.14710066606965,
              -13.14736943124434
            ],
            [
              -71.14520121407847,
              -13.138109199446108
            ],
            [
              -71.15160946630942,
              -13.122746823153827
            ],
            [
              -71.14676494925578,
              -13.11265742263054
            ],
            [
              -71.16416002621179,
              -13.110607133733211
            ],
            [
              -71.17195708351903,
              -13.09901857229343
            ],
            [
              -71.15402034980916,
              -13.067518358637592
            ],
            [
              -71.15514184402006,
              -13.065242901426224
            ],
            [
              -71.1728119680282,
              -13.062933517404762
            ],
            [
              -71.17577216984564,
              -13.057138544421539
            ],
            [
              -71.17129387568768,
              -13.045719458217372
            ],
            [
              -71.17235410000669,
              -13.036494121271062
            ],
            [
              -71.1686079170704,
              -13.027233753800584
            ],
            [
              -71.16898183290154,
              -13.013251425436286
            ],
            [
              -71.17107253640854,
              -13.008697909401715
            ],
            [
              -71.17547440158215,
              -13.006723364817008
            ],
            [
              -71.17895374633109,
              -12.997118428294058
            ],
            [
              -71.17059911265014,
              -12.984270748962608
            ],
            [
              -71.16326761235314,
              -12.980273002929911
            ],
            [
              -71.16200829972615,
              -12.971609042035151
            ],
            [
              -71.16499922201224,
              -12.96558879442568
            ],
            [
              -71.17171298182369,
              -12.965362860080551
            ],
            [
              -71.17700796415572,
              -12.971306712776586
            ],
            [
              -71.18266884578517,
              -12.967581554026346
            ],
            [
              -71.18939067623805,
              -12.967138697655226
            ],
            [
              -71.19202995804702,
              -12.96116694228811
            ],
            [
              -71.20400851153003,
              -12.965439306282784
            ],
            [
              -71.21298796054218,
              -12.959893611687892
            ],
            [
              -71.22100652280729,
              -12.958620394136506
            ],
            [
              -71.22677459931569,
              -12.96177262491609
            ],
            [
              -71.23075707984768,
              -12.972552112976093
            ],
            [
              -71.2344574151461,
              -12.970123864309354
            ],
            [
              -71.24051529839117,
              -12.972242210196297
            ],
            [
              -71.25208883662809,
              -12.964755983580257
            ],
            [
              -71.2730164095897,
              -12.961906917631737
            ],
            [
              -71.27310777511379,
              -12.955193306259995
            ],
            [
              -71.28574211511204,
              -12.951231234471171
            ],
            [
              -71.29404322379301,
              -12.944968441377227
            ],
            [
              -71.297026121538,
              -12.946039801791658
            ],
            [
              -71.30295416899575,
              -12.934336456761146
            ],
            [
              -71.30782156227772,
              -12.934712339998157
            ],
            [
              -71.31020222321712,
              -12.930160960793797
            ],
            [
              -71.31503155971335,
              -12.931637303062484
            ],
            [
              -71.3160540078601,
              -12.925378797323997
            ],
            [
              -71.32041808590178,
              -12.924853730553844
            ],
            [
              -71.32121894030678,
              -12.921733045795762
            ],
            [
              -71.32698667344712,
              -12.918935051857353
            ],
            [
              -71.33558522247215,
              -12.902827172357506
            ],
            [
              -71.35959500488586,
              -12.882104663386029
            ],
            [
              -71.3613494300792,
              -12.89089358138536
            ],
            [
              -71.37598616863687,
              -12.902984659547764
            ],
            [
              -71.3808249970164,
              -12.89782544132913
            ],
            [
              -71.38702420221303,
              -12.896430884907216
            ],
            [
              -71.38753289001889,
              -12.89056166284664
            ],
            [
              -71.39846632862248,
              -12.88346414441352
            ],
            [
              -71.41564051592579,
              -12.895804929398283
            ],
            [
              -71.41967625346022,
              -12.891012860941231
            ],
            [
              -71.41827233312594,
              -12.883790257654224
            ],
            [
              -71.42495552754241,
              -12.884856585237683
            ],
            [
              -71.42860283253343,
              -12.881476199227073
            ],
            [
              -71.42482622811447,
              -12.873183106994325
            ],
            [
              -71.42635227621437,
              -12.875785626689774
            ],
            [
              -71.43662102673106,
              -12.876756116675773
            ],
            [
              -71.43986355662355,
              -12.875265659115401
            ],
            [
              -71.43932197914985,
              -12.871024640416373
            ],
            [
              -71.4424803367909,
              -12.867709528102253
            ],
            [
              -71.4457307720614,
              -12.868502907206407
            ],
            [
              -71.44933961062712,
              -12.864796603482665
            ],
            [
              -71.45131550811011,
              -12.858170416645562
            ],
            [
              -71.44397591360585,
              -12.85327757619796
            ],
            [
              -71.44617295364725,
              -12.84114793474844
            ],
            [
              -71.45299410946438,
              -12.843307441763551
            ],
            [
              -71.45737320220478,
              -12.84023419026854
            ],
            [
              -71.44782080627095,
              -12.826871371318184
            ],
            [
              -71.46114193941962,
              -12.824974934293708
            ],
            [
              -71.46556692774294,
              -12.811006188146795
            ],
            [
              -71.47452399822501,
              -12.80767799009278
            ],
            [
              -71.48460211594232,
              -12.792980846631055
            ],
            [
              -71.49130114081446,
              -12.79170704924105
            ],
            [
              -71.4917970302842,
              -12.786902011953039
            ],
            [
              -71.50008236547293,
              -12.777804117628397
            ],
            [
              -71.49928904630366,
              -12.770463214728336
            ],
            [
              -71.50342409760403,
              -12.756407946111173
            ],
            [
              -71.51479193595239,
              -12.743928509383856
            ],
            [
              -71.51777516164924,
              -12.74787683910654
            ],
            [
              -71.5225818553592,
              -12.748707511441323
            ],
            [
              -71.54804098636201,
              -12.735147344181108
            ],
            [
              -71.54775830913032,
              -12.732083166401258
            ],
            [
              -71.55389233569662,
              -12.726096313184206
            ],
            [
              -71.55035280185257,
              -12.716281883243132
            ],
            [
              -71.55446485523487,
              -12.708724769338936
            ],
            [
              -71.5596911801813,
              -12.711609449785882
            ],
            [
              -71.56487155964756,
              -12.706512579126832
            ],
            [
              -71.59183344599957,
              -12.703068790292399
            ],
            [
              -71.59680786612364,
              -12.699747043759247
            ],
            [
              -71.64060046154654,
              -12.711076878737774
            ],
            [
              -71.66202435180703,
              -12.729568126570646
            ],
            [
              -71.68141065731089,
              -12.73282773079256
            ],
            [
              -71.6943956774955,
              -12.738723882368372
            ],
            [
              -71.69456337357006,
              -12.753705457126225
            ],
            [
              -71.69930899673476,
              -12.762857267956683
            ],
            [
              -71.70709846252605,
              -12.767505341921082
            ],
            [
              -71.70802929643362,
              -12.772699787698814
            ],
            [
              -71.72289146491846,
              -12.785282293701911
            ],
            [
              -71.74808389867495,
              -12.795499912066697
            ],
            [
              -71.7534015621437,
              -12.794400702888916
            ],
            [
              -71.75954326217531,
              -12.788977242628109
            ],
            [
              -71.76578375517475,
              -12.767283108221596
            ],
            [
              -71.7988342962152,
              -12.765410575363301
            ],
            [
              -71.80505987751114,
              -12.75295222048425
            ],
            [
              -71.81367371170151,
              -12.743475239880409
            ],
            [
              -71.82038742376469,
              -12.740991494899692
            ],
            [
              -71.83213663300612,
              -12.742423877658743
            ],
            [
              -71.85740554344095,
              -12.735410745088148
            ],
            [
              -71.86669774649884,
              -12.736089916939456
            ],
            [
              -71.88123203173909,
              -12.730852299323574
            ],
            [
              -71.89585020675342,
              -12.732667819784984
            ],
            [
              -71.91048304849214,
              -12.725189890816168
            ],
            [
              -71.92158411656048,
              -12.724407092449622
            ],
            [
              -71.92472692049013,
              -12.72025320559734
            ],
            [
              -71.92416273298326,
              -12.714683515037809
            ],
            [
              -71.91586921931125,
              -12.707588058046392
            ],
            [
              -71.914725138598,
              -12.70158718850031
            ],
            [
              -71.90275470219399,
              -12.698575806218997
            ],
            [
              -71.9055696997237,
              -12.694418311677415
            ],
            [
              -71.91103992390448,
              -12.69412082077889
            ],
            [
              -71.91747897603447,
              -12.697437852046761
            ],
            [
              -71.92328548490887,
              -12.694046368924845
            ],
            [
              -71.92638254509541,
              -12.695617553144315
            ],
            [
              -71.93012114426996,
              -12.689917047948594
            ],
            [
              -71.93384406597409,
              -12.693328707548499
            ],
            [
              -71.93736163597666,
              -12.689892329481019
            ],
            [
              -71.95011788419811,
              -12.689036759417311
            ],
            [
              -71.96204235262627,
              -12.692388686879616
            ],
            [
              -71.96755875025015,
              -12.691458331734893
            ],
            [
              -71.97622576694788,
              -12.681225218382792
            ],
            [
              -71.97058763198343,
              -12.670838022121307
            ],
            [
              -71.97058770629329,
              -12.664606324938774
            ],
            [
              -71.96051655787502,
              -12.648867108561372
            ],
            [
              -71.96742103664789,
              -12.639246095538848
            ],
            [
              -71.97954433998214,
              -12.636927255752388
            ],
            [
              -71.984160416934,
              -12.632969530988046
            ],
            [
              -71.98123827210915,
              -12.62772524623148
            ],
            [
              -71.96340834027815,
              -12.623729578510435
            ],
            [
              -71.96370558973965,
              -12.61768191310028
            ],
            [
              -71.97931560213675,
              -12.60858370580271
            ],
            [
              -71.98214619501746,
              -12.602889702727524
            ],
            [
              -71.98094842229692,
              -12.584831108302557
            ],
            [
              -71.98338216571548,
              -12.579277048126588
            ],
            [
              -72.0059728735371,
              -12.568493968601965
            ],
            [
              -72.01303002382026,
              -12.55602758048198
            ],
            [
              -72.01380779245088,
              -12.547437945181258
            ],
            [
              -72.02569440588789,
              -12.54472496705317
            ],
            [
              -72.02590846918766,
              -12.53869401399131
            ],
            [
              -72.037428827547,
              -12.534305418945145
            ],
            [
              -72.03473538659013,
              -12.529010031053929
            ],
            [
              -72.05167303570167,
              -12.52375012135389
            ],
            [
              -72.06117903642527,
              -12.509122743089758
            ],
            [
              -72.07913107491424,
              -12.50926408158821
            ],
            [
              -72.08299115620686,
              -12.504591074578139
            ],
            [
              -72.08268618788391,
              -12.498798023150918
            ],
            [
              -72.08022211701581,
              -12.489016370832369
            ],
            [
              -72.0680908770411,
              -12.472328471181273
            ],
            [
              -72.06976210386227,
              -12.459394331531128
            ],
            [
              -72.06267446321169,
              -12.449616690771078
            ],
            [
              -72.06326190635805,
              -12.438296634926944
            ],
            [
              -72.05216084994673,
              -12.43487007756555
            ],
            [
              -72.04976539795516,
              -12.424005372893323
            ],
            [
              -72.02257440564307,
              -12.416301473475704
            ],
            [
              -72.01160288290761,
              -12.408223563066157
            ],
            [
              -72.00214278269301,
              -12.406086932843653
            ],
            [
              -71.99435319840687,
              -12.399371365165933
            ],
            [
              -71.97950618062424,
              -12.39910706903743
            ],
            [
              -71.97496694767877,
              -12.396789542998889
            ],
            [
              -71.96520133581923,
              -12.366334474837153
            ],
            [
              -71.96935139354605,
              -12.350160037417655
            ],
            [
              -71.965361128069,
              -12.344525047546902
            ],
            [
              -71.94602102554394,
              -12.33495230200849
            ],
            [
              -71.94488400455944,
              -12.328093747919603
            ],
            [
              -71.94920214783278,
              -12.324836587016588
            ],
            [
              -71.96716162354886,
              -12.321731328465885
            ],
            [
              -71.98024603184574,
              -12.313133803910754
            ],
            [
              -72.01978959151324,
              -12.295341809219902
            ],
            [
              -72.02805956740349,
              -12.285171420114853
            ],
            [
              -72.03578815256245,
              -12.263560096854079
            ],
            [
              -72.03993127357019,
              -12.258727513397712
            ],
            [
              -72.06456610400853,
              -12.251712340682104
            ],
            [
              -72.07427865436311,
              -12.243370795964662
            ],
            [
              -72.08909479035873,
              -12.248017507516025
            ],
            [
              -72.09442043131637,
              -12.240712409115305
            ],
            [
              -72.10423951763933,
              -12.235757877107686
            ],
            [
              -72.09950136025365,
              -12.20175423013952
            ],
            [
              -72.0902700498946,
              -12.194683688109462
            ],
            [
              -72.08775989767332,
              -12.189589901349969
            ],
            [
              -72.09681562838891,
              -12.16080813268306
            ],
            [
              -72.08061846329697,
              -12.144134998360284
            ],
            [
              -72.08958313254695,
              -12.126895935937219
            ],
            [
              -72.08743187473667,
              -12.109169448672393
            ],
            [
              -72.09219223695297,
              -12.096510495656382
            ],
            [
              -72.0905443315082,
              -12.091453025773419
            ],
            [
              -72.08286163910144,
              -12.084769620065604
            ],
            [
              -72.08376931797564,
              -12.08094030349167
            ],
            [
              -72.11053367199699,
              -12.076197631310249
            ],
            [
              -72.12711240834616,
              -12.068863096001639
            ],
            [
              -72.14790996097051,
              -12.066294916853547
            ],
            [
              -72.18074647434887,
              -12.055473445348715
            ],
            [
              -72.22283838873317,
              -12.057937971009228
            ],
            [
              -72.25694137553474,
              -12.044427160545087
            ],
            [
              -72.2648225432451,
              -12.030420767104005
            ],
            [
              -72.2664326155667,
              -12.022080177590265
            ],
            [
              -72.25989389722433,
              -12.008185232945157
            ],
            [
              -72.25122727221319,
              -11.998885652357826
            ],
            [
              -72.25273764074562,
              -11.990932651148254
            ],
            [
              -72.2688585941364,
              -11.983519965010265
            ],
            [
              -72.27144511927052,
              -11.975640453833337
            ],
            [
              -72.26840873776091,
              -11.96643237961174
            ],
            [
              -72.27030050534847,
              -11.960614856141035
            ],
            [
              -72.29800309305554,
              -11.928197382678668
            ],
            [
              -72.3061510464285,
              -11.908038837997356
            ],
            [
              -72.31476492276654,
              -11.900306392385028
            ],
            [
              -72.32474410914395,
              -11.882531267389178
            ],
            [
              -72.33288457006931,
              -11.874703154220846
            ],
            [
              -72.33814878790017,
              -11.854542671463472
            ],
            [
              -72.347624334995,
              -11.845154408166755
            ],
            [
              -72.37129870933754,
              -11.83229290461568
            ],
            [
              -72.37637992766032,
              -11.82663001554629
            ],
            [
              -72.38029364849338,
              -11.81605032380143
            ],
            [
              -72.380232887192,
              -11.799163737828056
            ],
            [
              -72.36845296107036,
              -11.775564629379966
            ],
            [
              -72.38110231211904,
              -11.753320073837772
            ],
            [
              -72.40256392089259,
              -11.736557663022774
            ],
            [
              -72.40830893933074,
              -11.724195734817432
            ],
            [
              -72.40766035532249,
              -11.71079995769827
            ],
            [
              -72.39680355208405,
              -11.687996581109152
            ],
            [
              -72.39302727251508,
              -11.67305462470915
            ],
            [
              -72.37182488601962,
              -11.655333794416066
            ],
            [
              -72.37106989122563,
              -11.64863209992324
            ],
            [
              -72.37589138144217,
              -11.644194839548119
            ],
            [
              -72.3600754825134,
              -11.635927954534743
            ],
            [
              -72.354567564576,
              -11.623228816277564
            ],
            [
              -72.31927389113831,
              -11.607128564510433
            ],
            [
              -72.29205203648749,
              -11.580440093593038
            ],
            [
              -72.29116682420086,
              -11.572635202710332
            ],
            [
              -72.29867406151013,
              -11.560969734135071
            ],
            [
              -72.29909391932821,
              -11.550322129900437
            ],
            [
              -72.28429269401794,
              -11.528700389390124
            ],
            [
              -72.28588764158712,
              -11.509517424251298
            ],
            [
              -72.27785364865193,
              -11.49674925182176
            ],
            [
              -72.27582433435552,
              -11.47980915043956
            ],
            [
              -72.26679105125092,
              -11.461240695405449
            ],
            [
              -72.27278760168736,
              -11.443941982481679
            ],
            [
              -72.27382553629165,
              -11.429569134584696
            ],
            [
              -72.25240976787566,
              -11.387279069011406
            ],
            [
              -72.23473203320107,
              -11.381539288597475
            ],
            [
              -72.22672915416292,
              -11.371382029922334
            ],
            [
              -72.22492875344348,
              -11.365492997801237
            ],
            [
              -72.22701889916544,
              -11.35088671570789
            ],
            [
              -72.22402843974528,
              -11.342863531803706
            ],
            [
              -72.22003048524738,
              -11.340052468117971
            ],
            [
              -72.19899074641808,
              -11.353868361844789
            ],
            [
              -72.19135439506007,
              -11.35465557774749
            ],
            [
              -72.18358431198446,
              -11.350151983285249
            ],
            [
              -72.17574105458225,
              -11.335389803676245
            ],
            [
              -72.1668589754708,
              -11.327691528183147
            ],
            [
              -72.15840967454893,
              -11.32514496176676
            ],
            [
              -72.13756686113494,
              -11.327254648399983
            ],
            [
              -72.11259318912417,
              -11.336658736991186
            ],
            [
              -72.1090238664004,
              -11.348590769335145
            ],
            [
              -72.10980711251764,
              -11.375342609442935
            ],
            [
              -72.10183784089621,
              -11.382597757755166
            ],
            [
              -72.0941300984431,
              -11.38339248573414
            ],
            [
              -72.07266989259443,
              -11.377241231996129
            ],
            [
              -72.04795006262874,
              -11.378898426733716
            ],
            [
              -72.03153622824345,
              -11.373766310515096
            ],
            [
              -72.01148877633393,
              -11.372987718681156
            ],
            [
              -71.99432154193514,
              -11.375872646739076
            ],
            [
              -71.98447497102886,
              -11.38805806208367
            ],
            [
              -71.97340446194914,
              -11.391900710043412
            ],
            [
              -71.95764144620382,
              -11.39081335554451
            ],
            [
              -71.93581141700454,
              -11.38090661295017
            ],
            [
              -71.9274794343759,
              -11.375064162468137
            ],
            [
              -71.91641723844585,
              -11.359230963306219
            ],
            [
              -71.9025407716994,
              -11.350768601100551
            ],
            [
              -71.89373440070169,
              -11.351550736370111
            ],
            [
              -71.87050546913778,
              -11.369230126544565
            ],
            [
              -71.86235773670275,
              -11.370664478373946
            ],
            [
              -71.85411476734592,
              -11.368151964827486
            ],
            [
              -71.848374654494,
              -11.362968191029008
            ],
            [
              -71.84507269682676,
              -11.351708313780314
            ],
            [
              -71.83047884049279,
              -11.339608363321153
            ],
            [
              -71.82924531061443,
              -11.333838714022606
            ],
            [
              -71.83196444514536,
              -11.32029845136569
            ],
            [
              -71.82355980150446,
              -11.315834966761946
            ],
            [
              -71.80751358476923,
              -11.323774862534076
            ],
            [
              -71.79056454334312,
              -11.316735464864141
            ],
            [
              -71.78369589288704,
              -11.318101106193911
            ],
            [
              -71.77652269536088,
              -11.325106646863132
            ],
            [
              -71.7669578839503,
              -11.34221646713772
            ],
            [
              -71.76238763452852,
              -11.345213430737425
            ],
            [
              -71.75537355904413,
              -11.344222058063563
            ],
            [
              -71.75504022731776,
              -11.331893635280124
            ],
            [
              -71.75208568807294,
              -11.327982315275449
            ],
            [
              -71.73703598931374,
              -11.341763843162878
            ],
            [
              -71.7208309609446,
              -11.338652354251623
            ],
            [
              -71.71242112934979,
              -11.351459229615166
            ],
            [
              -71.69663452105927,
              -11.35628393985985
            ],
            [
              -71.69609908289078,
              -11.368124024426864
            ],
            [
              -71.68819918545584,
              -11.374972180869321
            ],
            [
              -71.6805455288457,
              -11.373090543778337
            ],
            [
              -71.66864788319027,
              -11.35643936008873
            ],
            [
              -71.66107688372048,
              -11.353616717047503
            ],
            [
              -71.66060562089685,
              -11.365104121993618
            ],
            [
              -71.64784125482215,
              -11.375916409360626
            ],
            [
              -71.64547217825312,
              -11.386309706778887
            ],
            [
              -71.64753496704053,
              -11.39362739976264
            ],
            [
              -71.66197121293295,
              -11.404392790309782
            ],
            [
              -71.66441007095206,
              -11.409990234894245
            ],
            [
              -71.65931979870264,
              -11.418456782848484
            ],
            [
              -71.64721601970648,
              -11.428224533711226
            ],
            [
              -71.64207204309469,
              -11.430150222891688
            ],
            [
              -71.63503785994077,
              -11.423618137748496
            ],
            [
              -71.62703045100852,
              -11.423464163176186
            ],
            [
              -71.61440782186406,
              -11.438819123434879
            ],
            [
              -71.60655906423013,
              -11.442376667979515
            ],
            [
              -71.60117100930529,
              -11.437301721310229
            ],
            [
              -71.5985766695497,
              -11.426211569956177
            ],
            [
              -71.58851339757732,
              -11.425388104236339
            ],
            [
              -71.58147154208336,
              -11.434404149789446
            ],
            [
              -71.57892710836454,
              -11.464297077061046
            ],
            [
              -71.56331981060437,
              -11.47548469263479
            ],
            [
              -71.55284115664584,
              -11.487458105296948
            ],
            [
              -71.54694071582198,
              -11.48853975958925
            ],
            [
              -71.53715683710831,
              -11.48176714948879
            ],
            [
              -71.53149814054963,
              -11.481581400607459
            ],
            [
              -71.51728850876047,
              -11.489005181801533
            ],
            [
              -71.4956245624054,
              -11.492471464346659
            ],
            [
              -71.46660204027478,
              -11.515841551692462
            ],
            [
              -71.45456016593286,
              -11.515130193210274
            ],
            [
              -71.44683638105936,
              -11.506132109990924
            ],
            [
              -71.44166242087616,
              -11.503880392084112
            ],
            [
              -71.42221167689917,
              -11.515988750036717
            ],
            [
              -71.40098697501841,
              -11.557587270144124
            ],
            [
              -71.4014139409777,
              -11.56249045052984
            ],
            [
              -71.40722696036877,
              -11.570755582341393
            ],
            [
              -71.40693514115226,
              -11.577788227391627
            ],
            [
              -71.40202413936287,
              -11.580603179048726
            ],
            [
              -71.3917663511835,
              -11.57562780390913
            ],
            [
              -71.38766810826867,
              -11.576854446143548
            ],
            [
              -71.38330127896207,
              -11.585511179486776
            ],
            [
              -71.36978109586194,
              -11.596149798177146
            ],
            [
              -71.36730920535312,
              -11.610727858293853
            ],
            [
              -71.35436778793013,
              -11.619906439954805
            ],
            [
              -71.35020630284485,
              -11.626555168178195
            ],
            [
              -71.34798496172947,
              -11.637706361654912
            ],
            [
              -71.36149741010878,
              -11.668039859563923
            ],
            [
              -71.35945449074235,
              -11.67337011437649
            ],
            [
              -71.35253730571912,
              -11.6763276033762
            ],
            [
              -71.35042410773026,
              -11.68162226408548
            ],
            [
              -71.34392306043047,
              -11.682434515981827
            ],
            [
              -71.33693939349364,
              -11.688193598623805
            ],
            [
              -71.32801652157823,
              -11.690615706391604
            ],
            [
              -71.31832136005113,
              -11.690865954892843
            ],
            [
              -71.30777793878558,
              -11.68400170197141
            ],
            [
              -71.30370046196603,
              -11.68485682389809
            ],
            [
              -71.2983714304925,
              -11.691324777332463
            ],
            [
              -71.2951499109321,
              -11.687148432986199
            ],
            [
              -71.28944577511868,
              -11.692146249148838
            ],
            [
              -71.28513229661186,
              -11.690770898554266
            ],
            [
              -71.27462488389183,
              -11.69427946515758
            ],
            [
              -71.26850138799858,
              -11.699786355791302
            ],
            [
              -71.24809315217446,
              -11.708821677187732
            ],
            [
              -71.24777514865968,
              -11.716451521776083
            ],
            [
              -71.24157977424518,
              -11.721081967475063
            ],
            [
              -71.24016439091204,
              -11.727229300291528
            ],
            [
              -71.23355171518045,
              -11.734411397499704
            ],
            [
              -71.2236476281111,
              -11.737778207741735
            ],
            [
              -71.22348865942635,
              -11.741918512823505
            ],
            [
              -71.21894694276162,
              -11.746147141055964
            ],
            [
              -71.21442446030962,
              -11.746200332223776
            ],
            [
              -71.21288995437632,
              -11.750504958675775
            ],
            [
              -71.21093098706137,
              -11.749788118509105
            ],
            [
              -71.21263519679623,
              -11.752160763725202
            ],
            [
              -71.21033118654788,
              -11.756209270825131
            ],
            [
              -71.20175374511464,
              -11.758444578006351
            ],
            [
              -71.19814460960417,
              -11.76320801413644
            ],
            [
              -71.18811882617636,
              -11.762535032218102
            ],
            [
              -71.18660734105953,
              -11.766947871120044
            ],
            [
              -71.18415502202717,
              -11.762348526637979
            ],
            [
              -71.17154027135346,
              -11.760637377287024
            ],
            [
              -71.1717919873403,
              -11.754797206192862
            ],
            [
              -71.16647632102882,
              -11.754873773764292
            ],
            [
              -71.16511976830454,
              -11.749633235658024
            ],
            [
              -71.1567961905182,
              -11.748946135056899
            ],
            [
              -71.15518907348464,
              -11.750856179347734
            ],
            [
              -71.15327558136397,
              -11.748493721560276
            ],
            [
              -71.15194964841459,
              -11.75229049996692
            ],
            [
              -71.14714519554934,
              -11.749949781944506
            ],
            [
              -71.14607463929806,
              -11.752795668619935
            ],
            [
              -71.1400131251891,
              -11.75305810002974
            ],
            [
              -71.13894328775089,
              -11.756527571287604
            ],
            [
              -71.13684230813323,
              -11.753036675457425
            ],
            [
              -71.13278763903816,
              -11.755895831231847
            ],
            [
              -71.13136348458423,
              -11.75304150301058
            ],
            [
              -71.127913064131,
              -11.753302238706688
            ],
            [
              -71.12176137663698,
              -11.758680364214902
            ],
            [
              -71.11786801337311,
              -11.75875449158425
            ],
            [
              -71.11728702381035,
              -11.76160572521644
            ],
            [
              -71.11124851465401,
              -11.761957788240478
            ],
            [
              -71.10864279545514,
              -11.771114371046846
            ],
            [
              -71.10469872110177,
              -11.765341198903108
            ],
            [
              -71.0971003398054,
              -11.770105970132319
            ],
            [
              -71.09094486888593,
              -11.770115054203306
            ],
            [
              -71.08728644912638,
              -11.774118594150595
            ],
            [
              -71.08371841655372,
              -11.773240915606515
            ],
            [
              -71.08295074543108,
              -11.776626747726226
            ],
            [
              -71.07793680732271,
              -11.775524581354897
            ],
            [
              -71.0789899047676,
              -11.782792514387618
            ],
            [
              -71.0739073219981,
              -11.783941270947388
            ],
            [
              -71.0760786599428,
              -11.789257888761814
            ],
            [
              -71.07400370518505,
              -11.79024913217096
            ],
            [
              -71.07199691476119,
              -11.787145622352073
            ],
            [
              -71.06943438856985,
              -11.792659421817724
            ],
            [
              -71.06467744306083,
              -11.792341505863432
            ],
            [
              -71.06502883756336,
              -11.795972271142507
            ],
            [
              -71.06248757542727,
              -11.796993945010433
            ],
            [
              -71.0635613479603,
              -11.799082994625666
            ],
            [
              -71.06752478377842,
              -11.797400228154808
            ],
            [
              -71.06032301770965,
              -11.806002567763096
            ],
            [
              -71.06431213224462,
              -11.808576585281525
            ],
            [
              -71.05962609226029,
              -11.811801055501176
            ],
            [
              -71.063358024975,
              -11.81317487155122
            ],
            [
              -71.06328985171649,
              -11.816284472503632
            ],
            [
              -71.05923085832104,
              -11.81423517578985
            ],
            [
              -71.06053965760415,
              -11.82010045306695
            ],
            [
              -71.05802176226517,
              -11.82155578375656
            ],
            [
              -71.0603328003495,
              -11.826519011804763
            ],
            [
              -71.05664840838618,
              -11.827350141562796
            ],
            [
              -71.05800347345253,
              -11.831994943479966
            ],
            [
              -71.05317739541,
              -11.835609034254412
            ],
            [
              -71.05730713623038,
              -11.83898646157652
            ],
            [
              -71.04788461956683,
              -11.838946251930148
            ],
            [
              -71.05182926596846,
              -11.845605944105246
            ],
            [
              -71.04940576765075,
              -11.850603511625472
            ],
            [
              -71.04467203092943,
              -11.85258094473926
            ],
            [
              -71.04994652073593,
              -11.859547360438789
            ],
            [
              -71.04645160321736,
              -11.868122759280142
            ],
            [
              -71.04197352018075,
              -11.869275870931903
            ],
            [
              -71.04517049390266,
              -11.872217278185566
            ],
            [
              -71.0363073260175,
              -11.873673156305587
            ],
            [
              -71.03590732180648,
              -11.865604916923512
            ],
            [
              -71.0291183830041,
              -11.862363789246494
            ],
            [
              -71.02184165920832,
              -11.864395279720094
            ],
            [
              -71.02118962538098,
              -11.86740065176809
            ],
            [
              -71.02478298300858,
              -11.870574489244884
            ],
            [
              -71.02130896243267,
              -11.874214665001134
            ],
            [
              -71.02637070450659,
              -11.874711672297005
            ],
            [
              -71.02292234077917,
              -11.885130390233233
            ],
            [
              -71.02621133677764,
              -11.884184905480092
            ],
            [
              -71.0257461775901,
              -11.887984309122151
            ],
            [
              -71.02432377043941,
              -11.889775049857358
            ],
            [
              -71.02047445608115,
              -11.888446889509664
            ],
            [
              -71.02089603758569,
              -11.892953970989868
            ],
            [
              -71.01802684431165,
              -11.893480648978004
            ],
            [
              -71.01639535958581,
              -11.897577622018026
            ],
            [
              -71.01387320388292,
              -11.895932591466817
            ],
            [
              -71.01475643042852,
              -11.892256733422844
            ],
            [
              -71.00886553830821,
              -11.893130257260472
            ],
            [
              -71.01164628191269,
              -11.900151297666156
            ],
            [
              -71.00464101273303,
              -11.896920256775893
            ],
            [
              -71.0041061940202,
              -11.899942867975676
            ],
            [
              -70.99854965040831,
              -11.901663438035627
            ],
            [
              -70.99995722080604,
              -11.905458614365598
            ],
            [
              -70.99571044096001,
              -11.905063906529435
            ],
            [
              -70.99404775023774,
              -11.908790455710088
            ],
            [
              -70.9907687067908,
              -11.907620565815854
            ],
            [
              -70.99162495341099,
              -11.913146025649453
            ],
            [
              -70.9822728259765,
              -11.913916982288217
            ],
            [
              -70.98256191073796,
              -11.917864753187994
            ],
            [
              -70.97385093452843,
              -11.914870927811133
            ],
            [
              -70.9716431853484,
              -11.92359951119877
            ],
            [
              -70.9641642111959,
              -11.919955029881688
            ],
            [
              -70.96346439478614,
              -11.91609141106165
            ],
            [
              -70.96053550430537,
              -11.919790508351815
            ],
            [
              -70.95617740685154,
              -11.915744415008048
            ],
            [
              -70.95239133643561,
              -11.928623575807393
            ],
            [
              -70.94692693673305,
              -11.92418731587483
            ],
            [
              -70.94732816849859,
              -11.91822808441508
            ],
            [
              -70.93925919367938,
              -11.920669971381422
            ],
            [
              -70.93506260445695,
              -11.926709570232
            ],
            [
              -70.93685389786637,
              -11.923795832733738
            ],
            [
              -70.93405815522877,
              -11.920443622205475
            ],
            [
              -70.9265415498043,
              -11.922339051935317
            ],
            [
              -70.93014057471034,
              -11.918698915608445
            ],
            [
              -70.9285765003555,
              -11.916712073444717
            ],
            [
              -70.9227494682833,
              -11.918089646995647
            ],
            [
              -70.9169147908094,
              -11.924067897869268
            ],
            [
              -70.91015597363506,
              -11.922143381771878
            ],
            [
              -70.90813213246024,
              -11.915712425942422
            ],
            [
              -70.90335658752858,
              -11.9175976983167
            ],
            [
              -70.89652684157343,
              -11.915754645540009
            ],
            [
              -70.90029708355833,
              -11.921044085433225
            ],
            [
              -70.8904687240032,
              -11.924391367698755
            ],
            [
              -70.89090342022428,
              -11.92888078124788
            ],
            [
              -70.88624674816155,
              -11.925567633379078
            ],
            [
              -70.89141882263831,
              -11.932429603168956
            ],
            [
              -70.88832464174166,
              -11.933480825389504
            ],
            [
              -70.88777911494674,
              -11.937054856407354
            ],
            [
              -70.88272689688279,
              -11.938209554106885
            ],
            [
              -70.8841277804419,
              -11.941924207798172
            ],
            [
              -70.87588829355249,
              -11.939692454922625
            ],
            [
              -70.8720803944028,
              -11.943315350127365
            ],
            [
              -70.87247856919633,
              -11.947615250897966
            ],
            [
              -70.86749582352526,
              -11.947648412089816
            ],
            [
              -70.86687215077048,
              -11.955597837578038
            ],
            [
              -70.85853239963693,
              -11.955626041635599
            ],
            [
              -70.86128084153701,
              -11.96482763938981
            ],
            [
              -70.85570920202298,
              -11.963201357304934
            ],
            [
              -70.8518647230598,
              -11.966173487023509
            ],
            [
              -70.84976196808013,
              -11.96155935223939
            ],
            [
              -70.84632696561451,
              -11.961084819222679
            ],
            [
              -70.83832091901021,
              -11.966253514018693
            ],
            [
              -70.83572354570596,
              -11.962880843000564
            ],
            [
              -70.83111695806788,
              -11.966598914288285
            ],
            [
              -70.82609124011127,
              -11.965556006915024
            ],
            [
              -70.82626835410366,
              -11.970526403544119
            ],
            [
              -70.81998345199973,
              -11.969627177826855
            ],
            [
              -70.81887114337746,
              -11.979875818629386
            ],
            [
              -70.81202515566811,
              -11.981565304176836
            ],
            [
              -70.8136742751276,
              -11.977857590234194
            ],
            [
              -70.81038595860174,
              -11.977038196291426
            ],
            [
              -70.80801621140853,
              -11.986156021398228
            ],
            [
              -70.79811025894526,
              -11.981745325595504
            ],
            [
              -70.7954802596202,
              -11.985115773529548
            ],
            [
              -70.79737800070805,
              -11.987851553020066
            ],
            [
              -70.79194177263106,
              -11.986006203804102
            ],
            [
              -70.78138862313992,
              -11.989192092682776
            ],
            [
              -70.77904712850402,
              -11.997966136462251
            ],
            [
              -70.773983964098,
              -11.987413131229351
            ],
            [
              -70.76879631415336,
              -11.996178025021806
            ],
            [
              -70.76508045307278,
              -11.994104329613192
            ],
            [
              -70.7610092641912,
              -11.995720912384042
            ],
            [
              -70.76222352139817,
              -11.999464644753678
            ],
            [
              -70.75416687279746,
              -11.998511878248099
            ],
            [
              -70.75667819442536,
              -11.994301807939268
            ],
            [
              -70.7461347255355,
              -11.997260414645066
            ],
            [
              -70.7451023384656,
              -11.993741435739757
            ],
            [
              -70.74806370803182,
              -11.989890204984034
            ],
            [
              -70.7430159156767,
              -11.987517147278137
            ],
            [
              -70.73866751454014,
              -11.990843612323822
            ],
            [
              -70.73456004184953,
              -11.983438546355043
            ],
            [
              -70.72708565257358,
              -11.985717501029542
            ],
            [
              -70.72695872278486,
              -11.99061775536706
            ],
            [
              -70.7167887062348,
              -11.98698306464304
            ],
            [
              -70.71636149637897,
              -11.990574428262827
            ],
            [
              -70.70994561241518,
              -11.993641971572243
            ],
            [
              -70.7092249833321,
              -11.988520866665064
            ],
            [
              -70.7053131651762,
              -11.989620435784223
            ],
            [
              -70.70368136470383,
              -11.994927639629688
            ],
            [
              -70.70709050919307,
              -11.998793942295215
            ],
            [
              -70.69803278343461,
              -11.99648063308167
            ],
            [
              -70.69652165086733,
              -12.00390238322581
            ],
            [
              -70.68614093932135,
              -11.997944644599789
            ],
            [
              -70.68455942590721,
              -12.001344089766786
            ],
            [
              -70.68678609935759,
              -12.005525134140832
            ],
            [
              -70.68442645908532,
              -12.007238833517373
            ],
            [
              -70.68096509463429,
              -12.004041487896876
            ],
            [
              -70.6799824131642,
              -11.995125096257793
            ],
            [
              -70.66902748288325,
              -11.99386176196211
            ],
            [
              -70.66540922168366,
              -11.999126435521356
            ],
            [
              -70.66521773575607,
              -11.99439067976979
            ],
            [
              -70.66300063703339,
              -11.994512336508707
            ],
            [
              -70.65719270349953,
              -12.003478204845779
            ],
            [
              -70.64880549309373,
              -12.000996575736554
            ],
            [
              -70.64533856370971,
              -12.003050972321931
            ],
            [
              -70.64774558775146,
              -12.01258298671828
            ],
            [
              -70.6414574772273,
              -12.013252774240387
            ],
            [
              -70.63779483047153,
              -12.017288006831683
            ],
            [
              -70.6397294026963,
              -12.021181929854265
            ],
            [
              -70.63663243118813,
              -12.024481601733939
            ],
            [
              -70.64066383471946,
              -12.02558794619515
            ],
            [
              -70.63762427608462,
              -12.027377620112865
            ],
            [
              -70.63818471534381,
              -12.03177679831645
            ],
            [
              -70.63441734188564,
              -12.033914237287828
            ],
            [
              -70.64050989909872,
              -12.036075203493233
            ],
            [
              -70.6364625373082,
              -12.041604309844214
            ],
            [
              -70.63077990874842,
              -12.041854549902181
            ],
            [
              -70.63096906790463,
              -12.036673527350567
            ],
            [
              -70.6282305061603,
              -12.035767439291101
            ],
            [
              -70.62798474544468,
              -12.04432975864564
            ],
            [
              -70.62326132032324,
              -12.05142658780201
            ],
            [
              -70.60582442481416,
              -12.037813768704424
            ],
            [
              -70.60562200376404,
              -12.045480935383713
            ],
            [
              -70.61145324368589,
              -12.051495105325102
            ],
            [
              -70.5998058279585,
              -12.051950925520643
            ],
            [
              -70.59645966827982,
              -12.05805411632356
            ],
            [
              -70.60172699853048,
              -12.063050178116594
            ],
            [
              -70.59365558247212,
              -12.066052608316944
            ],
            [
              -70.59827704047348,
              -12.06971448176222
            ],
            [
              -70.59043535341657,
              -12.06673999295354
            ],
            [
              -70.58703252614625,
              -12.07853873112594
            ],
            [
              -70.5812033923831,
              -12.078002398815347
            ],
            [
              -70.5805874234362,
              -12.074290386981831
            ],
            [
              -70.57649322606774,
              -12.075705804632056
            ],
            [
              -70.57686193723686,
              -12.072639089667236
            ],
            [
              -70.57240383749453,
              -12.083313681551575
            ],
            [
              -70.5658799522512,
              -12.080710751494431
            ],
            [
              -70.56431470915176,
              -12.0835401146314
            ],
            [
              -70.56885139831367,
              -12.089011005384169
            ],
            [
              -70.5686780794899,
              -12.092962557811266
            ],
            [
              -70.56113151943141,
              -12.092896580801451
            ],
            [
              -70.5606572055631,
              -12.099860233262145
            ],
            [
              -70.55423979004622,
              -12.097012380785015
            ],
            [
              -70.55566274580544,
              -12.103847892164733
            ],
            [
              -70.54970448206488,
              -12.103022391088206
            ],
            [
              -70.54980053355851,
              -12.09911645233114
            ],
            [
              -70.54653515754353,
              -12.100337015943524
            ],
            [
              -70.5461027335529,
              -12.10451604139385
            ],
            [
              -70.54277348544042,
              -12.10282594604525
            ],
            [
              -70.54101713660373,
              -12.112291869185118
            ],
            [
              -70.53301004380525,
              -12.113285467259004
            ],
            [
              -70.53509036624409,
              -12.11871624283232
            ],
            [
              -70.52795346973146,
              -12.11394619078463
            ],
            [
              -70.52419605920811,
              -12.11543140334015
            ],
            [
              -70.5237536581507,
              -12.11077803966933
            ],
            [
              -70.5136805108637,
              -12.114006363685853
            ],
            [
              -70.51246155138665,
              -12.109528963538489
            ],
            [
              -70.51687549208671,
              -12.107678707462904
            ],
            [
              -70.51448864634841,
              -12.10503386043654
            ],
            [
              -70.51156302431525,
              -12.105203494638248
            ],
            [
              -70.50892795349594,
              -12.110081587156998
            ],
            [
              -70.50967966881906,
              -12.11587241497082
            ],
            [
              -70.5048292515487,
              -12.110004401188622
            ],
            [
              -70.49379631459205,
              -12.10713489671526
            ],
            [
              -70.49365006158547,
              -12.11294872176256
            ],
            [
              -70.4892591260096,
              -12.111905548744081
            ],
            [
              -70.48835444997974,
              -12.117651128345027
            ],
            [
              -70.48497763169075,
              -12.118708891545358
            ],
            [
              -70.48638501472404,
              -12.122751501794573
            ],
            [
              -70.480419996102,
              -12.12238563910676
            ],
            [
              -70.4766961319819,
              -12.11731567029378
            ],
            [
              -70.47325262084284,
              -12.11774081075444
            ],
            [
              -70.47168285612449,
              -12.127033810563796
            ],
            [
              -70.47612380791675,
              -12.132326032332342
            ],
            [
              -70.47377082450035,
              -12.132844832545404
            ],
            [
              -70.46678536121983,
              -12.126797600000708
            ],
            [
              -70.459315441432,
              -12.135190561357204
            ],
            [
              -70.46134735163095,
              -12.141652914832953
            ],
            [
              -70.45569418778652,
              -12.137198556235834
            ],
            [
              -70.45280963298613,
              -12.140314641725299
            ],
            [
              -70.44936721840813,
              -12.13591181235323
            ],
            [
              -70.44663901908628,
              -12.144388127054238
            ],
            [
              -70.43909554544804,
              -12.145286321252623
            ],
            [
              -70.44282000019022,
              -12.138667242681977
            ],
            [
              -70.43700021694615,
              -12.14350715477056
            ],
            [
              -70.43667410750272,
              -12.153959876090639
            ],
            [
              -70.43058190299982,
              -12.153792563958799
            ],
            [
              -70.43100812861037,
              -12.150264485548384
            ],
            [
              -70.42596453066702,
              -12.146945464711836
            ],
            [
              -70.42227081704976,
              -12.15237083486812
            ],
            [
              -70.4157323636527,
              -12.150677597183172
            ],
            [
              -70.41535398799142,
              -12.147433901196408
            ],
            [
              -70.40990816942784,
              -12.147958948626956
            ],
            [
              -70.40166211654261,
              -12.15359710697181
            ],
            [
              -70.39676043897938,
              -12.153658070605179
            ],
            [
              -70.39566697225413,
              -12.166817986685452
            ],
            [
              -70.39048064405148,
              -12.166473464494674
            ],
            [
              -70.3884842612847,
              -12.162216226490626
            ],
            [
              -70.38320097720828,
              -12.171979727191848
            ],
            [
              -70.37593189495165,
              -12.166492059648013
            ],
            [
              -70.37496705771089,
              -12.168512981526288
            ],
            [
              -70.37947805121144,
              -12.17226053453704
            ],
            [
              -70.38173906035382,
              -12.179328224826476
            ],
            [
              -70.3791440875563,
              -12.181944973484597
            ],
            [
              -70.3727383317684,
              -12.181262684155053
            ],
            [
              -70.37439689713929,
              -12.193324002810975
            ],
            [
              -70.36399184043582,
              -12.19594329477461
            ],
            [
              -70.35801576070757,
              -12.19087371559169
            ],
            [
              -70.35514286119928,
              -12.193916564489758
            ],
            [
              -70.35859151571329,
              -12.198528546772861
            ],
            [
              -70.35428229517318,
              -12.20181353570128
            ],
            [
              -70.34794192278942,
              -12.19893343749927
            ],
            [
              -70.34776825707203,
              -12.204747625407453
            ],
            [
              -70.34431765328127,
              -12.207820334789432
            ],
            [
              -70.34611425166693,
              -12.213344627980732
            ],
            [
              -70.34240629534798,
              -12.212567129033447
            ],
            [
              -70.33988629628973,
              -12.230959710379466
            ],
            [
              -70.33452434431601,
              -12.227758158314025
            ],
            [
              -70.33792164035803,
              -12.221837888948846
            ],
            [
              -70.33548731698194,
              -12.219887821895405
            ],
            [
              -70.32706092093083,
              -12.228843036211636
            ],
            [
              -70.32334644111444,
              -12.226908076737733
            ],
            [
              -70.31671961823199,
              -12.229833022520465
            ],
            [
              -70.3200829655655,
              -12.23781821058893
            ],
            [
              -70.31815612186976,
              -12.24095566032528
            ],
            [
              -70.32116971508742,
              -12.245054849943463
            ],
            [
              -70.31728058064138,
              -12.252080335456018
            ],
            [
              -70.32094683906992,
              -12.25314763766942
            ],
            [
              -70.316896751461,
              -12.255083800510743
            ],
            [
              -70.31234684361304,
              -12.253089444421358
            ],
            [
              -70.31417146039016,
              -12.259852453095624
            ],
            [
              -70.3122067604275,
              -12.263451153295337
            ],
            [
              -70.30848308672293,
              -12.262591963607427
            ],
            [
              -70.30843358607535,
              -12.257447837954736
            ],
            [
              -70.30673460866828,
              -12.258549904102168
            ],
            [
              -70.30113970440125,
              -12.269697024642173
            ],
            [
              -70.30218822302955,
              -12.281020504429712
            ],
            [
              -70.29756535298499,
              -12.28262463560676
            ],
            [
              -70.2944589261853,
              -12.2968790469024
            ],
            [
              -70.28993603396339,
              -12.297605618948232
            ],
            [
              -70.28181441494873,
              -12.29222816814344
            ],
            [
              -70.28485779105401,
              -12.303668982363519
            ],
            [
              -70.28290518380308,
              -12.308478982683294
            ],
            [
              -70.28017440820162,
              -12.305996438802088
            ],
            [
              -70.27815218099862,
              -12.307542893821815
            ],
            [
              -70.27644911253205,
              -12.312053336118632
            ],
            [
              -70.28033680695734,
              -12.321419821772675
            ],
            [
              -70.27461555201194,
              -12.328109902372065
            ],
            [
              -70.27851816588802,
              -12.330252471534736
            ],
            [
              -70.27073943424104,
              -12.331455118043825
            ],
            [
              -70.27145013974345,
              -12.338440601053657
            ],
            [
              -70.26891638182886,
              -12.339446929096685
            ],
            [
              -70.27537223542477,
              -12.344579283192889
            ],
            [
              -70.26351752611059,
              -12.342970927967187
            ],
            [
              -70.25700095973738,
              -12.36046859093581
            ],
            [
              -70.25056794260568,
              -12.360163696630126
            ],
            [
              -70.24956258095453,
              -12.362329156281891
            ],
            [
              -70.25213465119117,
              -12.369306162592032
            ],
            [
              -70.257894765706,
              -12.370445897337117
            ],
            [
              -70.25841376417611,
              -12.372776113342601
            ],
            [
              -70.24927987689206,
              -12.376380447372112
            ],
            [
              -70.24901983151665,
              -12.379537012232124
            ],
            [
              -70.25432553442757,
              -12.382975343909088
            ],
            [
              -70.24776948028803,
              -12.385202531010616
            ],
            [
              -70.25233174318355,
              -12.389186774755357
            ],
            [
              -70.24878752888618,
              -12.395170262368923
            ],
            [
              -70.25524372045898,
              -12.398395301908735
            ],
            [
              -70.25284363922451,
              -12.405973831013048
            ],
            [
              -70.25833493659447,
              -12.40639143061226
            ],
            [
              -70.25303674402247,
              -12.411912970019298
            ],
            [
              -70.25644703193034,
              -12.419699682853404
            ],
            [
              -70.26428899460691,
              -12.423713624005869
            ],
            [
              -70.2568736174068,
              -12.429335539614232
            ],
            [
              -70.25100036733323,
              -12.42855807405103
            ],
            [
              -70.24816824762482,
              -12.439040784588054
            ],
            [
              -70.25091203715878,
              -12.447165130158414
            ],
            [
              -70.24415523446815,
              -12.449890560341913
            ],
            [
              -70.23962811609827,
              -12.456737426832651
            ],
            [
              -70.23661373075741,
              -12.457537818248726
            ],
            [
              -70.23517722911502,
              -12.451613380630423
            ],
            [
              -70.23296879382026,
              -12.45260894986134
            ],
            [
              -70.23102129853307,
              -12.466260965276662
            ],
            [
              -70.22821364581189,
              -12.468253768228214
            ],
            [
              -70.21776885030296,
              -12.472261127772784
            ],
            [
              -70.21934164289915,
              -12.464342969084408
            ],
            [
              -70.21209976480785,
              -12.464764338452506
            ],
            [
              -70.20954553392508,
              -12.478030244004126
            ],
            [
              -70.20045873211808,
              -12.471145217646518
            ],
            [
              -70.19080116659057,
              -12.471386898877096
            ],
            [
              -70.18899823236441,
              -12.473175981769073
            ],
            [
              -70.19184063299714,
              -12.478696714471951
            ],
            [
              -70.18964082157332,
              -12.481671966802313
            ],
            [
              -70.18380250241933,
              -12.481109966802734
            ],
            [
              -70.17919207019784,
              -12.485081217261317
            ],
            [
              -70.17395125564462,
              -12.483133070928911
            ],
            [
              -70.1749929858295,
              -12.491030658432747
            ],
            [
              -70.16593488567185,
              -12.490482301977087
            ],
            [
              -70.16189518901706,
              -12.487136354875757
            ],
            [
              -70.1514746093448,
              -12.497063303655157
            ],
            [
              -70.13961361596992,
              -12.49988944997582
            ],
            [
              -70.13658711044188,
              -12.498121073765219
            ],
            [
              -70.13105359477551,
              -12.50563972247849
            ],
            [
              -70.13317175812551,
              -12.510314282373763
            ],
            [
              -70.12972517973523,
              -12.511359494816414
            ],
            [
              -70.1266634630185,
              -12.50626390517248
            ],
            [
              -70.12601294560257,
              -12.513951865906858
            ],
            [
              -70.11984708305668,
              -12.51155448049722
            ],
            [
              -70.12160791206131,
              -12.5051638693497
            ],
            [
              -70.10502691761418,
              -12.507809256029345
            ],
            [
              -70.10351181492703,
              -12.510609300723596
            ],
            [
              -70.10678756295846,
              -12.516147338372834
            ],
            [
              -70.10044697656544,
              -12.51993462042894
            ],
            [
              -70.10281771941084,
              -12.52607314099426
            ],
            [
              -70.09807030850763,
              -12.53534205034217
            ],
            [
              -70.09184327575262,
              -12.536389121876894
            ],
            [
              -70.09726913548211,
              -12.549422966571525
            ],
            [
              -70.09094492203215,
              -12.545163061431584
            ],
            [
              -70.08626941899803,
              -12.549738957938876
            ],
            [
              -70.08253273341823,
              -12.547339960981052
            ],
            [
              -70.07951134293475,
              -12.54899769295889
            ],
            [
              -70.08202057187532,
              -12.552522836661254
            ],
            [
              -70.09285788099277,
              -12.549811667512216
            ],
            [
              -70.09325355192921,
              -12.557079439372266
            ],
            [
              -70.08196986146372,
              -12.55456643196292
            ],
            [
              -70.07866510237115,
              -12.560854580866836
            ],
            [
              -70.08187243460006,
              -12.566555917520866
            ],
            [
              -70.07252083857234,
              -12.568302354806486
            ],
            [
              -70.07296249935087,
              -12.575542880397487
            ],
            [
              -70.05364094921356,
              -12.593042755492323
            ],
            [
              -70.04739406981253,
              -12.604694802968618
            ],
            [
              -70.05216544003082,
              -12.615236647172773
            ],
            [
              -70.07113555265673,
              -12.627331151425
            ],
            [
              -70.08365505855213,
              -12.64407065844175
            ],
            [
              -70.10173265607352,
              -12.652866190517052
            ],
            [
              -70.1254512583041,
              -12.659991071752613
            ],
            [
              -70.14306972290876,
              -12.676606253531373
            ],
            [
              -70.18165144613377,
              -12.702277274861572
            ],
            [
              -70.20758908013076,
              -12.72978102871474
            ],
            [
              -70.22152806245285,
              -12.737456226155482
            ],
            [
              -70.24863672903808,
              -12.74128966329049
            ],
            [
              -70.25900565769626,
              -12.754060536602164
            ],
            [
              -70.27208644754016,
              -12.778146035336693
            ],
            [
              -70.29105744133945,
              -12.842523591809504
            ],
            [
              -70.29695554364825,
              -12.847503094497217
            ],
            [
              -70.32228391946383,
              -12.856571086722402
            ],
            [
              -70.33025507755005,
              -12.867361436861609
            ],
            [
              -70.34075821382535,
              -12.871990947199581
            ],
            [
              -70.34515820171572,
              -12.88996811654745
            ],
            [
              -70.35064291432711,
              -12.897687592656622
            ],
            [
              -70.34965179682489,
              -12.9101143680707
            ],
            [
              -70.35261258663805,
              -12.915767452332679
            ]
          ],
          [
            [
              -70.92828225288913,
              -12.512616831190295
            ],
            [
              -70.92805547676147,
              -12.512699801763148
            ],
            [
              -70.9284980392095,
              -12.512524900838379
            ],
            [
              -70.92828225288913,
              -12.512616831190295
            ]
          ]
        ]
      },
      "properties": {
        "provincia": "Manu",
        "distritos_fid": [
          4,
          5,
          6,
          7
        ],
        "etiqueta_punto_utm": [
          266305.47045311495,
          8638891.0004
        ]
      }
    }
  ]
}