{"type":"FeatureCollection","features":[{"type":"Feature","geometry":{"type":"MultiLineString","coordinates":[[[-71.475942,-12.804976],[-71.469812,-12.809246],[-71.466006,-12.809586],[-71.464828,-12.810588],[-71.463376,-12.813844],[-71.463601,-12.816139],[-71.460208,-12.81897],[-71.459913,-12.82515]],[[-71.455724,-12.825746],[-71.449345,-12.825533],[-71.446746,-12.827364],[-71.446976,-12.830053],[-71.449929,-12.833747]],[[-71.454832,-12.838099],[-71.455466,-12.839077]],[[-71.449962,-12.834468],[-71.453834,-12.83565],[-71.454237,-12.838817],[-71.455719,-12.841003],[-71.451705,-12.842216],[-71.447101,-12.839094],[-71.445297,-12.839886],[-71.442192,-12.853847],[-71.442817,-12.854991],[-71.446622,-12.856078],[-71.449387,-12.858122],[-71.447913,-12.86434],[-71.445326,-12.866786],[-71.441284,-12.867474],[-71.437358,-12.872136],[-71.438546,-12.874631],[-71.437029,-12.876071],[-71.432169,-12.874218],[-71.42966,-12.87586],[-71.427747,-12.875873],[-71.425701,-12.8726],[-71.424096,-12.872926],[-71.423788,-12.875863],[-71.427045,-12.88043],[-71.427054,-12.881824],[-71.426439,-12.882984],[-71.423651,-12.884106],[-71.419553,-12.88191],[-71.417836,-12.882152],[-71.417256,-12.884176],[-71.418681,-12.890366],[-71.416244,-12.893807],[-71.4121,-12.892676],[-71.408694,-12.889795],[-71.405644,-12.888622]],[[-71.449468,-12.842191],[-71.448887,-12.841793]],[[-71.448857,-12.864212],[-71.44855,-12.864704]],[[-71.447243,-12.840211],[-71.445795,-12.840481]],[[-71.439259,-12.874257],[-71.439257,-12.874822]],[[-71.439248,-12.874849],[-71.439129,-12.875141]],[[-71.430861,-12.875876],[-71.430714,-12.876008]],[[-71.424391,-12.875266],[-71.425193,-12.876497]],[[-71.419239,-12.890931],[-71.419213,-12.890992]],[[-71.418047,-12.883513],[-71.418827,-12.886644]],[[-71.402349,-12.886254],[-71.400004,-12.882637],[-71.395763,-12.882843],[-71.388205,-12.88831],[-71.382179,-12.896279],[-71.37984,-12.898545],[-71.378021,-12.89862],[-71.377585,-12.899977],[-71.374024,-12.899624],[-71.371373,-12.897171],[-71.36718,-12.895711]],[[-71.401026,-12.885303],[-71.401022,-12.885293]],[[-71.399929,-12.883578],[-71.399041,-12.883101]],[[-71.391365,-12.88709],[-71.391265,-12.887578]],[[-71.389888,-12.789772],[-71.385478,-12.785468],[-71.38583,-12.781678]],[[-71.389888,-12.789772],[-71.389255,-12.787588]],[[-71.385334,-12.818427],[-71.386903,-12.813408],[-71.391525,-12.808719],[-71.394068,-12.802494],[-71.393562,-12.795861],[-71.389888,-12.789772]],[[-71.38583,-12.781678],[-71.386082,-12.783402],[-71.389255,-12.787588]],[[-71.389255,-12.787588],[-71.389343,-12.780716],[-71.387131,-12.778024]],[[-71.387131,-12.778024],[-71.385882,-12.77519],[-71.378551,-12.76671],[-71.377311,-12.755653],[-71.372797,-12.749353],[-71.372254,-12.73554],[-71.374715,-12.730334],[-71.370196,-12.718767],[-71.370549,-12.716856],[-71.373033,-12.714892]],[[-71.38583,-12.781678],[-71.387131,-12.778024]],[[-71.387428,-12.826354],[-71.388082,-12.822309],[-71.385334,-12.818427]],[[-71.386667,-12.838087],[-71.389042,-12.83004],[-71.387428,-12.826354]],[[-71.385402,-12.833264],[-71.387428,-12.826354]],[[-71.385674,-12.728032],[-71.385189,-12.724386],[-71.382905,-12.721258],[-71.376564,-12.719965],[-71.373839,-12.715033],[-71.376374,-12.708652],[-71.376918,-12.704617],[-71.375589,-12.697612],[-71.370639,-12.692232],[-71.366061,-12.690245],[-71.357411,-12.683375],[-71.355332,-12.675514],[-71.353741,-12.672805],[-71.347265,-12.668022],[-71.347283,-12.665916],[-71.349287,-12.663083],[-71.349515,-12.661119]],[[-71.386667,-12.838087],[-71.385402,-12.833264]],[[-71.382358,-12.849624],[-71.387171,-12.843651],[-71.386667,-12.838087]],[[-71.379755,-12.8462],[-71.382774,-12.841919],[-71.385785,-12.841],[-71.386027,-12.838617],[-71.382692,-12.828714],[-71.382696,-12.822086],[-71.384803,-12.816226],[-71.384358,-12.811855],[-71.38553,-12.808201],[-71.390537,-12.802456],[-71.392549,-12.796068],[-71.389903,-12.791033],[-71.385301,-12.787064]],[[-71.385402,-12.833264],[-71.384066,-12.82814],[-71.385334,-12.818427]],[[-71.360103,-12.88465],[-71.360309,-12.882268],[-71.357306,-12.876034],[-71.35744,-12.874452],[-71.367996,-12.868024],[-71.370567,-12.859284],[-71.381865,-12.850161]],[[-71.360755,-12.871325],[-71.364829,-12.869781],[-71.367538,-12.86715],[-71.368685,-12.860539],[-71.371094,-12.855309],[-71.376956,-12.851171],[-71.377578,-12.848089],[-71.379175,-12.846645]],[[-71.378547,-12.900254],[-71.378266,-12.900313]],[[-71.376545,-12.900805],[-71.373666,-12.900255]],[[-71.371819,-12.761728],[-71.374013,-12.754472],[-71.371136,-12.743645],[-71.371565,-12.739312],[-71.369848,-12.730565],[-71.371171,-12.725968],[-71.369528,-12.71913],[-71.370056,-12.716251],[-71.373661,-12.712276],[-71.373783,-12.707761],[-71.372361,-12.705437],[-71.367344,-12.70214],[-71.361179,-12.695971],[-71.35951,-12.693171],[-71.359376,-12.690272],[-71.35589,-12.684836]],[[-71.371819,-12.761728],[-71.374533,-12.76852],[-71.371081,-12.764478]],[[-71.371081,-12.764478],[-71.371819,-12.761728]],[[-71.370092,-12.765331],[-71.371081,-12.764478]],[[-71.369981,-12.897577],[-71.372013,-12.898718]],[[-71.349457,-12.890855],[-71.352008,-12.887486],[-71.353883,-12.886709],[-71.355372,-12.883837],[-71.357715,-12.883354],[-71.359051,-12.880991]],[[-71.35589,-12.684836],[-71.352989,-12.679315],[-71.34768,-12.676007],[-71.346738,-12.67441]],[[-71.35589,-12.684836],[-71.355942,-12.680745],[-71.354578,-12.675458],[-71.352263,-12.672374],[-71.347272,-12.669298],[-71.346738,-12.67441]],[[-71.349515,-12.661119],[-71.341127,-12.65515],[-71.33077,-12.652173],[-71.328733,-12.648284],[-71.329014,-12.647185]],[[-71.349515,-12.661119],[-71.348533,-12.656191]],[[-71.346617,-12.674307],[-71.346738,-12.67441]],[[-71.319663,-12.922953],[-71.32079,-12.920685],[-71.326179,-12.918573],[-71.333655,-12.904587],[-71.340034,-12.898686],[-71.341364,-12.895789],[-71.345311,-12.894434]],[[-71.323818,-12.645693],[-71.312813,-12.649611],[-71.304635,-12.651423],[-71.298896,-12.657192]],[[-71.292455,-12.669312],[-71.28912,-12.669365],[-71.278204,-12.666918],[-71.27435,-12.66755],[-71.263592,-12.673672],[-71.257697,-12.675857],[-71.250778,-12.680773],[-71.248506,-12.681043],[-71.247332,-12.680055],[-71.246693,-12.675594],[-71.245103,-12.67392],[-71.244627,-12.671047],[-71.247475,-12.665992],[-71.247354,-12.664003],[-71.24367,-12.662088],[-71.242306,-12.658189],[-71.237431,-12.654979],[-71.233266,-12.656359],[-71.228908,-12.659271],[-71.224747,-12.659342],[-71.221285,-12.657629],[-71.218284,-12.65307],[-71.217949,-12.648482],[-71.225636,-12.637992],[-71.228796,-12.631148],[-71.231997,-12.627449],[-71.231614,-12.622462],[-71.227321,-12.620412],[-71.223376,-12.620089],[-71.226754,-12.616836],[-71.227396,-12.614067],[-71.222608,-12.604896],[-71.217441,-12.601599],[-71.216465,-12.594598],[-71.213741,-12.591496],[-71.20919,-12.589907],[-71.205403,-12.587354],[-71.198082,-12.578481],[-71.197482,-12.575179],[-71.200606,-12.573647],[-71.192315,-12.568351],[-71.184837,-12.56691],[-71.183337,-12.562341],[-71.179528,-12.558466],[-71.177622,-12.55413],[-71.173599,-12.55053],[-71.172956,-12.548082],[-71.174492,-12.54333],[-71.174212,-12.541573],[-71.173097,-12.539493],[-71.168395,-12.536034],[-71.169703,-12.530857],[-71.16679,-12.526071],[-71.166873,-12.524015],[-71.169453,-12.5227],[-71.169547,-12.520719],[-71.167351,-12.516378],[-71.164411,-12.516139],[-71.161262,-12.513419],[-71.159777,-12.507305],[-71.155866,-12.504508],[-71.15657,-12.501144],[-71.153957,-12.5],[-71.150601,-12.496043],[-71.150474,-12.491578]],[[-71.226941,-12.600272],[-71.216927,-12.586818],[-71.21728,-12.583728],[-71.213492,-12.57803],[-71.212178,-12.570979],[-71.207745,-12.569054],[-71.202126,-12.563204],[-71.199679,-12.556899],[-71.195285,-12.554747],[-71.196177,-12.552593],[-71.201854,-12.552816],[-71.202845,-12.551301],[-71.201153,-12.548158],[-71.197797,-12.547712],[-71.195795,-12.54632],[-71.19634,-12.541203],[-71.192934,-12.538593],[-71.194734,-12.53585],[-71.194698,-12.533841],[-71.191636,-12.530039],[-71.189695,-12.531336],[-71.187882,-12.530746],[-71.183163,-12.524091],[-71.17856,-12.524215],[-71.177097,-12.521209],[-71.173294,-12.517406],[-71.169563,-12.510709],[-71.168881,-12.50502]],[[-71.174907,-12.535994],[-71.173724,-12.527909],[-71.174734,-12.521112],[-71.172021,-12.517544],[-71.171199,-12.513805],[-71.168596,-12.510802],[-71.168862,-12.506867],[-71.166983,-12.5]],[[-71.174838,-12.536714],[-71.174431,-12.540143],[-71.168684,-12.535577],[-71.170719,-12.530955]],[[-71.174211,-12.534797],[-71.170719,-12.530955]],[[-71.170719,-12.530955],[-71.169713,-12.529471]],[[-71.169713,-12.529471],[-71.167889,-12.527813],[-71.167164,-12.525179],[-71.167642,-12.523889],[-71.170125,-12.522344],[-71.172062,-12.526006],[-71.169713,-12.529471]],[[-71.16909,-12.504328],[-71.17105,-12.5],[-71.170733,-12.496418],[-71.169321,-12.493789],[-71.1666,-12.492663]],[[-71.168364,-12.50116],[-71.166266,-12.49504],[-71.1666,-12.492663]],[[-71.1666,-12.492663],[-71.165361,-12.489346],[-71.162858,-12.487172],[-71.158484,-12.488115]],[[-71.158484,-12.488115],[-71.155995,-12.484122],[-71.151936,-12.48242]],[[-71.158484,-12.488115],[-71.157904,-12.488287],[-71.154638,-12.487297],[-71.151936,-12.48242]],[[-71.151936,-12.48242],[-71.149479,-12.478593]],[[-71.150668,-12.489592],[-71.147912,-12.485633],[-71.146737,-12.485286]],[[-71.150668,-12.489592],[-71.150457,-12.487683],[-71.148104,-12.484413],[-71.143645,-12.48184],[-71.143785,-12.483036]],[[-71.150474,-12.491578],[-71.150668,-12.489592]],[[-71.150474,-12.491578],[-71.146946,-12.487166],[-71.146737,-12.485286]],[[-71.149479,-12.478593],[-71.14459,-12.478024],[-71.141647,-12.475909],[-71.139606,-12.472028],[-71.135331,-12.467592],[-71.134432,-12.463829],[-71.132191,-12.462532],[-71.133444,-12.456499],[-71.133177,-12.452926]],[[-71.149479,-12.478593],[-71.147338,-12.47074],[-71.144476,-12.468082],[-71.139484,-12.466046],[-71.136168,-12.455884],[-71.133177,-12.452926]],[[-71.146737,-12.485286],[-71.143785,-12.483036]],[[-71.143785,-12.483036],[-71.139875,-12.480487]],[[-71.139875,-12.480487],[-71.138689,-12.476012],[-71.137256,-12.474333],[-71.133464,-12.471632],[-71.129733,-12.470808],[-71.126634,-12.468021]],[[-71.139875,-12.480487],[-71.138688,-12.480511],[-71.136966,-12.479426],[-71.133175,-12.474392]],[[-71.133177,-12.452926],[-71.133118,-12.45225]],[[-71.133118,-12.45225],[-71.131861,-12.449602],[-71.128635,-12.450426],[-71.127115,-12.449819],[-71.125656,-12.441987],[-71.122854,-12.438317],[-71.115705,-12.434645],[-71.112148,-12.430454],[-71.108602,-12.43029],[-71.105852,-12.429015],[-71.104483,-12.42776],[-71.104801,-12.42614],[-71.103374,-12.424398],[-71.095125,-12.420596],[-71.092335,-12.414234],[-71.090617,-12.404244],[-71.089023,-12.401671],[-71.087059,-12.401236],[-71.083631,-12.403741],[-71.082464,-12.403655],[-71.078343,-12.393606],[-71.072886,-12.392669],[-71.066632,-12.388549],[-71.060677,-12.387879],[-71.057904,-12.386464],[-71.053257,-12.375132],[-71.048939,-12.373285],[-71.03905,-12.365293],[-71.038589,-12.355213],[-71.037156,-12.352018],[-71.037676,-12.348155],[-71.036663,-12.34647],[-71.034106,-12.346052],[-71.031457,-12.348904],[-71.029683,-12.349418],[-71.026458,-12.347008],[-71.017656,-12.344916],[-71.012841,-12.345449],[-71.009312,-12.344332],[-71.004573,-12.345465],[-71.002921,-12.341349],[-71.000003,-12.340345]],[[-71.133118,-12.45225],[-71.13711,-12.456463],[-71.138118,-12.455734],[-71.137689,-12.450272],[-71.13333,-12.449342],[-71.13147,-12.443868],[-71.127028,-12.44367],[-71.125048,-12.436948],[-71.121542,-12.435415],[-71.121164,-12.434297],[-71.122987,-12.433133],[-71.122809,-12.432014],[-71.116797,-12.43062],[-71.114235,-12.429039],[-71.112148,-12.424721]],[[-71.133175,-12.474392],[-71.129743,-12.473058]],[[-71.133175,-12.474392],[-71.131955,-12.472849],[-71.129743,-12.473058]],[[-71.129743,-12.473058],[-71.126634,-12.468021]],[[-71.126634,-12.468021],[-71.123026,-12.462237],[-71.116843,-12.456519],[-71.118063,-12.450914],[-71.113728,-12.443004],[-71.112455,-12.442052],[-71.109649,-12.442159],[-71.106747,-12.439898],[-71.10046,-12.432258],[-71.098241,-12.426189],[-71.09528,-12.425028],[-71.091429,-12.42],[-71.085207,-12.417588],[-71.079894,-12.410547],[-71.074591,-12.408165],[-71.070239,-12.403137],[-71.066273,-12.403288],[-71.063097,-12.401291],[-71.060678,-12.403705],[-71.058102,-12.402433]],[[-71.047017,-12.389118],[-71.045908,-12.38429]],[[-71.045908,-12.38429],[-71.044329,-12.381165],[-71.044448,-12.378075],[-71.039581,-12.368765]],[[-71.045908,-12.38429],[-71.048669,-12.378708],[-71.048451,-12.376164],[-71.045515,-12.372698],[-71.039581,-12.368765]],[[-71.039581,-12.368765],[-71.035582,-12.364189],[-71.025916,-12.362846],[-71.023922,-12.361288],[-71.021206,-12.361151],[-71.019037,-12.359299],[-71.017088,-12.36123],[-71.014344,-12.361752]],[[-70.985966,-12.326008],[-70.978712,-12.32175],[-70.979166,-12.320171],[-70.977816,-12.318658],[-70.973662,-12.318508],[-70.973679,-12.315427],[-70.972864,-12.314969],[-70.971242,-12.315242],[-70.970254,-12.317602],[-70.967807,-12.316973],[-70.966793,-12.318042],[-70.967171,-12.313134],[-70.963517,-12.312838],[-70.961735,-12.311387],[-70.961758,-12.310331],[-70.958559,-12.309044],[-70.956593,-12.30705]],[[-70.872455,-12.282333],[-70.873664,-12.280789],[-70.873612,-12.278291],[-70.870708,-12.270798],[-70.860488,-12.267893],[-70.856376,-12.265704],[-70.853039,-12.266094],[-70.848581,-12.26818]],[[-70.736141,-12.332173],[-70.731767,-12.331696],[-70.72243,-12.338883],[-70.719784,-12.34208],[-70.717484,-12.346864],[-70.71725,-12.349968],[-70.717949,-12.353119],[-70.720335,-12.356787]],[[-70.536943,-12.5],[-70.534642,-12.503798],[-70.532863,-12.504756],[-70.531172,-12.504566],[-70.528514,-12.501889],[-70.526755,-12.502833],[-70.527763,-12.508837],[-70.531763,-12.511812],[-70.530439,-12.518993],[-70.532367,-12.522185],[-70.533497,-12.527116],[-70.532253,-12.530424],[-70.528149,-12.534465],[-70.525293,-12.542156],[-70.523225,-12.543729],[-70.518479,-12.544968],[-70.511833,-12.54486],[-70.511908,-12.543213],[-70.504548,-12.537719],[-70.498852,-12.535627],[-70.495759,-12.535841],[-70.493246,-12.537704],[-70.491095,-12.541623],[-70.495665,-12.554388],[-70.490513,-12.556091],[-70.481488,-12.554333],[-70.47514,-12.554206],[-70.472235,-12.555812],[-70.468282,-12.56115],[-70.46612,-12.562007],[-70.462008,-12.560535],[-70.458571,-12.546209],[-70.456377,-12.544966],[-70.4524,-12.545292],[-70.449375,-12.548058],[-70.449073,-12.549824],[-70.455765,-12.566073],[-70.455845,-12.569051],[-70.453976,-12.571987],[-70.449741,-12.574029],[-70.44402,-12.573574],[-70.439815,-12.571525],[-70.432276,-12.563803],[-70.429135,-12.562906],[-70.425943,-12.563741],[-70.424037,-12.565979],[-70.424145,-12.571285],[-70.427382,-12.577637],[-70.431984,-12.58091],[-70.432088,-12.58493],[-70.428002,-12.586158],[-70.416937,-12.583804],[-70.414174,-12.581544],[-70.409769,-12.580969],[-70.394433,-12.585289],[-70.393216,-12.587386],[-70.392425,-12.592537],[-70.39357,-12.595442],[-70.400537,-12.600314],[-70.40146,-12.603221],[-70.398508,-12.606754],[-70.390349,-12.612709],[-70.385781,-12.613518],[-70.3828,-12.611813],[-70.38049,-12.607334],[-70.379764,-12.599742],[-70.378218,-12.595709],[-70.374352,-12.592286],[-70.369133,-12.592276],[-70.361915,-12.596129],[-70.357667,-12.601716],[-70.357928,-12.607196],[-70.360865,-12.612891],[-70.361468,-12.616761],[-70.361596,-12.619282],[-70.360331,-12.621915],[-70.355549,-12.619199],[-70.353819,-12.616248],[-70.347598,-12.610674],[-70.340795,-12.608849],[-70.337111,-12.609337],[-70.332556,-12.611373],[-70.320562,-12.619171]],[[-70.431215,-12.581135],[-70.431015,-12.583063],[-70.429409,-12.584064],[-70.423461,-12.584265]],[[-70.427577,-12.576471],[-70.430343,-12.578507]],[[-70.417713,-12.583186],[-70.416705,-12.582606]],[[-70.39324,-12.590758],[-70.394198,-12.593586],[-70.400038,-12.599422]],[[-70.388513,-12.612774],[-70.385819,-12.612517],[-70.381922,-12.609129]],[[-70.379188,-12.60069],[-70.374948,-12.595512],[-70.370802,-12.593502],[-70.368195,-12.593344]],[[-70.359126,-12.60092],[-70.359491,-12.606692],[-70.361217,-12.61219]],[[-70.3608,-12.619003],[-70.359206,-12.619562],[-70.356034,-12.61835]],[[-70.35105,-12.614634],[-70.345043,-12.610482]],[[-70.279781,-12.604889],[-70.271294,-12.604872],[-70.26842,-12.605794],[-70.263693,-12.609195],[-70.261539,-12.612122],[-70.25868,-12.62156],[-70.257074,-12.623852],[-70.255596,-12.62438],[-70.253117,-12.623023],[-70.251841,-12.619951],[-70.25463,-12.611051],[-70.25388,-12.606968],[-70.249681,-12.601523],[-70.244734,-12.599144],[-70.238153,-12.600339],[-70.228389,-12.605721],[-70.224996,-12.610008],[-70.222844,-12.618488],[-70.22045,-12.620706],[-70.215715,-12.621038],[-70.207187,-12.611472],[-70.201349,-12.609099],[-70.196977,-12.609871],[-70.189651,-12.614469],[-70.18443,-12.614875],[-70.182366,-12.612968],[-70.182262,-12.608502],[-70.18333,-12.606922],[-70.186785,-12.605131],[-70.1972,-12.605895],[-70.2058,-12.609192],[-70.209643,-12.609406],[-70.215247,-12.606778],[-70.218264,-12.601447],[-70.217843,-12.597185],[-70.215744,-12.593976],[-70.208874,-12.587744],[-70.196815,-12.581993],[-70.193808,-12.576613],[-70.189436,-12.572173]],[[-70.059356,-12.577968],[-70.05543,-12.578266],[-70.052928,-12.57973],[-70.046983,-12.585767]],[[-69.900978,-12.63754],[-69.905898,-12.637244],[-69.912057,-12.635467]],[[-69.676776,-12.703385],[-69.675492,-12.704719],[-69.675809,-12.708184],[-69.664598,-12.706633],[-69.659891,-12.70906],[-69.653505,-12.720378]],[[-69.49201,-12.641582],[-69.48457,-12.636701],[-69.480888,-12.637528],[-69.479052,-12.636674],[-69.472911,-12.63012],[-69.468752,-12.620887],[-69.466372,-12.619961],[-69.463532,-12.615836],[-69.454007,-12.609359],[-69.451189,-12.608495],[-69.447826,-12.608918],[-69.444156,-12.605971],[-69.435971,-12.603966],[-69.422053,-12.596894],[-69.418944,-12.59662],[-69.409427,-12.599145],[-69.403374,-12.598436],[-69.39937,-12.596714],[-69.39484,-12.592878],[-69.38884,-12.580981],[-69.380951,-12.573732],[-69.376557,-12.56761],[-69.367704,-12.561194],[-69.365015,-12.557844],[-69.365155,-12.555011],[-69.369096,-12.551139],[-69.376014,-12.546463],[-69.383423,-12.538965],[-69.392548,-12.534662],[-69.401902,-12.532611],[-69.405074,-12.53104],[-69.407162,-12.528498],[-69.407721,-12.522268],[-69.401527,-12.516761],[-69.385283,-12.515373],[-69.373029,-12.50846],[-69.371365,-12.509475],[-69.369739,-12.515681],[-69.366081,-12.523779],[-69.35611,-12.531138],[-69.348683,-12.541166],[-69.347416,-12.547597],[-69.348384,-12.554606],[-69.353098,-12.567159],[-69.351466,-12.572037],[-69.344533,-12.579705],[-69.338745,-12.583328],[-69.339395,-12.585907],[-69.336379,-12.588968],[-69.326599,-12.591094],[-69.325763,-12.589915],[-69.329852,-12.587996],[-69.335567,-12.587504],[-69.335386,-12.585352],[-69.337317,-12.583904],[-69.331993,-12.583281],[-69.324373,-12.58014],[-69.320432,-12.577403],[-69.311305,-12.578592],[-69.305728,-12.581955],[-69.306291,-12.582998],[-69.291611,-12.591091],[-69.281643,-12.599115],[-69.27656,-12.600947],[-69.269621,-12.597323],[-69.266932,-12.58733],[-69.263003,-12.583128],[-69.259696,-12.574727],[-69.257193,-12.573435],[-69.251181,-12.572849],[-69.24774,-12.573614],[-69.238841,-12.578286],[-69.216262,-12.584506],[-69.208378,-12.581974],[-69.205265,-12.578906],[-69.204107,-12.574742],[-69.20606,-12.560677],[-69.208895,-12.557002],[-69.215529,-12.551355],[-69.229114,-12.545627],[-69.23146,-12.543774],[-69.232497,-12.541346],[-69.231926,-12.53865],[-69.230268,-12.536852],[-69.219274,-12.53416],[-69.213971,-12.530251],[-69.212058,-12.518935],[-69.215532,-12.503849],[-69.215147,-12.5]],[[-69.350745,-12.571681],[-69.350742,-12.571685]],[[-69.34519,-12.57785],[-69.336888,-12.580955],[-69.337091,-12.581753],[-69.339251,-12.58214]],[[-69.34014,-12.583303],[-69.340034,-12.584224]],[[-69.337362,-12.585139],[-69.338544,-12.584386]],[[-69.338239,-12.582803],[-69.326852,-12.577744],[-69.321177,-12.57695]],[[-69.331982,-12.5883],[-69.3329,-12.588269]],[[-69.326973,-12.590225],[-69.327389,-12.58987]],[[-69.320421,-12.57668],[-69.31801,-12.576362],[-69.314499,-12.577524]],[[-69.309666,-12.580008],[-69.306936,-12.582648]],[[-69.221239,-12.5],[-69.219029,-12.494184],[-69.21519,-12.491615],[-69.198644,-12.489775],[-69.187271,-12.484574],[-69.180962,-12.483345],[-69.174836,-12.484404],[-69.167054,-12.489272],[-69.162367,-12.49394],[-69.160659,-12.5]],[[-69.165003,-12.5],[-69.171591,-12.514317],[-69.168365,-12.519812],[-69.167048,-12.527111],[-69.166566,-12.535075],[-69.167459,-12.543865],[-69.165528,-12.558379],[-69.168618,-12.56274],[-69.17824,-12.561956],[-69.185617,-12.564259],[-69.187575,-12.566673],[-69.190249,-12.574499],[-69.188564,-12.580523],[-69.185455,-12.584482],[-69.168285,-12.596197]],[[-69.121784,-12.601164],[-69.093578,-12.603258],[-69.082547,-12.60184],[-69.077298,-12.599594],[-69.07131,-12.593159],[-69.059921,-12.554693],[-69.056107,-12.547383],[-69.051224,-12.541715],[-69.033187,-12.528709],[-69.022819,-12.523271],[-69.011802,-12.514243],[-69.00186,-12.508395],[-68.996325,-12.506081],[-68.991189,-12.505186],[-68.98594,-12.506382],[-68.980612,-12.51029]],[[-69.079266,-12.605842],[-69.07505,-12.604059],[-69.068706,-12.596512],[-69.064416,-12.590335],[-69.060763,-12.578166],[-69.049701,-12.567302],[-69.048385,-12.563169],[-69.049245,-12.552224],[-69.047335,-12.546453],[-69.045258,-12.543629],[-69.039303,-12.539099],[-69.01514,-12.524967],[-69.008152,-12.523159],[-69.002098,-12.525117],[-69.0,-12.524856]],[[-68.999283,-12.524693],[-68.994441,-12.52267],[-68.990221,-12.518883],[-68.98687,-12.518168],[-68.978349,-12.518758],[-68.97171,-12.521814]],[[-68.981992,-12.5],[-68.980173,-12.501693],[-68.980346,-12.509524]],[[-68.98014,-12.510845],[-68.977472,-12.513047],[-68.961557,-12.521266],[-68.953419,-12.529747],[-68.948958,-12.532005],[-68.941,-12.532255],[-68.923141,-12.525825],[-68.913035,-12.526407],[-68.900842,-12.530296],[-68.895377,-12.52984],[-68.8922,-12.527668],[-68.887949,-12.520756],[-68.878439,-12.49863],[-68.873111,-12.481583],[-68.86637,-12.474502],[-68.862962,-12.472607]],[[-68.97171,-12.521814],[-68.971926,-12.523446],[-68.969767,-12.52517],[-68.967372,-12.524936]],[[-68.97171,-12.521814],[-68.967372,-12.524936]],[[-68.967372,-12.524936],[-68.953177,-12.536555],[-68.944713,-12.540591],[-68.933826,-12.5434]],[[-68.928665,-12.553035],[-68.934858,-12.54696],[-68.935208,-12.545554],[-68.933826,-12.5434]],[[-68.933826,-12.5434],[-68.92896,-12.542668],[-68.924622,-12.540677],[-68.917798,-12.53286],[-68.915343,-12.531681],[-68.89914,-12.535393],[-68.892252,-12.533491],[-68.884891,-12.523339],[-68.875878,-12.507025],[-68.870683,-12.500508]],[[-68.870159,-12.5],[-68.865321,-12.491141],[-68.862652,-12.482736],[-68.859564,-12.480275],[-68.853724,-12.479213],[-68.849526,-12.480827],[-68.840675,-12.490251],[-68.8316,-12.497464],[-68.830283,-12.5]],[[-68.86225,-12.472427],[-68.852708,-12.475115],[-68.848734,-12.477612],[-68.841639,-12.48409],[-68.831572,-12.490842],[-68.820749,-12.5]],[[-68.820292,-12.500566],[-68.817155,-12.502274],[-68.803816,-12.505701],[-68.795456,-12.509289],[-68.788939,-12.510321],[-68.779967,-12.507313],[-68.769083,-12.5]],[[-68.814239,-12.515969],[-68.809335,-12.517237],[-68.801507,-12.51706],[-68.795177,-12.516545],[-68.784661,-12.513792]],[[-68.783944,-12.513627],[-68.775154,-12.509701],[-68.762764,-12.500619]],[[-68.77893,-12.400822],[-68.778889,-12.399932],[-68.777198,-12.399638],[-68.774747,-12.400937],[-68.769092,-12.4087],[-68.767202,-12.425931],[-68.767408,-12.426992],[-68.768797,-12.427497],[-68.768662,-12.429653],[-68.76202,-12.436229],[-68.76048,-12.441142],[-68.758485,-12.443803],[-68.754989,-12.446087],[-68.74553,-12.44575],[-68.739328,-12.448756],[-68.735645,-12.451777],[-68.729847,-12.460258],[-68.724406,-12.466178],[-68.709216,-12.473912],[-68.702457,-12.478355],[-68.678175,-12.486429],[-68.668077,-12.487026],[-68.658437,-12.48994]],[[-68.762385,-12.5],[-68.756224,-12.493608],[-68.751903,-12.484608],[-68.751356,-12.473901],[-68.75567,-12.45717],[-68.753356,-12.452399],[-68.748403,-12.45077],[-68.736246,-12.455773],[-68.727716,-12.468127],[-68.737816,-12.460049],[-68.741045,-12.45875],[-68.742319,-12.458702],[-68.742403,-12.459422],[-68.7096,-12.482209],[-68.687473,-12.492053],[-68.675972,-12.495004],[-68.665596,-12.5]],[[-68.691661,-12.556584],[-68.67601,-12.55371],[-68.674494,-12.552462],[-68.67403,-12.548715]],[[-68.679641,-12.528712],[-68.680463,-12.528266]],[[-68.680093,-12.523823],[-68.677736,-12.522384],[-68.673316,-12.524378]],[[-68.674682,-12.532068],[-68.674877,-12.531297]],[[-68.669849,-12.524662],[-68.665459,-12.523612],[-68.66324,-12.524207],[-68.660544,-12.529914],[-68.660865,-12.534526],[-68.65892,-12.535786]],[[-68.657887,-12.521907],[-68.660737,-12.520092],[-68.660598,-12.518071],[-68.658228,-12.513775],[-68.653404,-12.509743],[-68.652831,-12.502859],[-68.653666,-12.50204],[-68.660146,-12.502066],[-68.66494,-12.500328]],[[-68.656922,-12.535388],[-68.655637,-12.533997]],[[-68.655814,-12.524725],[-68.656164,-12.523901]],[[-70.945293,-12.320394],[-70.943096,-12.320192],[-70.942246,-12.318264],[-70.943092,-12.315113],[-70.941475,-12.314102],[-70.941674,-12.3113],[-70.940509,-12.311053],[-70.936675,-12.313651],[-70.931403,-12.311247],[-70.931611,-12.308828],[-70.935656,-12.304373],[-70.936297,-12.29896],[-70.933762,-12.295888],[-70.938876,-12.299415],[-70.943391,-12.299278],[-70.948695,-12.30107],[-70.952159,-12.30538],[-70.953458,-12.311404],[-70.953031,-12.313209],[-70.946531,-12.317556],[-70.945293,-12.320394]]]},"properties":{"id":"madre","nombre":"Río Madre de Dios","capas_trazado":["RIOS_PRINCIPALES","Hidrografia_mdd"],"fecha_trazado":null,"metadatos_RioPrin":[{"FUENTE":"Gobierno Regional Madre de Dios","FECREG":"2020-01-27","NOMRIO":"MADRE DE DIOS","CUENCA":"Alto Madre de Dios"}]}},{"type":"Feature","geometry":{"type":"MultiLineString","coordinates":[[[-69.650758,-13.339579],[-69.653049,-13.331751],[-69.652928,-13.327873],[-69.656949,-13.320826],[-69.65742,-13.317611],[-69.65398,-13.309582],[-69.649143,-13.304412],[-69.648519,-13.300576],[-69.652924,-13.29129],[-69.656912,-13.289685],[-69.658168,-13.285841],[-69.656812,-13.28294],[-69.653522,-13.280187],[-69.652997,-13.272588],[-69.648875,-13.26997]],[[-69.649194,-13.344398],[-69.649866,-13.34172]],[[-69.648875,-13.26997],[-69.648353,-13.269268]],[[-69.648875,-13.26997],[-69.647538,-13.270009],[-69.646829,-13.269936],[-69.644471,-13.268918],[-69.64006,-13.266022],[-69.639125,-13.263848],[-69.642789,-13.264278]],[[-69.648353,-13.269268],[-69.645991,-13.265903],[-69.642789,-13.264278]],[[-69.648353,-13.269268],[-69.649222,-13.26682],[-69.646976,-13.264999],[-69.649047,-13.259867],[-69.648846,-13.255646],[-69.647081,-13.252309],[-69.642404,-13.249508]],[[-69.642789,-13.264278],[-69.639481,-13.262311],[-69.639609,-13.258116],[-69.642404,-13.249508]],[[-69.642404,-13.249508],[-69.641986,-13.246777],[-69.63958,-13.243348],[-69.638243,-13.225868],[-69.635539,-13.221973],[-69.634337,-13.217204],[-69.633896,-13.206143],[-69.631837,-13.201295],[-69.633551,-13.197271],[-69.63345,-13.195134],[-69.623766,-13.178625],[-69.62288,-13.172933]],[[-69.640416,-13.340839],[-69.641436,-13.33925],[-69.64148,-13.336577],[-69.639688,-13.32502]],[[-69.639855,-13.324317],[-69.6421,-13.319665],[-69.638628,-13.315853],[-69.641688,-13.31],[-69.636297,-13.302511]],[[-69.638786,-13.325939],[-69.638249,-13.328302],[-69.635904,-13.3278],[-69.631434,-13.323581],[-69.627789,-13.322029],[-69.626492,-13.319826],[-69.626294,-13.316877],[-69.630484,-13.319187],[-69.632589,-13.319304],[-69.634351,-13.318255],[-69.636398,-13.31492],[-69.636803,-13.313657],[-69.634625,-13.310522],[-69.633574,-13.30544],[-69.636297,-13.302511]],[[-69.636297,-13.302511],[-69.633724,-13.295103],[-69.634628,-13.286299],[-69.632201,-13.271748],[-69.633366,-13.265733],[-69.630972,-13.262358],[-69.628107,-13.26204],[-69.623589,-13.2597],[-69.622365,-13.257017],[-69.622226,-13.252199],[-69.624274,-13.244976],[-69.628856,-13.238589],[-69.626634,-13.225073],[-69.630788,-13.212931],[-69.629761,-13.210574],[-69.624908,-13.210103],[-69.624484,-13.209285],[-69.62532,-13.203304],[-69.62201,-13.194048],[-69.621545,-13.185247],[-69.616949,-13.179888]],[[-69.622674,-13.172239],[-69.620466,-13.16756],[-69.617369,-13.164324],[-69.61595,-13.159978],[-69.616262,-13.157927],[-69.618075,-13.157883],[-69.618979,-13.155899],[-69.616908,-13.149412],[-69.614663,-13.146801],[-69.609168,-13.14309],[-69.6062,-13.137728],[-69.600113,-13.130844],[-69.599523,-13.128327],[-69.598533,-13.128595],[-69.59874,-13.123452],[-69.597303,-13.120776],[-69.59847,-13.116967]],[[-69.616949,-13.179888],[-69.614385,-13.179464],[-69.610834,-13.175814],[-69.610293,-13.168901],[-69.609233,-13.167023],[-69.609847,-13.164414],[-69.608718,-13.161349],[-69.608869,-13.154743]],[[-69.616949,-13.179888],[-69.616873,-13.174195],[-69.613887,-13.168746],[-69.613007,-13.160977],[-69.611094,-13.156651],[-69.608869,-13.154743]],[[-69.608869,-13.154743],[-69.6048,-13.151504],[-69.599321,-13.149842],[-69.590458,-13.141807],[-69.590569,-13.138233],[-69.593741,-13.133036],[-69.592115,-13.128818],[-69.591537,-13.121905],[-69.593214,-13.113992]],[[-69.599208,-13.115274],[-69.597683,-13.106004]],[[-69.599208,-13.115274],[-69.601492,-13.108221],[-69.600498,-13.106428],[-69.597683,-13.106004]],[[-69.59876,-13.116301],[-69.599208,-13.115274]],[[-69.597683,-13.106004],[-69.591069,-13.103487],[-69.586122,-13.103052]],[[-69.593214,-13.113992],[-69.590336,-13.112454]],[[-69.593214,-13.113992],[-69.593537,-13.110803],[-69.59172,-13.106572],[-69.584893,-13.105815]],[[-69.590336,-13.112454],[-69.584893,-13.105815]],[[-69.590336,-13.112454],[-69.582738,-13.112945],[-69.580197,-13.104193]],[[-69.588533,-13.091463],[-69.586916,-13.085248],[-69.580625,-13.079047],[-69.581269,-13.07588],[-69.580573,-13.073674],[-69.57897,-13.072025],[-69.573925,-13.070827],[-69.566003,-13.057075],[-69.563709,-13.054937],[-69.561288,-13.047503],[-69.554326,-13.041181],[-69.553506,-13.036154],[-69.551972,-13.035832],[-69.550597,-13.037575],[-69.547887,-13.034985],[-69.545814,-13.030802],[-69.543876,-13.030016],[-69.539618,-13.032455],[-69.537639,-13.037013],[-69.53356,-13.036406],[-69.52959,-13.029284],[-69.522985,-13.024351],[-69.519751,-13.018316],[-69.516904,-13.01526],[-69.513325,-13.01501],[-69.510982,-13.016115],[-69.509134,-13.018669],[-69.507608,-13.018697],[-69.504076,-13.011734],[-69.503454,-13.00939],[-69.504852,-13.008309],[-69.504059,-13.006085],[-69.503565,-13.008467],[-69.501316,-13.006595],[-69.5,-13.003884]],[[-69.586122,-13.103052],[-69.582907,-13.101992],[-69.581882,-13.100701],[-69.582168,-13.099568],[-69.582865,-13.099007],[-69.586122,-13.103052]],[[-69.584893,-13.105815],[-69.580197,-13.104193]],[[-69.580197,-13.104193],[-69.575391,-13.095514],[-69.570749,-13.097242],[-69.566891,-13.095925],[-69.564795,-13.086882],[-69.558953,-13.086801],[-69.556856,-13.079315],[-69.554107,-13.079642],[-69.550244,-13.07796],[-69.548515,-13.072657],[-69.549776,-13.070031],[-69.547687,-13.060845],[-69.544504,-13.059494],[-69.542457,-13.060979],[-69.537754,-13.060942],[-69.534135,-13.059357],[-69.533412,-13.057393],[-69.53405,-13.054294],[-69.537554,-13.050171]],[[-69.537554,-13.050171],[-69.536387,-13.048625],[-69.532942,-13.047755],[-69.528771,-13.042132],[-69.518518,-13.035835],[-69.516847,-13.033603],[-69.519953,-13.032207],[-69.519457,-13.028403],[-69.520673,-13.028182],[-69.526462,-13.030841],[-69.532315,-13.04037],[-69.538421,-13.043515],[-69.539453,-13.047892],[-69.537554,-13.050171]],[[-69.526312,-12.913628],[-69.524169,-12.914739],[-69.522484,-12.912237],[-69.519102,-12.912602],[-69.51756,-12.911712]],[[-69.505207,-12.968851],[-69.513169,-12.962437],[-69.517793,-12.961223],[-69.519509,-12.962575],[-69.521125,-12.962374],[-69.527848,-12.957078],[-69.530653,-12.950724],[-69.530248,-12.948043],[-69.524642,-12.938315]],[[-69.51756,-12.911712],[-69.519823,-12.903335],[-69.518829,-12.895354]],[[-69.51863,-12.894658],[-69.515052,-12.886863],[-69.505298,-12.878256],[-69.503228,-12.870911]],[[-69.514585,-12.916725],[-69.515453,-12.913911],[-69.51756,-12.911712]],[[-69.508258,-12.953888],[-69.511829,-12.958608],[-69.515056,-12.957467]],[[-69.511919,-12.914764],[-69.51213,-12.912384],[-69.518227,-12.899953],[-69.517757,-12.896737],[-69.514633,-12.889951],[-69.509442,-12.884357],[-69.503812,-12.880468],[-69.498679,-12.870806],[-69.489215,-12.866479],[-69.485174,-12.862002],[-69.467956,-12.853889],[-69.461945,-12.850112],[-69.458812,-12.849364],[-69.458465,-12.851698],[-69.457469,-12.84924],[-69.450011,-12.848234],[-69.447037,-12.846788],[-69.443418,-12.841225],[-69.442394,-12.836329],[-69.442555,-12.83295],[-69.445327,-12.82779],[-69.445886,-12.824648],[-69.442183,-12.821437],[-69.43919,-12.821137],[-69.436547,-12.822574],[-69.432104,-12.830929],[-69.426,-12.834528],[-69.423819,-12.837057],[-69.424078,-12.840173],[-69.430152,-12.850212],[-69.431307,-12.855348],[-69.426852,-12.865159],[-69.420288,-12.872728]],[[-69.509514,-12.871154],[-69.504125,-12.871177]],[[-69.50279,-12.87033],[-69.501405,-12.868917],[-69.491121,-12.865845],[-69.483827,-12.858418]],[[-69.5,-13.039873],[-69.503064,-13.039022],[-69.504472,-13.03656],[-69.504112,-13.035392],[-69.501752,-13.034056],[-69.502183,-13.032073],[-69.503038,-13.031443],[-69.505754,-13.031969],[-69.506144,-13.030557],[-69.505601,-13.027733],[-69.5,-13.018679]],[[-69.49498,-13.0],[-69.49564,-12.993725],[-69.494188,-12.988814],[-69.497829,-12.979781],[-69.49917,-12.979273],[-69.49713,-12.975634],[-69.498024,-12.969487],[-69.499809,-12.965272],[-69.497681,-12.961309]],[[-69.480385,-12.950735],[-69.482082,-12.948495],[-69.485038,-12.946909]],[[-69.483214,-12.858017],[-69.471184,-12.853748],[-69.461264,-12.848309],[-69.451375,-12.846827],[-69.447231,-12.844311],[-69.444227,-12.83848],[-69.443848,-12.835278],[-69.44756,-12.827084],[-69.447728,-12.824101]],[[-69.430477,-12.828786],[-69.422734,-12.835117],[-69.42207,-12.836687],[-69.423508,-12.843511],[-69.429323,-12.852422],[-69.429808,-12.855244],[-69.425301,-12.865012],[-69.420071,-12.870495],[-69.415706,-12.873351],[-69.413955,-12.872194],[-69.413134,-12.864021],[-69.408317,-12.855279],[-69.408016,-12.839604],[-69.405017,-12.83053],[-69.400496,-12.825073],[-69.390943,-12.822875],[-69.381664,-12.818639],[-69.374133,-12.817568],[-69.370947,-12.82034],[-69.370774,-12.83708],[-69.366668,-12.849136],[-69.362542,-12.854049],[-69.360504,-12.853198],[-69.357666,-12.849011],[-69.351429,-12.83265],[-69.349392,-12.829891],[-69.342117,-12.826557],[-69.334732,-12.824544],[-69.321244,-12.817802],[-69.31648,-12.817593],[-69.313506,-12.81873],[-69.305627,-12.826744],[-69.30088,-12.833927],[-69.297582,-12.835639],[-69.292752,-12.830245],[-69.291771,-12.827372],[-69.291103,-12.820347],[-69.292433,-12.81394],[-69.295475,-12.810527],[-69.307429,-12.804686],[-69.313302,-12.799498],[-69.321569,-12.789441],[-69.322005,-12.787079],[-69.321235,-12.784966]],[[-69.414225,-12.87504],[-69.412845,-12.872985],[-69.409801,-12.860635],[-69.406942,-12.854961],[-69.406987,-12.841626],[-69.405901,-12.836505],[-69.402606,-12.828656],[-69.399932,-12.82614],[-69.392129,-12.825192],[-69.379536,-12.819482],[-69.372751,-12.8197],[-69.371886,-12.822137],[-69.37326,-12.831219],[-69.371673,-12.840135],[-69.366658,-12.852016],[-69.362083,-12.855735],[-69.360159,-12.855109],[-69.356513,-12.850491],[-69.348221,-12.830816],[-69.342004,-12.8279],[-69.333743,-12.826006],[-69.31982,-12.818967],[-69.316247,-12.819273],[-69.311316,-12.822508],[-69.302158,-12.834861],[-69.299566,-12.836962]],[[-69.274625,-12.782929],[-69.266033,-12.779233],[-69.253712,-12.777331],[-69.244963,-12.777709],[-69.239147,-12.778983],[-69.233784,-12.778406],[-69.230901,-12.777137],[-69.228785,-12.773834],[-69.227844,-12.769211],[-69.23008,-12.752318]],[[-69.242734,-12.637578],[-69.235378,-12.639997],[-69.230289,-12.642908]],[[-69.230101,-12.751596],[-69.229346,-12.736966],[-69.228425,-12.733742],[-69.22635,-12.730981],[-69.202555,-12.719824],[-69.193098,-12.719155],[-69.190536,-12.718209],[-69.18877,-12.716658],[-69.18681,-12.711337],[-69.187132,-12.708944],[-69.188672,-12.707059],[-69.195918,-12.70708],[-69.206932,-12.701163],[-69.218356,-12.700149],[-69.224027,-12.700909],[-69.224029,-12.702189],[-69.225483,-12.702044],[-69.232934,-12.696513],[-69.238456,-12.686638],[-69.239389,-12.682498],[-69.238817,-12.679641],[-69.221229,-12.667253],[-69.210497,-12.655011]],[[-69.226765,-12.771782],[-69.226239,-12.767205],[-69.228621,-12.749349],[-69.226435,-12.734155],[-69.222492,-12.730443],[-69.214548,-12.728292],[-69.202819,-12.721348],[-69.199459,-12.720424],[-69.193709,-12.721295],[-69.189232,-12.719411],[-69.185026,-12.714293],[-69.184889,-12.708558],[-69.185738,-12.706798],[-69.187764,-12.705598],[-69.197611,-12.70375],[-69.203009,-12.699333],[-69.215466,-12.697959],[-69.225792,-12.698558],[-69.229029,-12.697389],[-69.231476,-12.69531],[-69.235774,-12.688416],[-69.237392,-12.684259],[-69.237324,-12.681344],[-69.222812,-12.671574],[-69.210036,-12.657896],[-69.204863,-12.650842],[-69.201101,-12.648665],[-69.196115,-12.647794],[-69.192225,-12.648984],[-69.189932,-12.651753],[-69.188467,-12.657179],[-69.185064,-12.65909],[-69.178573,-12.659618],[-69.173554,-12.657422],[-69.169106,-12.65851]],[[-69.203805,-12.648126],[-69.199502,-12.646388],[-69.191915,-12.646499],[-69.189681,-12.647701],[-69.185925,-12.653245],[-69.182453,-12.656546],[-69.170899,-12.655495],[-69.159682,-12.66074],[-69.156064,-12.65885],[-69.155554,-12.657071],[-69.156408,-12.655095],[-69.162952,-12.647871],[-69.167201,-12.640967],[-69.184924,-12.628721],[-69.190077,-12.62295],[-69.191406,-12.620012],[-69.191076,-12.61349],[-69.185411,-12.60703],[-69.168285,-12.596197]],[[-69.181129,-12.695842],[-69.184468,-12.695805]],[[-69.168459,-12.658856],[-69.159735,-12.662956],[-69.154637,-12.660923],[-69.153125,-12.658537],[-69.154563,-12.654024],[-69.165037,-12.639339],[-69.179934,-12.630453],[-69.186248,-12.625028],[-69.189437,-12.619753],[-69.189395,-12.615967],[-69.186663,-12.611895],[-69.181824,-12.60744],[-69.164911,-12.59875],[-69.158748,-12.598934],[-69.147035,-12.603221],[-69.139298,-12.605008],[-69.137035,-12.604708]]]},"properties":{"id":"tambopata","nombre":"Río Tambopata","capas_trazado":["RIOS_PRINCIPALES","Hidrografia_mdd"],"fecha_trazado":null,"metadatos_RioPrin":[{"FUENTE":"Gobierno Regional Madre de Dios","FECREG":"2020-01-27","NOMRIO":"TAMBOPATA","CUENCA":"Tambopata"}]}},{"type":"Feature","geometry":{"type":"MultiLineString","coordinates":[[[-70.411698,-13.105933],[-70.411359,-13.098255],[-70.406519,-13.098724],[-70.405625,-13.097059]],[[-70.402845,-13.15359],[-70.395663,-13.142761],[-70.395093,-13.139745],[-70.390346,-13.133704],[-70.39178,-13.131424],[-70.394814,-13.131477],[-70.397861,-13.133168],[-70.404978,-13.14007],[-70.406993,-13.140594],[-70.411906,-13.139884],[-70.419496,-13.135611],[-70.419452,-13.132817],[-70.41688,-13.129706],[-70.413019,-13.127815],[-70.406648,-13.126902],[-70.40456,-13.123902],[-70.405161,-13.121376],[-70.404341,-13.115811],[-70.411053,-13.106754]],[[-70.404316,-13.156755],[-70.402546,-13.155091],[-70.402845,-13.15359]],[[-70.388781,-13.191412],[-70.38437,-13.186034],[-70.383854,-13.183694],[-70.3845,-13.1796],[-70.388935,-13.17403],[-70.386802,-13.168421],[-70.386917,-13.166184],[-70.390309,-13.162417],[-70.400264,-13.157485],[-70.401953,-13.153738],[-70.402845,-13.15359]],[[-70.393619,-13.067076],[-70.392621,-13.065213],[-70.392962,-13.061573],[-70.389907,-13.058235],[-70.387309,-13.050541]],[[-70.39258,-13.097938],[-70.391032,-13.089569],[-70.38692,-13.082434],[-70.385315,-13.081104],[-70.38171,-13.080805],[-70.378267,-13.078852],[-70.378605,-13.071736],[-70.37775,-13.066459],[-70.378761,-13.06355],[-70.377706,-13.061214]],[[-70.383948,-13.170772],[-70.385777,-13.163478],[-70.39661,-13.156951],[-70.400107,-13.152938],[-70.394624,-13.144363],[-70.389883,-13.140886],[-70.387507,-13.137886]],[[-70.385672,-13.048967],[-70.383912,-13.048081],[-70.382064,-13.045187],[-70.381994,-13.037446],[-70.378319,-13.034366],[-70.378123,-13.031153],[-70.370841,-13.022675]],[[-70.366538,-13.201766],[-70.366109,-13.199522],[-70.367329,-13.198406],[-70.375223,-13.198048],[-70.3832,-13.195167],[-70.38629,-13.193075],[-70.386845,-13.191608],[-70.384367,-13.188476],[-70.382581,-13.183758],[-70.382571,-13.180803],[-70.384676,-13.173593],[-70.38402,-13.171487]],[[-70.375789,-13.198663],[-70.382637,-13.195978]],[[-70.377039,-13.060216],[-70.375537,-13.056169],[-70.375483,-13.052282],[-70.373744,-13.048727],[-70.374418,-13.048382],[-70.375816,-13.050451],[-70.377387,-13.048742],[-70.37543,-13.038271],[-70.365984,-13.029166],[-70.363672,-13.027931],[-70.361475,-13.024682],[-70.355991,-13.022811],[-70.354035,-13.017339]],[[-70.370285,-13.0222],[-70.363747,-13.016257],[-70.361231,-13.010667],[-70.360614,-13.004345],[-70.363888,-13.0]],[[-70.369285,-13.199057],[-70.37099,-13.198988]],[[-70.366287,-12.94885],[-70.362487,-12.948573],[-70.358605,-12.944373],[-70.358191,-12.940614],[-70.359124,-12.935925],[-70.361445,-12.931324],[-70.358899,-12.92541],[-70.358287,-12.919833]],[[-70.363795,-13.20396],[-70.364012,-13.203937]],[[-70.360572,-12.920756],[-70.360689,-12.919196],[-70.357984,-12.918155],[-70.357269,-12.915371],[-70.358941,-12.905523],[-70.356065,-12.895816]],[[-70.357209,-13.208826],[-70.351985,-13.205271],[-70.3509,-13.203598],[-70.35127,-13.202039],[-70.354965,-13.201352],[-70.360795,-13.204267]],[[-70.360701,-13.212489],[-70.360396,-13.211658]],[[-70.3558,-12.895142],[-70.352391,-12.888889],[-70.34832,-12.884205],[-70.3423,-12.869334],[-70.336637,-12.86216],[-70.322379,-12.852702],[-70.314193,-12.848994],[-70.308515,-12.842663]],[[-70.352885,-13.20222],[-70.355729,-13.203343]],[[-70.352168,-13.203288],[-70.352348,-13.202537]],[[-70.350517,-12.998947],[-70.353175,-12.995639],[-70.353148,-12.988739],[-70.351752,-12.98245],[-70.348982,-12.977911],[-70.352407,-12.96965],[-70.347715,-12.948488],[-70.347477,-12.935014],[-70.348986,-12.92174],[-70.346513,-12.915604],[-70.338848,-12.909718],[-70.337028,-12.903187],[-70.337801,-12.899576],[-70.337518,-12.890622],[-70.336201,-12.88316],[-70.331633,-12.880657],[-70.328461,-12.875837],[-70.321874,-12.872435],[-70.32102,-12.870658],[-70.322096,-12.866426],[-70.318636,-12.862568],[-70.31244,-12.860052],[-70.309827,-12.860271],[-70.307909,-12.857213],[-70.302016,-12.856074],[-70.294989,-12.851552],[-70.291987,-12.847838],[-70.286476,-12.849143],[-70.280433,-12.843536],[-70.263281,-12.841979],[-70.25671,-12.836814],[-70.253411,-12.83781]],[[-70.307823,-12.842418],[-70.304447,-12.840936],[-70.297753,-12.834176],[-70.293379,-12.83482],[-70.288966,-12.833198],[-70.286683,-12.830912],[-70.287195,-12.828718],[-70.280598,-12.827105]],[[-70.280598,-12.827105],[-70.28136,-12.826273],[-70.280112,-12.824958],[-70.278985,-12.8197],[-70.274108,-12.819054],[-70.273109,-12.814426],[-70.270379,-12.811117],[-70.264176,-12.808573],[-70.262644,-12.803241],[-70.260659,-12.802684],[-70.257654,-12.803861],[-70.255098,-12.801181]],[[-70.280598,-12.827105],[-70.274694,-12.827843],[-70.271957,-12.826946],[-70.267252,-12.81781]],[[-70.267252,-12.81781],[-70.26855,-12.816061],[-70.267811,-12.812225],[-70.264595,-12.811832],[-70.260063,-12.809014],[-70.256807,-12.808999]],[[-70.267252,-12.81781],[-70.266299,-12.819418],[-70.265196,-12.815872],[-70.258592,-12.813319],[-70.256807,-12.808999]],[[-70.262031,-12.846856],[-70.260358,-12.843839],[-70.258486,-12.843993],[-70.255862,-12.842573],[-70.253411,-12.83781]],[[-70.256807,-12.808999],[-70.25484,-12.806045],[-70.255098,-12.801181]],[[-70.255098,-12.801181],[-70.254187,-12.798936],[-70.24666,-12.796031],[-70.243616,-12.798588],[-70.244048,-12.803803],[-70.243429,-12.805463],[-70.242245,-12.805815],[-70.22956,-12.801001],[-70.225368,-12.801863],[-70.221544,-12.801029],[-70.216966,-12.801819],[-70.212897,-12.799082],[-70.205252,-12.7971],[-70.202212,-12.793209],[-70.200598,-12.793589],[-70.190047,-12.789844],[-70.187116,-12.785113],[-70.183605,-12.782743],[-70.182258,-12.779645],[-70.181642,-12.781683],[-70.179138,-12.781781]],[[-70.253411,-12.83781],[-70.243929,-12.833176],[-70.240436,-12.832829],[-70.237517,-12.834376],[-70.23496,-12.834244]],[[-70.234245,-12.834065],[-70.231661,-12.832505],[-70.230372,-12.827598],[-70.223586,-12.824128],[-70.221146,-12.81989],[-70.22115,-12.815478],[-70.217479,-12.813319],[-70.2133,-12.815004],[-70.212199,-12.819215],[-70.210654,-12.819684],[-70.208263,-12.81838],[-70.207154,-12.810976],[-70.201936,-12.810474],[-70.195647,-12.805575],[-70.191881,-12.803816],[-70.189918,-12.803865],[-70.183056,-12.807056],[-70.179279,-12.805176],[-70.167798,-12.803458],[-70.159961,-12.800864],[-70.151337,-12.801091],[-70.150344,-12.801903]],[[-70.179138,-12.781781],[-70.178021,-12.78158],[-70.176686,-12.779508],[-70.172773,-12.779319],[-70.169709,-12.777121],[-70.169261,-12.775055],[-70.171954,-12.772899],[-70.166834,-12.772056]],[[-70.179138,-12.781781],[-70.176601,-12.785402],[-70.174048,-12.78314],[-70.169697,-12.781916],[-70.164584,-12.784118],[-70.160245,-12.784559],[-70.158209,-12.782475],[-70.159267,-12.7783],[-70.155152,-12.777372],[-70.150476,-12.781931],[-70.143107,-12.782615],[-70.141785,-12.781696],[-70.13753,-12.773496],[-70.134897,-12.771829]],[[-70.150378,-12.800742],[-70.149717,-12.799475],[-70.143822,-12.799934],[-70.139928,-12.797685],[-70.136684,-12.797126],[-70.132355,-12.791192],[-70.130788,-12.790314],[-70.117892,-12.79382],[-70.114149,-12.793753],[-70.111222,-12.792047],[-70.108126,-12.787352],[-70.106062,-12.786423],[-70.100964,-12.793577],[-70.097333,-12.795379],[-70.094395,-12.794627],[-70.092255,-12.791243],[-70.087169,-12.791326],[-70.076254,-12.798353],[-70.072209,-12.798273],[-70.070942,-12.799631],[-70.068705,-12.799845]],[[-70.136513,-12.770876],[-70.134897,-12.771829]],[[-70.134897,-12.771829],[-70.132747,-12.772511],[-70.12901,-12.776074],[-70.124525,-12.778578],[-70.122139,-12.777794],[-70.117737,-12.773971],[-70.119404,-12.77222],[-70.121823,-12.7717],[-70.117318,-12.772475],[-70.112896,-12.771184],[-70.107306,-12.775445],[-70.100836,-12.774785],[-70.090461,-12.779684],[-70.086746,-12.777207],[-70.078779,-12.7741],[-70.076085,-12.77461],[-70.06955,-12.778953],[-70.065693,-12.776041]],[[-70.068705,-12.799845],[-70.065738,-12.799303],[-70.063713,-12.803602],[-70.061685,-12.804353],[-70.060313,-12.80384],[-70.059061,-12.801232],[-70.053682,-12.799393],[-70.046167,-12.801383],[-70.043671,-12.801142],[-70.041409,-12.799489],[-70.040958,-12.795846]],[[-70.068705,-12.799845],[-70.070895,-12.798732],[-70.070627,-12.797137],[-70.065376,-12.796284],[-70.05613,-12.797511],[-70.047093,-12.796821],[-70.043787,-12.795411],[-70.038549,-12.790654],[-70.036897,-12.790551],[-70.040958,-12.795846]],[[-70.051425,-12.773738],[-70.052845,-12.769027],[-70.059904,-12.770329],[-70.060893,-12.770898],[-70.061073,-12.775732],[-70.061976,-12.776842],[-70.058135,-12.777734],[-70.054709,-12.774002],[-70.051425,-12.773738]],[[-70.051425,-12.773738],[-70.049489,-12.775075],[-70.04825,-12.778821],[-70.046767,-12.777112],[-70.047306,-12.772513],[-70.04579,-12.771653],[-70.042655,-12.772164],[-70.035802,-12.777826],[-70.033901,-12.778236],[-70.025378,-12.772989],[-70.019708,-12.772137],[-70.010771,-12.768267],[-70.007711,-12.764779],[-70.004499,-12.762885],[-70.003654,-12.760965],[-70.0,-12.759661],[-69.997523,-12.760337],[-69.995724,-12.7636],[-69.988586,-12.764765],[-69.986139,-12.766525],[-69.982222,-12.766621],[-69.977458,-12.76309],[-69.976506,-12.759868],[-69.97527,-12.75919],[-69.971913,-12.762508],[-69.967544,-12.762305],[-69.966525,-12.765711],[-69.964238,-12.767268],[-69.959975,-12.765434],[-69.94812,-12.766233],[-69.938798,-12.760866],[-69.931835,-12.759361],[-69.925658,-12.755253],[-69.922187,-12.755464],[-69.918777,-12.754278],[-69.914408,-12.757609],[-69.909751,-12.758342]],[[-70.040958,-12.795846],[-70.03639,-12.791579],[-70.029623,-12.791143],[-70.024103,-12.789629]],[[-70.02347,-12.789258],[-70.0197,-12.786175],[-70.014408,-12.785141],[-70.008778,-12.78163],[-70.005413,-12.784447],[-70.0,-12.785667]],[[-70.022634,-12.789609],[-70.021394,-12.793309],[-70.01743,-12.793347],[-70.013082,-12.797477],[-70.010635,-12.797468],[-70.008983,-12.795342],[-70.00435,-12.796451],[-70.003842,-12.795199],[-70.006409,-12.793013],[-70.002896,-12.791139],[-70.000249,-12.79244],[-70.000985,-12.795172],[-69.999859,-12.796877],[-69.991491,-12.798925],[-69.989956,-12.797729],[-69.989755,-12.791478],[-69.988719,-12.789796]],[[-69.999268,-12.78559],[-69.996993,-12.785288],[-69.994304,-12.787682],[-69.990555,-12.788437],[-69.988719,-12.789796]],[[-69.988719,-12.789796],[-69.987244,-12.789691],[-69.986475,-12.787997],[-69.984534,-12.78693],[-69.981091,-12.786391],[-69.977411,-12.790278],[-69.976768,-12.792225],[-69.974818,-12.792241],[-69.972454,-12.789744],[-69.969581,-12.78906],[-69.967786,-12.786477],[-69.965691,-12.785341],[-69.963864,-12.782012],[-69.958256,-12.779499],[-69.947159,-12.771358],[-69.934134,-12.765764],[-69.928471,-12.76629],[-69.924516,-12.76817],[-69.912287,-12.771335],[-69.902604,-12.775217],[-69.901047,-12.778593]],[[-69.909016,-12.758372],[-69.904937,-12.759995],[-69.901017,-12.760307],[-69.890963,-12.757825],[-69.88392,-12.757508],[-69.879684,-12.75904],[-69.875995,-12.762626],[-69.872655,-12.763257],[-69.869838,-12.762322],[-69.863405,-12.754531],[-69.857879,-12.751317],[-69.849723,-12.752044],[-69.845509,-12.753559],[-69.837707,-12.753049],[-69.8344,-12.751029],[-69.831104,-12.746857],[-69.821775,-12.743213],[-69.818556,-12.744028],[-69.817504,-12.748787],[-69.816376,-12.749142],[-69.813656,-12.744757],[-69.807187,-12.742268],[-69.804766,-12.743137],[-69.803769,-12.745703],[-69.802437,-12.746276],[-69.792321,-12.740496],[-69.780135,-12.737446],[-69.771292,-12.73726]],[[-69.854912,-12.763688],[-69.855026,-12.762828],[-69.857429,-12.762878],[-69.861838,-12.765489],[-69.86537,-12.764543],[-69.869474,-12.766265],[-69.880961,-12.766029],[-69.887079,-12.771324],[-69.898469,-12.775709],[-69.901115,-12.775961],[-69.900986,-12.778429],[-69.897802,-12.778907],[-69.895412,-12.777423],[-69.891835,-12.776826],[-69.884245,-12.779049],[-69.884055,-12.782843],[-69.87828,-12.781405],[-69.868004,-12.775869],[-69.859512,-12.769532],[-69.854912,-12.763688]],[[-69.854912,-12.763688],[-69.854817,-12.763734],[-69.854584,-12.763622],[-69.853622,-12.76275],[-69.852358,-12.762195],[-69.846583,-12.760953]],[[-69.849616,-12.765209],[-69.847275,-12.763203],[-69.846583,-12.760953]],[[-69.846583,-12.760953],[-69.836194,-12.759032],[-69.830344,-12.756345],[-69.821322,-12.756636],[-69.81282,-12.759444],[-69.805353,-12.760097],[-69.801584,-12.759287],[-69.797535,-12.755888],[-69.796215,-12.755775],[-69.79132,-12.7574],[-69.790001,-12.758876],[-69.784248,-12.752803],[-69.782724,-12.74969],[-69.780825,-12.748764],[-69.775163,-12.747941],[-69.768338,-12.74967],[-69.764103,-12.749677],[-69.762164,-12.74222],[-69.762299,-12.736147]],[[-69.77069,-12.737677],[-69.76723,-12.738533],[-69.764636,-12.737743],[-69.764379,-12.73018]],[[-69.770632,-12.736938],[-69.766026,-12.733485],[-69.764379,-12.73018]],[[-69.764379,-12.73018],[-69.759704,-12.721294]],[[-69.762299,-12.736147],[-69.757058,-12.730787]],[[-69.762299,-12.736147],[-69.759421,-12.725486],[-69.756792,-12.724132],[-69.754645,-12.726252],[-69.752488,-12.726342]],[[-69.759704,-12.721294],[-69.758291,-12.719645],[-69.759135,-12.717377]],[[-69.759704,-12.721294],[-69.759135,-12.717377]],[[-69.75915,-12.715863],[-69.759355,-12.711969],[-69.757638,-12.708449],[-69.755485,-12.711047],[-69.756204,-12.714636],[-69.757523,-12.715999]],[[-69.759135,-12.717377],[-69.75915,-12.715863]],[[-69.75915,-12.715863],[-69.757523,-12.715999]],[[-69.757523,-12.715999],[-69.755333,-12.71478],[-69.753388,-12.709382],[-69.748794,-12.708705]],[[-69.757058,-12.730787],[-69.752488,-12.726342]],[[-69.757058,-12.730787],[-69.753805,-12.734266],[-69.75191,-12.729881],[-69.744528,-12.723473],[-69.743136,-12.720224]],[[-69.752488,-12.726342],[-69.743381,-12.717423],[-69.742083,-12.71734],[-69.739581,-12.719142],[-69.740972,-12.720615],[-69.743136,-12.720224]],[[-69.743136,-12.720224],[-69.740366,-12.721172],[-69.736653,-12.71708],[-69.732485,-12.715432],[-69.721729,-12.716733],[-69.708844,-12.721761],[-69.704646,-12.722144],[-69.695852,-12.719242],[-69.683427,-12.719415],[-69.678576,-12.717635],[-69.672503,-12.713765],[-69.667775,-12.717788],[-69.656298,-12.724293],[-69.650938,-12.726888],[-69.647322,-12.727311],[-69.637982,-12.725453],[-69.635211,-12.723796],[-69.634416,-12.720322],[-69.635433,-12.715728],[-69.631392,-12.712631],[-69.622659,-12.71048],[-69.615031,-12.713399],[-69.608065,-12.714602]],[[-69.692829,-12.714692],[-69.70169,-12.7103],[-69.705866,-12.7108],[-69.71253,-12.7137],[-69.715739,-12.713682],[-69.721452,-12.707733],[-69.72622,-12.707196]],[[-69.692829,-12.714692],[-69.686628,-12.716736],[-69.683324,-12.716397],[-69.680488,-12.714986],[-69.677339,-12.710405],[-69.679575,-12.711642]],[[-69.679575,-12.711642],[-69.683236,-12.714782],[-69.692829,-12.714692]],[[-69.676776,-12.703385],[-69.676094,-12.705017],[-69.676705,-12.708472],[-69.679575,-12.711642]],[[-69.645337,-12.712522],[-69.642954,-12.707256],[-69.638902,-12.704138],[-69.635274,-12.702849],[-69.627297,-12.703819],[-69.612028,-12.709443],[-69.605775,-12.709148],[-69.606192,-12.707805],[-69.611448,-12.708515],[-69.61113,-12.707432],[-69.619271,-12.706175],[-69.618323,-12.705403],[-69.613072,-12.706705],[-69.607532,-12.706796],[-69.603056,-12.703979],[-69.603705,-12.701164],[-69.601739,-12.69745],[-69.602174,-12.694158],[-69.604258,-12.68789],[-69.60871,-12.683531],[-69.609574,-12.678874],[-69.608755,-12.675717],[-69.604462,-12.672143],[-69.60063,-12.672324],[-69.596534,-12.674075],[-69.58795,-12.67284],[-69.584636,-12.67083]],[[-69.645337,-12.712522],[-69.644155,-12.716822],[-69.644477,-12.721996],[-69.64661,-12.723251],[-69.648856,-12.723214],[-69.653505,-12.720378],[-69.651702,-12.722514],[-69.648315,-12.724194],[-69.643775,-12.723938],[-69.64283,-12.721992],[-69.643277,-12.716118],[-69.645337,-12.712522]],[[-69.608065,-12.714602],[-69.605172,-12.715162],[-69.603642,-12.717136],[-69.605532,-12.723251],[-69.606923,-12.723568]],[[-69.608065,-12.714602],[-69.606286,-12.721372],[-69.606923,-12.723568]],[[-69.606923,-12.723568],[-69.6101,-12.726182],[-69.611294,-12.72961],[-69.607651,-12.73561]],[[-69.605814,-12.740201],[-69.608133,-12.737129],[-69.607651,-12.73561]],[[-69.607651,-12.73561],[-69.604328,-12.735314],[-69.602052,-12.733621],[-69.593509,-12.735251],[-69.589042,-12.732327],[-69.584946,-12.724324],[-69.589634,-12.719041],[-69.591513,-12.714248],[-69.591484,-12.711568],[-69.589568,-12.708843],[-69.58363,-12.706726],[-69.572376,-12.708151],[-69.570031,-12.706663],[-69.567978,-12.70342],[-69.567275,-12.698358],[-69.569422,-12.691992],[-69.569218,-12.689153],[-69.566981,-12.686135],[-69.561717,-12.686336],[-69.559167,-12.683697],[-69.558178,-12.681488],[-69.557638,-12.671252],[-69.568219,-12.655983],[-69.568403,-12.652823],[-69.566838,-12.650813],[-69.561831,-12.64831],[-69.552911,-12.647811],[-69.537979,-12.63896],[-69.532752,-12.63699],[-69.532386,-12.635284],[-69.529743,-12.63565],[-69.528735,-12.637122],[-69.530824,-12.637931],[-69.530609,-12.638891],[-69.533788,-12.641384],[-69.535749,-12.647399],[-69.532355,-12.657049],[-69.534359,-12.660744],[-69.536344,-12.662018],[-69.539168,-12.662183],[-69.541784,-12.660293],[-69.541798,-12.656388],[-69.542663,-12.659369],[-69.54434,-12.657795],[-69.542769,-12.661399],[-69.539312,-12.663909],[-69.536893,-12.664485],[-69.532303,-12.662118],[-69.531044,-12.659153],[-69.530531,-12.651595],[-69.533762,-12.643529],[-69.532891,-12.641639],[-69.529746,-12.639007],[-69.527222,-12.638474],[-69.524611,-12.639261],[-69.518874,-12.644728],[-69.504017,-12.646474],[-69.499091,-12.645763],[-69.49201,-12.641582]],[[-69.584697,-12.654135],[-69.579984,-12.643704],[-69.574663,-12.638276],[-69.570991,-12.63848],[-69.56338,-12.64362]],[[-69.584636,-12.67083],[-69.584319,-12.668307],[-69.585697,-12.665068],[-69.585521,-12.657726],[-69.579459,-12.646109],[-69.578011,-12.652344],[-69.579261,-12.661354],[-69.581077,-12.666968],[-69.584636,-12.67083]],[[-69.56338,-12.64362],[-69.550567,-12.639336],[-69.546453,-12.639055],[-69.532857,-12.632694],[-69.52469,-12.631197],[-69.525812,-12.628791],[-69.51806,-12.634079],[-69.512515,-12.640841],[-69.511601,-12.640317],[-69.512303,-12.638789],[-69.505892,-12.642185],[-69.5,-12.642259],[-69.496725,-12.640608],[-69.491121,-12.635616],[-69.490277,-12.633175],[-69.481827,-12.622151],[-69.471797,-12.615748],[-69.469487,-12.610424],[-69.464883,-12.608141],[-69.456673,-12.605911],[-69.450317,-12.600302],[-69.441023,-12.594918],[-69.436165,-12.594624],[-69.427789,-12.592363],[-69.419554,-12.594762],[-69.414613,-12.594533],[-69.4073,-12.591318],[-69.40201,-12.592724],[-69.392421,-12.579929],[-69.384479,-12.573081],[-69.38102,-12.568586],[-69.380462,-12.566284],[-69.382004,-12.561389],[-69.379669,-12.558303],[-69.378461,-12.549277],[-69.381861,-12.544147],[-69.387424,-12.540662],[-69.396165,-12.537672],[-69.400847,-12.537114],[-69.407487,-12.533849],[-69.411075,-12.527362],[-69.409934,-12.519701],[-69.404486,-12.514749],[-69.399092,-12.513383],[-69.387737,-12.508402],[-69.382726,-12.507923],[-69.372984,-12.504847],[-69.371561,-12.505046],[-69.365127,-12.512793],[-69.358715,-12.518085],[-69.357777,-12.525459],[-69.347882,-12.535282],[-69.344334,-12.541464],[-69.343563,-12.550894],[-69.344352,-12.557243],[-69.349035,-12.567431],[-69.345547,-12.57399],[-69.34309,-12.575751],[-69.339921,-12.576904],[-69.335292,-12.57675],[-69.331235,-12.575331],[-69.323722,-12.570262],[-69.318211,-12.56945],[-69.314025,-12.571184],[-69.310445,-12.574629],[-69.301555,-12.579394],[-69.28452,-12.592803],[-69.278921,-12.596328],[-69.275662,-12.597076],[-69.27369,-12.596275],[-69.271881,-12.593178],[-69.269907,-12.584095],[-69.264869,-12.573765],[-69.257544,-12.568921],[-69.251767,-12.568776],[-69.246018,-12.572073],[-69.230191,-12.577243],[-69.225655,-12.577586],[-69.214597,-12.580851],[-69.211544,-12.580155],[-69.207264,-12.577122],[-69.206499,-12.574125],[-69.208637,-12.564461],[-69.211024,-12.559542],[-69.215254,-12.554683],[-69.219472,-12.552006],[-69.228262,-12.550945],[-69.232714,-12.549441],[-69.235525,-12.547285],[-69.236972,-12.54347],[-69.236183,-12.537934],[-69.231609,-12.532506],[-69.225878,-12.529246],[-69.218025,-12.529035],[-69.215788,-12.526358],[-69.215239,-12.518585],[-69.219086,-12.506483]],[[-69.56338,-12.64362],[-69.560996,-12.644673],[-69.5552,-12.645086],[-69.549689,-12.642695],[-69.547145,-12.639917]],[[-69.160659,-12.5],[-69.160416,-12.503072],[-69.165586,-12.509273],[-69.167493,-12.513761],[-69.164373,-12.525916],[-69.164907,-12.542911],[-69.163145,-12.556076],[-69.163374,-12.560708],[-69.165354,-12.563885],[-69.167556,-12.565376],[-69.176843,-12.564753],[-69.183685,-12.567616],[-69.186984,-12.57272],[-69.186899,-12.577378],[-69.18379,-12.581804],[-69.178206,-12.586254],[-69.16228,-12.594128],[-69.135003,-12.60083],[-69.121784,-12.601164]]]},"properties":{"id":"inambari","nombre":"Río Inambari","capas_trazado":["RIOS_PRINCIPALES","Hidrografia_mdd"],"fecha_trazado":null,"metadatos_RioPrin":[{"FUENTE":"Gobierno Regional Madre de Dios","FECREG":"2020-01-27","NOMRIO":"INAMBARI","CUENCA":"Inambari"}]}},{"type":"Feature","geometry":{"type":"MultiLineString","coordinates":[[[-72.179283,-11.260273],[-72.177631,-11.258382],[-72.17907,-11.257285],[-72.179933,-11.254835],[-72.178584,-11.252768],[-72.179238,-11.25079],[-72.177425,-11.248525],[-72.177978,-11.247314],[-72.176563,-11.246732],[-72.174922,-11.248379],[-72.173807,-11.247103],[-72.175408,-11.245973],[-72.173812,-11.244451],[-72.175382,-11.24102],[-72.173921,-11.238754],[-72.175791,-11.238585],[-72.175938,-11.237171],[-72.172921,-11.237609],[-72.172238,-11.236601],[-72.173853,-11.235847],[-72.16856,-11.23488],[-72.170231,-11.234087],[-72.168598,-11.231718],[-72.168536,-11.228123],[-72.169753,-11.226352],[-72.172725,-11.225527],[-72.173099,-11.224144],[-72.169102,-11.222424],[-72.170032,-11.220446],[-72.167609,-11.21884],[-72.16893,-11.216836],[-72.167092,-11.214844],[-72.16557,-11.215193],[-72.165704,-11.210319],[-72.164782,-11.20964],[-72.168967,-11.20765],[-72.16907,-11.205474],[-72.166261,-11.205825],[-72.163805,-11.202412],[-72.168563,-11.194971],[-72.168545,-11.193601],[-72.161257,-11.194093],[-72.158848,-11.19229],[-72.155504,-11.192474],[-72.154401,-11.19408],[-72.150277,-11.193687]],[[-72.167496,-11.193178],[-72.161014,-11.193303],[-72.159585,-11.191896],[-72.156121,-11.191736],[-72.154339,-11.193443],[-72.150612,-11.193317],[-72.150866,-11.191191],[-72.149605,-11.19044],[-72.151888,-11.189738],[-72.1507,-11.187162],[-72.152187,-11.187059],[-72.15144,-11.185195],[-72.146532,-11.183379],[-72.141114,-11.184199],[-72.141308,-11.180322],[-72.137837,-11.179872],[-72.135915,-11.176059],[-72.132542,-11.174431],[-72.133642,-11.17125],[-72.128702,-11.175713],[-72.129273,-11.173291],[-72.128066,-11.170541],[-72.131545,-11.169143],[-72.13217,-11.167318],[-72.129892,-11.16652],[-72.128942,-11.165047],[-72.124802,-11.166258],[-72.124832,-11.163282],[-72.121391,-11.163307],[-72.120056,-11.162262],[-72.119957,-11.15811],[-72.116964,-11.15672],[-72.115283,-11.154539],[-72.112858,-11.154],[-72.113479,-11.152138],[-72.111269,-11.148752],[-72.111892,-11.147889],[-72.110925,-11.143677],[-72.113176,-11.142783],[-72.114063,-11.140509],[-72.112327,-11.139638],[-72.112452,-11.137801],[-72.111674,-11.137425],[-72.108617,-11.139453],[-72.109593,-11.137464],[-72.10906,-11.133965],[-72.105836,-11.133822],[-72.106886,-11.132354],[-72.104647,-11.130643],[-72.106821,-11.13047],[-72.103165,-11.126763],[-72.103439,-11.125129],[-72.105822,-11.125176],[-72.106202,-11.123714],[-72.104441,-11.122855],[-72.098751,-11.1236],[-72.09481,-11.120912]],[[-72.149617,-11.193695],[-72.150116,-11.192082],[-72.148799,-11.190495],[-72.15113,-11.189439],[-72.149892,-11.187156],[-72.150944,-11.185558],[-72.146588,-11.183854],[-72.14073,-11.184775],[-72.140442,-11.180953],[-72.137,-11.179912],[-72.135697,-11.176951],[-72.131839,-11.174566],[-72.130629,-11.174511],[-72.128192,-11.176648],[-72.128319,-11.173124],[-72.127182,-11.170673],[-72.130836,-11.168712],[-72.131345,-11.167531],[-72.12845,-11.165863],[-72.12458,-11.166702],[-72.123639,-11.166345]],[[-72.111864,-11.154261],[-72.112171,-11.151559],[-72.110189,-11.148957],[-72.111136,-11.147575],[-72.110222,-11.146447],[-72.110146,-11.142746],[-72.11257,-11.142597],[-72.113102,-11.141118],[-72.11084,-11.138443],[-72.107911,-11.140177],[-72.108572,-11.135173],[-72.107854,-11.134338],[-72.104618,-11.134129],[-72.105794,-11.132471],[-72.103866,-11.129975],[-72.105788,-11.129636],[-72.102327,-11.126812],[-72.102885,-11.124635],[-72.105384,-11.12395],[-72.097751,-11.124053],[-72.09359,-11.121226]],[[-72.094398,-11.120315],[-72.091684,-11.121036],[-72.090471,-11.11911],[-72.086398,-11.117119],[-72.083667,-11.114022],[-72.084497,-11.112456],[-72.083161,-11.110614],[-72.085924,-11.109577],[-72.086762,-11.107969]],[[-72.093005,-11.121627],[-72.091777,-11.121951]],[[-72.091095,-11.121688],[-72.089936,-11.119513],[-72.085045,-11.11685]],[[-72.086521,-11.107287],[-72.085294,-11.103656],[-72.089063,-11.104472],[-72.089416,-11.103021],[-72.088463,-11.102414],[-72.0884,-11.100732],[-72.08975,-11.097005],[-72.087615,-11.094638],[-72.083565,-11.094962],[-72.08722,-11.092413],[-72.084862,-11.090207],[-72.085024,-11.08769],[-72.087448,-11.083729],[-72.090688,-11.083808],[-72.091765,-11.080507],[-72.093541,-11.082238],[-72.094255,-11.080834],[-72.09309,-11.078445],[-72.090271,-11.077542],[-72.091203,-11.076733],[-72.090308,-11.07522],[-72.092167,-11.07211],[-72.091949,-11.071311],[-72.089951,-11.072294],[-72.088178,-11.067275],[-72.086094,-11.067333],[-72.084957,-11.06595],[-72.081253,-11.064886],[-72.081145,-11.06032],[-72.083336,-11.058316],[-72.082631,-11.057002],[-72.079364,-11.054628],[-72.075917,-11.054816],[-72.074383,-11.056503],[-72.074304,-11.058496],[-72.071095,-11.060401],[-72.069869,-11.063609],[-72.066685,-11.063839],[-72.066942,-11.065836],[-72.065402,-11.064124],[-72.062354,-11.063237],[-72.058101,-11.065676],[-72.056583,-11.061945],[-72.05458,-11.061172],[-72.054016,-11.063683],[-72.055873,-11.06644],[-72.054481,-11.067989],[-72.054891,-11.070047],[-72.052954,-11.071136],[-72.052989,-11.067955],[-72.051645,-11.066389],[-72.044578,-11.065291],[-72.046148,-11.062263],[-72.045418,-11.060594],[-72.037398,-11.059785],[-72.034144,-11.057986]],[[-72.082937,-11.1141],[-72.083157,-11.11295]],[[-72.082579,-11.111619],[-72.082042,-11.110993],[-72.082781,-11.109859],[-72.085723,-11.108331],[-72.08473,-11.102881],[-72.086133,-11.10233],[-72.088603,-11.103832],[-72.087704,-11.10175],[-72.089221,-11.097357],[-72.088016,-11.095399],[-72.082692,-11.09518],[-72.08634,-11.092555],[-72.084284,-11.090332],[-72.084531,-11.087227],[-72.087279,-11.083308],[-72.090302,-11.083651],[-72.091728,-11.080084],[-72.093632,-11.081716],[-72.093881,-11.080818],[-72.092908,-11.078913],[-72.08919,-11.077767],[-72.090407,-11.076671],[-72.08966,-11.075193],[-72.091613,-11.072217],[-72.090983,-11.071798],[-72.089512,-11.073165],[-72.08833,-11.067975],[-72.085942,-11.068014],[-72.083868,-11.066113],[-72.080595,-11.065283],[-72.080617,-11.0601],[-72.082156,-11.058385],[-72.081974,-11.057211],[-72.07887,-11.055161],[-72.076412,-11.05526],[-72.075158,-11.056379],[-72.074829,-11.058907],[-72.071509,-11.060919],[-72.070514,-11.063584],[-72.067386,-11.064028],[-72.067179,-11.066601],[-72.065067,-11.064573],[-72.062326,-11.063903],[-72.058422,-11.066481],[-72.055097,-11.061714],[-72.054599,-11.063015],[-72.056506,-11.066851],[-72.055,-11.068045],[-72.055307,-11.070613],[-72.052554,-11.071571],[-72.051867,-11.071155],[-72.052584,-11.068681],[-72.051775,-11.067108],[-72.043981,-11.065671],[-72.045633,-11.062126],[-72.04503,-11.060942],[-72.037661,-11.060545],[-72.034335,-11.058661],[-72.033911,-11.059275]],[[-72.037421,-11.063233],[-72.037777,-11.06463],[-72.036915,-11.065197]],[[-72.033413,-11.057963],[-72.032702,-11.059031],[-72.036704,-11.063409],[-72.036383,-11.064673],[-72.03199,-11.063035],[-72.029883,-11.063129],[-72.02872,-11.064738],[-72.027231,-11.062877],[-72.02294,-11.063872],[-72.021293,-11.061469],[-72.017731,-11.063136],[-72.015421,-11.059934],[-72.013372,-11.061448],[-72.012232,-11.060224],[-72.014171,-11.057711],[-72.014036,-11.05661],[-72.008708,-11.055347]],[[-72.029058,-11.065378],[-72.027689,-11.064837]],[[-72.027484,-11.064222],[-72.026356,-11.064019]],[[-72.026149,-11.064135],[-72.0256,-11.064308]],[[-72.020978,-11.062451],[-72.019318,-11.063397]],[[-72.018587,-11.063905],[-72.016851,-11.063184]],[[-72.015005,-11.060608],[-72.014892,-11.060613]],[[-72.01399,-11.06188],[-72.012495,-11.061875]],[[-72.012326,-11.06169],[-72.011359,-11.059385]],[[-72.008235,-11.055898],[-72.006053,-11.055472],[-72.004112,-11.058122],[-72.001835,-11.055415],[-72.0,-11.054699]],[[-72.008012,-11.055127],[-72.005349,-11.055196],[-72.00416,-11.057315],[-72.000648,-11.05394]],[[-72.0,-11.053606],[-71.998038,-11.054143],[-71.996678,-11.055779],[-71.997797,-11.058168],[-71.993773,-11.056709],[-71.992114,-11.054778],[-71.989399,-11.055181],[-71.986429,-11.053784],[-71.981727,-11.0544],[-71.981163,-11.056259],[-71.983947,-11.05985],[-71.980897,-11.060959],[-71.979953,-11.060621],[-71.979982,-11.057717],[-71.978624,-11.055584],[-71.979863,-11.053553],[-71.978586,-11.052306],[-71.97009,-11.053396],[-71.971522,-11.056519],[-71.971154,-11.058426],[-71.968553,-11.055648],[-71.967028,-11.05703],[-71.962639,-11.056688],[-71.961138,-11.058896],[-71.958997,-11.057015],[-71.956758,-11.056491],[-71.956387,-11.052607],[-71.955461,-11.051871],[-71.948901,-11.054979],[-71.948312,-11.056495],[-71.945917,-11.055608],[-71.943314,-11.060402],[-71.941155,-11.061491],[-71.940436,-11.060487],[-71.941911,-11.058189],[-71.942238,-11.05478],[-71.941137,-11.05225]],[[-72.0,-11.054699],[-71.997936,-11.05536]],[[-71.953093,-11.078754],[-71.955359,-11.077715],[-71.952782,-11.072489],[-71.956658,-11.075213],[-71.958717,-11.074363],[-71.958402,-11.072596],[-71.957359,-11.071111],[-71.954385,-11.071627],[-71.95352,-11.069317],[-71.950787,-11.069447],[-71.952089,-11.064654],[-71.947951,-11.065967],[-71.946759,-11.063078],[-71.947165,-11.059695],[-71.94594,-11.05862],[-71.945137,-11.059142]],[[-71.948764,-11.057062],[-71.948277,-11.057243]],[[-71.944687,-11.059786],[-71.943683,-11.061059]],[[-71.941363,-11.056428],[-71.941308,-11.054086]],[[-71.940948,-11.053057],[-71.940803,-11.052893]],[[-71.940486,-11.051921],[-71.932583,-11.052643],[-71.9302,-11.050138],[-71.927217,-11.050122],[-71.925437,-11.047179],[-71.923175,-11.046053],[-71.918594,-11.04723],[-71.916827,-11.050066],[-71.914566,-11.047773],[-71.912789,-11.040646]],[[-71.940467,-11.052539],[-71.932318,-11.053272],[-71.92982,-11.050832],[-71.92655,-11.050689],[-71.923593,-11.04683],[-71.918209,-11.0481],[-71.918287,-11.050099],[-71.91686,-11.051092],[-71.91401,-11.04801],[-71.91223,-11.041117],[-71.910731,-11.041916],[-71.909976,-11.045268],[-71.911954,-11.049335],[-71.910774,-11.050387],[-71.908082,-11.050123],[-71.906908,-11.049038],[-71.907291,-11.044831],[-71.904537,-11.043748],[-71.899911,-11.047102],[-71.902619,-11.049435],[-71.90352,-11.051791],[-71.900573,-11.056119],[-71.902936,-11.055776],[-71.904428,-11.057926],[-71.904674,-11.059747],[-71.900828,-11.061105],[-71.898384,-11.060319],[-71.896701,-11.061632],[-71.897397,-11.063144],[-71.902448,-11.063974],[-71.901528,-11.066173],[-71.899372,-11.067617],[-71.894262,-11.066048],[-71.890771,-11.060145],[-71.88645,-11.062148],[-71.879632,-11.057891],[-71.87727,-11.057635],[-71.876583,-11.058782],[-71.875145,-11.058883],[-71.874643,-11.057278],[-71.875218,-11.050375],[-71.870552,-11.052336],[-71.865212,-11.050945],[-71.86358,-11.054184],[-71.861414,-11.053479],[-71.85964,-11.050244],[-71.859283,-11.046669],[-71.869622,-11.038824],[-71.870719,-11.036151],[-71.869279,-11.033928],[-71.867209,-11.037845],[-71.863612,-11.040888],[-71.855209,-11.042352],[-71.856634,-11.046794],[-71.855529,-11.048516],[-71.853056,-11.047291],[-71.851845,-11.04382],[-71.850829,-11.043571],[-71.846784,-11.051064],[-71.844017,-11.053372],[-71.841087,-11.053209],[-71.836312,-11.04857],[-71.833996,-11.047867],[-71.836404,-11.051724],[-71.835919,-11.055075],[-71.833907,-11.05795],[-71.830068,-11.060445],[-71.823269,-11.059721],[-71.821134,-11.066679],[-71.818238,-11.066875],[-71.812234,-11.064612],[-71.810002,-11.064831],[-71.809552,-11.06613],[-71.812238,-11.069017],[-71.812283,-11.070534],[-71.80754,-11.072415],[-71.80432,-11.07223],[-71.801517,-11.073345],[-71.79958,-11.072383],[-71.79824,-11.069326],[-71.797119,-11.069349]],[[-71.910933,-11.041062],[-71.909548,-11.045833],[-71.911499,-11.048753],[-71.910948,-11.049841],[-71.907463,-11.049025],[-71.908265,-11.044999],[-71.905949,-11.043037],[-71.903923,-11.043468],[-71.899325,-11.046777],[-71.902911,-11.051433],[-71.899959,-11.055832],[-71.901468,-11.056958],[-71.903024,-11.056502],[-71.904357,-11.059028],[-71.902583,-11.060333],[-71.898175,-11.059738],[-71.896355,-11.06131],[-71.897086,-11.063488],[-71.901725,-11.064358],[-71.901177,-11.065858],[-71.89923,-11.066669],[-71.893987,-11.064569],[-71.891603,-11.0597],[-71.886047,-11.061285],[-71.879726,-11.057006],[-71.876719,-11.056915],[-71.875486,-11.058094],[-71.876261,-11.051572],[-71.875504,-11.049698],[-71.870701,-11.051424],[-71.864506,-11.050504],[-71.863459,-11.053454],[-71.86243,-11.053574],[-71.86061,-11.050608],[-71.859951,-11.047165],[-71.86951,-11.040397],[-71.871287,-11.037271],[-71.871308,-11.035025]],[[-71.868403,-11.033356],[-71.866983,-11.036695],[-71.863981,-11.039793],[-71.854883,-11.041644],[-71.854574,-11.043351],[-71.855915,-11.046554],[-71.855236,-11.047683],[-71.853934,-11.047171],[-71.852462,-11.043165],[-71.850596,-11.042946],[-71.846433,-11.050128],[-71.843395,-11.05278],[-71.840788,-11.052106],[-71.835843,-11.047281],[-71.833229,-11.047211],[-71.832968,-11.04857],[-71.835662,-11.051777],[-71.833972,-11.055942],[-71.829624,-11.059724],[-71.823129,-11.058957],[-71.820758,-11.066077],[-71.817659,-11.066211],[-71.810406,-11.063643],[-71.808613,-11.06592],[-71.811675,-11.069373],[-71.811486,-11.070335],[-71.802292,-11.072188],[-71.799618,-11.071285],[-71.798778,-11.069327],[-71.797564,-11.068724]],[[-71.841234,-11.203098],[-71.839361,-11.203117],[-71.837983,-11.201792],[-71.840711,-11.198638],[-71.835139,-11.194681],[-71.830027,-11.191907],[-71.826709,-11.193809],[-71.825022,-11.193427],[-71.823968,-11.190068],[-71.825676,-11.186867],[-71.820395,-11.182291],[-71.821005,-11.180811],[-71.822777,-11.180209],[-71.822662,-11.178912],[-71.820243,-11.176246],[-71.816213,-11.177616],[-71.81107,-11.169578],[-71.810287,-11.169815],[-71.810161,-11.176342],[-71.806852,-11.179781],[-71.805592,-11.179228],[-71.804568,-11.176124],[-71.803043,-11.174698],[-71.797396,-11.17386],[-71.799163,-11.168782],[-71.798648,-11.164048],[-71.801892,-11.162518],[-71.79562,-11.160515],[-71.79927,-11.154144],[-71.79586,-11.155495],[-71.7911,-11.155344],[-71.789989,-11.150117],[-71.797401,-11.148257],[-71.795782,-11.147073],[-71.790478,-11.148366],[-71.789444,-11.147097],[-71.789258,-11.14454],[-71.79028,-11.140597],[-71.796239,-11.140724],[-71.796335,-11.137271],[-71.799503,-11.134061],[-71.798268,-11.132732],[-71.791926,-11.131292],[-71.790184,-11.128835],[-71.791683,-11.127346],[-71.79645,-11.128679],[-71.796116,-11.121633],[-71.801523,-11.113868],[-71.800904,-11.113405],[-71.798075,-11.115962],[-71.7974,-11.115124],[-71.797749,-11.111673],[-71.796783,-11.110678],[-71.793844,-11.109639],[-71.790329,-11.111188],[-71.788306,-11.107914],[-71.787786,-11.102087],[-71.788903,-11.099704],[-71.793874,-11.10091],[-71.797696,-11.099432],[-71.797427,-11.098222],[-71.79124,-11.096113],[-71.789158,-11.092606],[-71.79107,-11.088812],[-71.794278,-11.086337],[-71.797148,-11.085526],[-71.799536,-11.081721],[-71.796974,-11.079822],[-71.791384,-11.079036],[-71.786042,-11.07611],[-71.774342,-11.074532]],[[-71.798293,-11.100445],[-71.798598,-11.099279]],[[-71.796842,-11.069446],[-71.795875,-11.070079]],[[-71.796834,-11.068684],[-71.79146,-11.07168],[-71.79134,-11.073485],[-71.793982,-11.076016],[-71.791121,-11.077775],[-71.787902,-11.075803],[-71.780435,-11.073873],[-71.768248,-11.073352],[-71.763213,-11.07457],[-71.756779,-11.07204],[-71.750467,-11.080115],[-71.750014,-11.081821],[-71.751976,-11.086191],[-71.747291,-11.083313],[-71.743231,-11.076618],[-71.741257,-11.075347],[-71.735831,-11.074549]],[[-71.792823,-11.071576],[-71.79248,-11.073392],[-71.795323,-11.075874],[-71.794059,-11.077138]],[[-71.793606,-11.071317],[-71.792966,-11.071518]],[[-71.770184,-11.074165],[-71.763208,-11.075511],[-71.757176,-11.073059],[-71.752622,-11.077774]],[[-71.751461,-11.083393],[-71.753474,-11.086378],[-71.752714,-11.087265],[-71.751082,-11.086968]],[[-71.750904,-11.081428],[-71.75097,-11.082368]],[[-71.749204,-11.08566],[-71.746455,-11.083413]],[[-71.746362,-11.083289],[-71.742709,-11.077256],[-71.73874,-11.075593]],[[-71.735554,-11.075217],[-71.732786,-11.075478],[-71.730421,-11.073911],[-71.728797,-11.071472],[-71.727391,-11.066319],[-71.725695,-11.064469],[-71.723531,-11.065542],[-71.723341,-11.071075],[-71.722259,-11.072711],[-71.718178,-11.072614],[-71.71401,-11.069665],[-71.713145,-11.071568],[-71.713822,-11.076652],[-71.715441,-11.080095],[-71.715208,-11.082248],[-71.711542,-11.08534],[-71.708309,-11.089745]],[[-71.735123,-11.074365],[-71.73145,-11.07314],[-71.728485,-11.0655],[-71.726655,-11.064044],[-71.72445,-11.064071],[-71.722638,-11.065521],[-71.722326,-11.070747],[-71.720704,-11.072329],[-71.718355,-11.071724],[-71.715097,-11.068365],[-71.713472,-11.068367],[-71.712036,-11.071924],[-71.712521,-11.076285],[-71.714576,-11.080313],[-71.713825,-11.08288],[-71.709353,-11.085646],[-71.706793,-11.089402],[-71.700403,-11.087909],[-71.693632,-11.092027],[-71.690596,-11.095174],[-71.689039,-11.099849],[-71.687725,-11.101173],[-71.679773,-11.100008],[-71.679166,-11.102292],[-71.683005,-11.105319],[-71.680005,-11.106913],[-71.678454,-11.105743],[-71.677402,-11.100116],[-71.675677,-11.096818],[-71.671037,-11.093111],[-71.664753,-11.092639],[-71.659905,-11.095189],[-71.653149,-11.091841],[-71.650925,-11.09351],[-71.648237,-11.098009],[-71.647042,-11.098152],[-71.643659,-11.095722],[-71.641993,-11.090136],[-71.637493,-11.088149],[-71.630246,-11.094453],[-71.630269,-11.096179],[-71.633202,-11.099104],[-71.633438,-11.100535],[-71.629205,-11.10531],[-71.627158,-11.104431],[-71.625656,-11.102204],[-71.623573,-11.092133],[-71.618674,-11.092678],[-71.610258,-11.097206],[-71.597527,-11.09037],[-71.594342,-11.089666],[-71.589608,-11.091108],[-71.586722,-11.095185],[-71.586574,-11.098494],[-71.589104,-11.102495],[-71.583833,-11.103712],[-71.58217,-11.102558],[-71.579971,-11.096745],[-71.579236,-11.093384],[-71.579869,-11.089589],[-71.577739,-11.088319],[-71.572485,-11.087398],[-71.570274,-11.083296],[-71.567891,-11.082572],[-71.568419,-11.081274],[-71.567363,-11.082077],[-71.567164,-11.085072],[-71.5635,-11.087654],[-71.558743,-11.093033],[-71.555171,-11.09153],[-71.549565,-11.082479],[-71.544958,-11.081254],[-71.542745,-11.084983],[-71.540792,-11.095242],[-71.538716,-11.099553],[-71.537641,-11.098569],[-71.537203,-11.088648],[-71.5354,-11.08597],[-71.5296,-11.084553],[-71.525154,-11.085531],[-71.518765,-11.090832]],[[-71.690039,-11.100454],[-71.687075,-11.102441],[-71.680478,-11.100587],[-71.680349,-11.101992],[-71.684086,-11.10504],[-71.679411,-11.107784],[-71.67801,-11.106581],[-71.675545,-11.098218],[-71.671486,-11.094129],[-71.665558,-11.093346],[-71.659488,-11.096302],[-71.653029,-11.093066],[-71.648894,-11.098472],[-71.646141,-11.098864],[-71.643193,-11.096832],[-71.640977,-11.09117],[-71.637106,-11.089499],[-71.630998,-11.094786],[-71.634082,-11.098541],[-71.634174,-11.100083],[-71.631235,-11.105135],[-71.629213,-11.106098],[-71.626813,-11.104984],[-71.624949,-11.102538],[-71.622318,-11.092845],[-71.619923,-11.093039],[-71.609962,-11.097838],[-71.598257,-11.091253],[-71.595264,-11.090682],[-71.591774,-11.091214],[-71.588501,-11.093894],[-71.587331,-11.098181],[-71.590513,-11.10246],[-71.587745,-11.104346],[-71.58471,-11.104681],[-71.581233,-11.102676],[-71.57797,-11.09338],[-71.578858,-11.090577],[-71.571905,-11.088861],[-71.569215,-11.083961],[-71.558687,-11.094025],[-71.554747,-11.09248],[-71.550374,-11.084895],[-71.548352,-11.082479],[-71.546928,-11.08215],[-71.544156,-11.083502],[-71.542827,-11.091707],[-71.539255,-11.100934],[-71.537529,-11.100497],[-71.536459,-11.098289],[-71.536286,-11.091395],[-71.534786,-11.086587],[-71.530267,-11.086154],[-71.525215,-11.086969],[-71.516985,-11.094112]],[[-71.518262,-11.091356],[-71.511759,-11.099789],[-71.509499,-11.100901],[-71.503996,-11.10074],[-71.497693,-11.106118],[-71.495216,-11.105484],[-71.493793,-11.102913],[-71.498944,-11.094041],[-71.498957,-11.091684],[-71.497497,-11.090057],[-71.494178,-11.089554],[-71.484967,-11.092472],[-71.479636,-11.096358],[-71.474161,-11.105956],[-71.459077,-11.104324],[-71.454355,-11.106119],[-71.449713,-11.110299],[-71.446285,-11.10833],[-71.444953,-11.102816],[-71.441933,-11.102926],[-71.435634,-11.109575],[-71.435598,-11.112082],[-71.439391,-11.115045],[-71.445477,-11.116215],[-71.445958,-11.118527],[-71.443129,-11.1255],[-71.444361,-11.127352],[-71.446962,-11.128303],[-71.451802,-11.126677],[-71.451015,-11.131732],[-71.447472,-11.132615],[-71.44479,-11.13154],[-71.442599,-11.128124],[-71.441876,-11.123168],[-71.439987,-11.122614],[-71.43594,-11.124639],[-71.433406,-11.130286],[-71.434968,-11.133838],[-71.439453,-11.13583],[-71.439053,-11.137673],[-71.437511,-11.13908],[-71.426738,-11.139024],[-71.419753,-11.136507],[-71.412555,-11.141876],[-71.408921,-11.147105],[-71.400222,-11.146812],[-71.39789,-11.151529],[-71.385836,-11.147697],[-71.383126,-11.148303],[-71.378436,-11.156792],[-71.374439,-11.161906],[-71.375536,-11.164626],[-71.380298,-11.170495],[-71.380434,-11.173101],[-71.379601,-11.174643],[-71.37424,-11.178164],[-71.371521,-11.177655],[-71.369905,-11.175102],[-71.37126,-11.17221],[-71.374811,-11.171271],[-71.376055,-11.169976],[-71.37561,-11.166942],[-71.373114,-11.164535],[-71.367659,-11.162591],[-71.35853,-11.161489],[-71.350021,-11.163853],[-71.347059,-11.163759],[-71.341533,-11.159989],[-71.338475,-11.155303],[-71.336383,-11.154258],[-71.333282,-11.15839],[-71.334158,-11.166121],[-71.333112,-11.169148],[-71.33118,-11.170794],[-71.325805,-11.171937],[-71.311606,-11.16786],[-71.309656,-11.168649],[-71.310922,-11.175436],[-71.314879,-11.180958],[-71.312159,-11.184964],[-71.307861,-11.185405],[-71.303534,-11.180319],[-71.300218,-11.179003],[-71.297266,-11.180866],[-71.294101,-11.185378],[-71.287423,-11.186531],[-71.283047,-11.185305],[-71.280482,-11.1802],[-71.278115,-11.179257],[-71.270219,-11.183329],[-71.267713,-11.190934],[-71.26215,-11.192563],[-71.253267,-11.191098],[-71.250723,-11.18717],[-71.249475,-11.180935],[-71.246716,-11.179815],[-71.244498,-11.185365],[-71.24368,-11.194415],[-71.241848,-11.1962],[-71.238512,-11.195898],[-71.23513,-11.196885],[-71.232306,-11.20035],[-71.233558,-11.207066],[-71.236806,-11.213708],[-71.23718,-11.216513],[-71.236325,-11.218018],[-71.233007,-11.214909],[-71.228482,-11.213549],[-71.228142,-11.207574],[-71.226624,-11.202597],[-71.223558,-11.20008],[-71.220362,-11.199666],[-71.21808,-11.201039],[-71.21795,-11.207474],[-71.21657,-11.20995],[-71.20105,-11.208262],[-71.189977,-11.212565],[-71.187687,-11.214892],[-71.185214,-11.221302],[-71.18336,-11.221968],[-71.179263,-11.221507],[-71.178232,-11.224701],[-71.1791,-11.22687],[-71.176765,-11.228909],[-71.174328,-11.22696],[-71.17353,-11.224969],[-71.1742,-11.214668],[-71.171234,-11.212045],[-71.167003,-11.210014],[-71.161616,-11.209025],[-71.159187,-11.210599],[-71.15784,-11.212868],[-71.156624,-11.217972],[-71.15656,-11.224212],[-71.155524,-11.226449],[-71.144009,-11.224703],[-71.133763,-11.220311],[-71.130917,-11.222305],[-71.125997,-11.229549],[-71.121598,-11.238515],[-71.118349,-11.238369],[-71.116049,-11.23649],[-71.115442,-11.234772],[-71.11605,-11.231806],[-71.113594,-11.226242],[-71.107778,-11.224307],[-71.10328,-11.220495],[-71.10059,-11.219777],[-71.098339,-11.221236],[-71.098044,-11.223626],[-71.099991,-11.22778],[-71.105479,-11.23035],[-71.103362,-11.234248],[-71.099668,-11.236008],[-71.095628,-11.240427],[-71.093643,-11.24124],[-71.092452,-11.239847],[-71.092685,-11.238468],[-71.096307,-11.235453],[-71.09725,-11.233263],[-71.096803,-11.232125],[-71.092183,-11.22963],[-71.090432,-11.22982],[-71.082296,-11.235828],[-71.075286,-11.232301],[-71.070906,-11.233346],[-71.067112,-11.236924],[-71.069969,-11.24797],[-71.069319,-11.250356],[-71.067953,-11.25119],[-71.064574,-11.250641],[-71.061409,-11.24638],[-71.061349,-11.240473],[-71.0605,-11.238333],[-71.056344,-11.237433],[-71.059041,-11.236678],[-71.060488,-11.235241],[-71.06001,-11.234746],[-71.058534,-11.236156],[-71.056014,-11.23639],[-71.055615,-11.237957],[-71.053016,-11.240026],[-71.052228,-11.247029],[-71.049217,-11.249428],[-71.043445,-11.250078],[-71.036761,-11.244547],[-71.034936,-11.244269],[-71.033344,-11.245266],[-71.031474,-11.249068],[-71.038707,-11.25671],[-71.038901,-11.258495],[-71.03781,-11.259568],[-71.029485,-11.256153],[-71.028199,-11.244561],[-71.026834,-11.24292],[-71.017522,-11.245461],[-71.015508,-11.24728],[-71.014899,-11.251144],[-71.017684,-11.259023],[-71.016659,-11.262067],[-71.014033,-11.264332],[-71.00885,-11.263937],[-71.005902,-11.261586],[-71.005677,-11.253635],[-71.002849,-11.252893],[-71.0,-11.254144]],[[-71.514558,-11.096927],[-71.510878,-11.101936],[-71.507849,-11.102399],[-71.505057,-11.101653],[-71.501618,-11.103898]],[[-71.5,-11.105791],[-71.498068,-11.107001],[-71.495282,-11.106724],[-71.492913,-11.103329],[-71.492726,-11.101633],[-71.494769,-11.099903],[-71.498252,-11.092936],[-71.49795,-11.091287],[-71.496212,-11.090644],[-71.490629,-11.091326],[-71.48225,-11.095553],[-71.478078,-11.099807],[-71.475701,-11.105295],[-71.474101,-11.10687],[-71.459852,-11.105019],[-71.455305,-11.106435],[-71.449897,-11.111147],[-71.445842,-11.109365],[-71.444322,-11.103897],[-71.442112,-11.103774],[-71.436501,-11.109814],[-71.436223,-11.111566],[-71.438552,-11.113848],[-71.444005,-11.114571],[-71.446372,-11.115895],[-71.446491,-11.119401],[-71.444028,-11.125547],[-71.446419,-11.127127],[-71.450865,-11.125315],[-71.452541,-11.12584],[-71.453076,-11.128118],[-71.45151,-11.132648],[-71.44742,-11.133549],[-71.443952,-11.132401],[-71.43994,-11.123425],[-71.436428,-11.125287],[-71.434235,-11.129987],[-71.435336,-11.133003],[-71.439286,-11.134578],[-71.440653,-11.136041],[-71.438182,-11.139549],[-71.424734,-11.139665],[-71.419683,-11.137371],[-71.418173,-11.138647],[-71.41882,-11.139998],[-71.421861,-11.138442],[-71.422533,-11.140157],[-71.421653,-11.141692],[-71.425655,-11.142742],[-71.425852,-11.144025],[-71.422898,-11.142164],[-71.420933,-11.142528],[-71.421643,-11.13933],[-71.419176,-11.141088],[-71.417314,-11.139381],[-71.412411,-11.142958],[-71.409324,-11.147671],[-71.407491,-11.14819],[-71.401497,-11.147138],[-71.39813,-11.152112],[-71.394655,-11.152347],[-71.386379,-11.148865],[-71.384113,-11.148968],[-71.379323,-11.157606],[-71.375296,-11.162112],[-71.381993,-11.171826],[-71.381384,-11.173677],[-71.37574,-11.178586],[-71.373242,-11.179233],[-71.371107,-11.178694],[-71.36905,-11.17497],[-71.369692,-11.172375],[-71.375097,-11.169391],[-71.374735,-11.167557],[-71.373104,-11.165918],[-71.369256,-11.163979],[-71.359057,-11.162218],[-71.347685,-11.164892],[-71.341789,-11.161129],[-71.336412,-11.155293],[-71.334,-11.158501],[-71.334931,-11.167355],[-71.332609,-11.170986],[-71.324376,-11.172497],[-71.312234,-11.168606],[-71.310298,-11.168908],[-71.311219,-11.174095],[-71.315802,-11.180852],[-71.313328,-11.185131],[-71.31135,-11.186209],[-71.307874,-11.186259],[-71.303376,-11.181594],[-71.30036,-11.180684],[-71.297408,-11.182046],[-71.293973,-11.187044],[-71.285917,-11.18714],[-71.280936,-11.185045],[-71.279924,-11.18119],[-71.278207,-11.180129],[-71.270378,-11.184117],[-71.269496,-11.190523]],[[-71.269112,-11.191138],[-71.263493,-11.193929],[-71.256684,-11.192242]],[[-71.255955,-11.19218],[-71.25339,-11.192136],[-71.252019,-11.190825],[-71.249705,-11.187411],[-71.248612,-11.182166],[-71.247095,-11.181079],[-71.245143,-11.18649],[-71.245451,-11.194264],[-71.244498,-11.196162],[-71.242503,-11.197186],[-71.237617,-11.196923],[-71.234757,-11.19866],[-71.233085,-11.201397],[-71.2348,-11.207545],[-71.237948,-11.212778],[-71.237859,-11.217584],[-71.236913,-11.219045],[-71.235296,-11.218989],[-71.232468,-11.216009],[-71.227249,-11.213803],[-71.226212,-11.204372],[-71.224153,-11.201639],[-71.221453,-11.200519],[-71.218766,-11.203457],[-71.219408,-11.209019],[-71.217966,-11.210864],[-71.214467,-11.211906],[-71.201699,-11.209267],[-71.190654,-11.213205],[-71.188748,-11.215201],[-71.187099,-11.219984],[-71.185088,-11.222742],[-71.179657,-11.222616],[-71.179763,-11.227992],[-71.177357,-11.229735],[-71.17379,-11.227518],[-71.172865,-11.225469],[-71.173628,-11.216807],[-71.172715,-11.214375],[-71.167307,-11.210995],[-71.161358,-11.21021],[-71.158735,-11.212646],[-71.157577,-11.217392],[-71.157375,-11.224938],[-71.156191,-11.227377],[-71.142592,-11.225247],[-71.134753,-11.221394],[-71.133441,-11.221542],[-71.126125,-11.230622],[-71.123601,-11.238223],[-71.121247,-11.240122]],[[-71.120634,-11.240184],[-71.116721,-11.23893],[-71.11478,-11.237116],[-71.114285,-11.229914],[-71.112771,-11.227212],[-71.107522,-11.225489],[-71.102593,-11.22105],[-71.100829,-11.22074],[-71.098893,-11.22284],[-71.100319,-11.226199],[-71.105507,-11.228534],[-71.106422,-11.230168],[-71.105757,-11.232625],[-71.103594,-11.23511],[-71.100403,-11.236576],[-71.09594,-11.241078],[-71.093705,-11.241906],[-71.091861,-11.24105],[-71.090946,-11.239129],[-71.095576,-11.235017],[-71.095754,-11.233776],[-71.091112,-11.230419],[-71.082185,-11.236855],[-71.077848,-11.235437],[-71.075053,-11.233287],[-71.071929,-11.233907],[-71.068025,-11.23728],[-71.07107,-11.248161],[-71.068976,-11.251803],[-71.065341,-11.252147],[-71.062916,-11.250885],[-71.060451,-11.245912],[-71.060052,-11.239909],[-71.057291,-11.238252],[-71.053582,-11.241091],[-71.053589,-11.245428],[-71.05215,-11.248459],[-71.047703,-11.250976],[-71.042774,-11.25132],[-71.035959,-11.245425],[-71.033171,-11.246554],[-71.032653,-11.248518],[-71.033512,-11.250117],[-71.039521,-11.256239],[-71.039541,-11.259391],[-71.037787,-11.260666],[-71.029146,-11.257423],[-71.027517,-11.245313],[-71.026152,-11.243939],[-71.017857,-11.246455],[-71.016164,-11.248112],[-71.015856,-11.250954],[-71.018357,-11.256308],[-71.018246,-11.259817],[-71.016849,-11.263414],[-71.013343,-11.265864],[-71.008685,-11.265575],[-71.005915,-11.263596],[-71.00465,-11.260104],[-71.005038,-11.254232],[-71.001902,-11.253816],[-71.0,-11.255742]],[[-70.999617,-11.256357],[-70.999072,-11.260604],[-70.997646,-11.262275],[-70.992779,-11.263689],[-70.989178,-11.262522],[-70.986665,-11.26283],[-70.983613,-11.266921],[-70.980626,-11.269121],[-70.978422,-11.26958],[-70.973509,-11.268104],[-70.967774,-11.268197]],[[-70.9994,-11.254558],[-70.997707,-11.259941],[-70.996282,-11.261688],[-70.993696,-11.262593],[-70.98917,-11.261292],[-70.986503,-11.261551],[-70.981003,-11.267965],[-70.97694,-11.268252]],[[-70.976242,-11.268035],[-70.973349,-11.267129],[-70.964881,-11.26735],[-70.963759,-11.268422],[-70.963038,-11.271939],[-70.960468,-11.275215],[-70.957144,-11.277101],[-70.949862,-11.278074],[-70.946434,-11.279834],[-70.943871,-11.284149],[-70.943421,-11.289845],[-70.94222,-11.290589],[-70.940104,-11.288967],[-70.939993,-11.283908],[-70.938976,-11.281442],[-70.932468,-11.275563],[-70.927795,-11.275251],[-70.923478,-11.278437],[-70.922722,-11.280509],[-70.923203,-11.283358],[-70.926542,-11.287584],[-70.924734,-11.289726],[-70.921929,-11.288667],[-70.919017,-11.28298],[-70.912968,-11.276615],[-70.908059,-11.275595],[-70.906251,-11.277673],[-70.906241,-11.28012],[-70.908057,-11.283025],[-70.90907,-11.288699],[-70.912918,-11.292339],[-70.912107,-11.293841],[-70.909743,-11.293513],[-70.90658,-11.291318],[-70.903228,-11.283084],[-70.895117,-11.288428],[-70.89108,-11.287197],[-70.888102,-11.281912],[-70.883703,-11.282826],[-70.880435,-11.287516],[-70.87782,-11.286931],[-70.87555,-11.285032],[-70.87536,-11.283065],[-70.881003,-11.276151]],[[-70.967465,-11.273947],[-70.964509,-11.270902],[-70.962132,-11.275281],[-70.958943,-11.277416],[-70.948051,-11.279692],[-70.944197,-11.285665]],[[-70.966898,-11.268091],[-70.964923,-11.268207]],[[-70.964905,-11.26822],[-70.964452,-11.269155]],[[-70.944183,-11.285715],[-70.94423,-11.28989],[-70.942709,-11.291211]],[[-70.941561,-11.29119],[-70.941523,-11.291182]],[[-70.939663,-11.289644],[-70.93749,-11.281756],[-70.932845,-11.276736],[-70.930377,-11.275901],[-70.928009,-11.276264],[-70.924001,-11.279042]],[[-70.923937,-11.279176],[-70.924017,-11.283069],[-70.927642,-11.287931],[-70.927027,-11.290121],[-70.925331,-11.291221],[-70.921692,-11.289882],[-70.919121,-11.284757],[-70.912422,-11.27718],[-70.909732,-11.276392],[-70.908051,-11.277034],[-70.906841,-11.27883]],[[-70.913705,-11.292849],[-70.912274,-11.294544]],[[-70.913645,-11.292225],[-70.913692,-11.292404]],[[-70.906848,-11.279003],[-70.908844,-11.282188],[-70.90964,-11.287654],[-70.913437,-11.291813]],[[-70.908203,-11.293497],[-70.908088,-11.293413]],[[-70.90478,-11.289817],[-70.903737,-11.288479],[-70.903285,-11.284466],[-70.902046,-11.284126]],[[-70.898914,-11.287128],[-70.895558,-11.289501],[-70.893317,-11.289479],[-70.890155,-11.287349],[-70.888499,-11.283389],[-70.886222,-11.282779]],[[-70.884178,-11.283428],[-70.883994,-11.283535]],[[-70.883177,-11.284298],[-70.880645,-11.288736],[-70.877546,-11.287768],[-70.874453,-11.284988],[-70.875239,-11.280472],[-70.879933,-11.27607],[-70.878124,-11.274187],[-70.86821,-11.273088],[-70.861567,-11.276844],[-70.863426,-11.292385],[-70.866694,-11.296454],[-70.870677,-11.305285],[-70.876033,-11.308645],[-70.877141,-11.310916],[-70.874221,-11.314832],[-70.869603,-11.316719],[-70.852763,-11.318993],[-70.850683,-11.321073],[-70.849097,-11.325369]],[[-70.880851,-11.275444],[-70.878638,-11.273137],[-70.868892,-11.272061],[-70.8626,-11.274682],[-70.860496,-11.277811],[-70.863191,-11.294229],[-70.865354,-11.296567],[-70.868816,-11.304823],[-70.875933,-11.309895],[-70.875705,-11.312237],[-70.866346,-11.31644],[-70.859955,-11.317607],[-70.853778,-11.317514],[-70.851018,-11.318559],[-70.846374,-11.326298],[-70.8396,-11.322917],[-70.834535,-11.327082],[-70.83239,-11.32738],[-70.830014,-11.326312],[-70.825671,-11.318794],[-70.823365,-11.318206],[-70.818429,-11.321747],[-70.812684,-11.323565],[-70.811807,-11.324981],[-70.816967,-11.339153],[-70.818144,-11.346801],[-70.816474,-11.348856],[-70.814195,-11.349001],[-70.808471,-11.347112],[-70.80431,-11.347323],[-70.801997,-11.34924],[-70.795728,-11.359448],[-70.794184,-11.360375],[-70.791739,-11.35875],[-70.791388,-11.355811],[-70.794328,-11.347952],[-70.800699,-11.343594],[-70.800951,-11.341351],[-70.798816,-11.339811],[-70.793907,-11.340825],[-70.787715,-11.348942]],[[-70.84661,-11.327526],[-70.844926,-11.327267],[-70.840272,-11.323728],[-70.834354,-11.328064],[-70.831669,-11.328127],[-70.829532,-11.327115],[-70.824985,-11.319834],[-70.823759,-11.319256],[-70.812795,-11.325334],[-70.816518,-11.334185],[-70.819026,-11.344151],[-70.818463,-11.348802],[-70.81534,-11.350075],[-70.804937,-11.348337],[-70.802612,-11.34976],[-70.796084,-11.360412],[-70.792346,-11.361103],[-70.78997,-11.357339],[-70.792824,-11.348603],[-70.7956,-11.345182],[-70.800013,-11.342969],[-70.799039,-11.341264],[-70.796202,-11.340732],[-70.794042,-11.341999],[-70.789022,-11.347848],[-70.785761,-11.35687]],[[-70.774218,-11.370861],[-70.772692,-11.368729],[-70.773139,-11.365784],[-70.774768,-11.364298],[-70.782499,-11.361277],[-70.787472,-11.349624]],[[-70.784082,-11.360289],[-70.783561,-11.361082]],[[-70.78293,-11.361861],[-70.774632,-11.366434],[-70.774185,-11.36898],[-70.776519,-11.37194],[-70.776677,-11.373576],[-70.771167,-11.378349],[-70.771417,-11.382876],[-70.769946,-11.384541],[-70.764776,-11.38438],[-70.757578,-11.379885],[-70.754323,-11.38081],[-70.749754,-11.385083],[-70.745047,-11.381854],[-70.747474,-11.387841],[-70.747077,-11.392711],[-70.740364,-11.394754],[-70.737137,-11.397271],[-70.731556,-11.399719],[-70.731039,-11.40297],[-70.73431,-11.407727],[-70.733604,-11.410522],[-70.730755,-11.411142],[-70.726446,-11.409466],[-70.724786,-11.410683],[-70.724541,-11.413073],[-70.727071,-11.417852],[-70.726136,-11.422633],[-70.72639,-11.427737],[-70.722107,-11.430498],[-70.715333,-11.428745],[-70.713167,-11.428986],[-70.709526,-11.433811],[-70.705147,-11.435849],[-70.702728,-11.440392],[-70.702665,-11.443091]],[[-70.644905,-11.461729],[-70.644436,-11.468323],[-70.647644,-11.471465],[-70.650659,-11.471864],[-70.655178,-11.464347],[-70.656946,-11.463637],[-70.658885,-11.465584],[-70.658615,-11.47254],[-70.66186,-11.474304],[-70.665244,-11.473552],[-70.665925,-11.472499],[-70.66521,-11.467691],[-70.666234,-11.464831],[-70.678507,-11.461152],[-70.68289,-11.457037],[-70.682711,-11.452871],[-70.677928,-11.453194],[-70.674946,-11.450805],[-70.674778,-11.44477],[-70.676081,-11.444139],[-70.682712,-11.445687],[-70.68748,-11.442783],[-70.684187,-11.440341],[-70.67543,-11.438904],[-70.673661,-11.435667],[-70.673962,-11.434145],[-70.679819,-11.435872],[-70.684864,-11.434913],[-70.689091,-11.430679],[-70.691514,-11.424606],[-70.693061,-11.424171],[-70.698269,-11.428373],[-70.703462,-11.43006],[-70.702521,-11.432077],[-70.698522,-11.433621],[-70.696871,-11.435435],[-70.701209,-11.442343],[-70.703983,-11.435732],[-70.708928,-11.433068],[-70.711841,-11.427572],[-70.71454,-11.427021],[-70.721667,-11.429975],[-70.723148,-11.429551],[-70.725502,-11.426945],[-70.72565,-11.418404],[-70.722738,-11.412975],[-70.722926,-11.411049],[-70.725523,-11.408377],[-70.728049,-11.408504],[-70.73056,-11.410042],[-70.732683,-11.40945],[-70.733494,-11.408111],[-70.729629,-11.402557],[-70.730117,-11.399022],[-70.746569,-11.391357],[-70.746387,-11.386995],[-70.743612,-11.382178],[-70.74429,-11.377253],[-70.747839,-11.37464],[-70.751452,-11.375111],[-70.751439,-11.376576],[-70.747113,-11.378997],[-70.746863,-11.381546],[-70.748293,-11.383616],[-70.750374,-11.383516],[-70.754223,-11.379294],[-70.756057,-11.378605],[-70.759139,-11.379253],[-70.76501,-11.383341],[-70.768844,-11.38381],[-70.770628,-11.382367],[-70.77007,-11.377963],[-70.774801,-11.373167],[-70.774689,-11.371416]],[[-70.704337,-11.446064],[-70.703262,-11.446107],[-70.703008,-11.443913],[-70.698697,-11.441879],[-70.695941,-11.436479],[-70.696703,-11.433867],[-70.702211,-11.431456],[-70.702519,-11.430228],[-70.698102,-11.429019],[-70.692667,-11.425116],[-70.689561,-11.432545],[-70.684207,-11.435952],[-70.680637,-11.436951],[-70.67414,-11.435049],[-70.67532,-11.437311],[-70.67703,-11.43818],[-70.690663,-11.440114],[-70.692433,-11.441733],[-70.692404,-11.443206],[-70.69003,-11.4459],[-70.681676,-11.446607],[-70.676849,-11.445061],[-70.675481,-11.445636],[-70.676755,-11.451229],[-70.678687,-11.452078],[-70.68319,-11.451951],[-70.684536,-11.453837],[-70.68435,-11.456921],[-70.681389,-11.460745],[-70.679282,-11.461818],[-70.667314,-11.465583],[-70.666267,-11.467181],[-70.6668,-11.472759],[-70.665848,-11.474695],[-70.661551,-11.475278],[-70.657869,-11.473185],[-70.657239,-11.469931],[-70.658292,-11.466275],[-70.656762,-11.464481],[-70.655266,-11.465313],[-70.651082,-11.472473],[-70.647711,-11.472904],[-70.643348,-11.4684],[-70.644316,-11.462731],[-70.643751,-11.462088]],[[-70.644269,-11.46137],[-70.634932,-11.464373],[-70.627056,-11.477639],[-70.618671,-11.483569],[-70.617799,-11.485958],[-70.618639,-11.489475],[-70.617602,-11.490334],[-70.61545,-11.489777],[-70.614575,-11.487737],[-70.616814,-11.484214],[-70.616843,-11.481556],[-70.614083,-11.479166],[-70.609532,-11.477539],[-70.607093,-11.473189],[-70.605622,-11.472686]],[[-70.642076,-11.462398],[-70.638009,-11.463661]],[[-70.6356,-11.46477],[-70.632873,-11.468606]],[[-70.631937,-11.470535],[-70.630651,-11.473248]],[[-70.630055,-11.474357],[-70.628389,-11.477633],[-70.624302,-11.480611]],[[-70.622042,-11.48187],[-70.621546,-11.48213]],[[-70.618709,-11.485311],[-70.618602,-11.486508]],[[-70.618673,-11.490602],[-70.616067,-11.491243],[-70.613704,-11.489746],[-70.613249,-11.487873],[-70.61582,-11.483623],[-70.615883,-11.48182],[-70.613816,-11.480084],[-70.609359,-11.478452],[-70.607268,-11.474962]],[[-70.606569,-11.473944],[-70.60161,-11.475046],[-70.597658,-11.477547],[-70.590945,-11.486697],[-70.590995,-11.492314],[-70.589659,-11.495515],[-70.585709,-11.498501],[-70.582666,-11.497831],[-70.581277,-11.494682],[-70.581485,-11.492238],[-70.575514,-11.488418],[-70.564039,-11.488077],[-70.562691,-11.488981],[-70.559761,-11.495603],[-70.556108,-11.498587],[-70.554938,-11.502795],[-70.559438,-11.506548],[-70.558758,-11.511824],[-70.565509,-11.512058],[-70.566712,-11.514277],[-70.56342,-11.51809],[-70.558633,-11.518433],[-70.557788,-11.523815]],[[-70.604966,-11.47301],[-70.597386,-11.476327],[-70.590704,-11.485768],[-70.590316,-11.49172],[-70.588675,-11.495392],[-70.5855,-11.497958],[-70.582032,-11.495888],[-70.582092,-11.490714],[-70.578586,-11.48976],[-70.574161,-11.486777],[-70.56479,-11.486849],[-70.560441,-11.489683],[-70.558647,-11.494945],[-70.555446,-11.498439],[-70.554307,-11.503072],[-70.557941,-11.507244],[-70.557437,-11.512509],[-70.564207,-11.51313],[-70.564545,-11.515277],[-70.561904,-11.517584],[-70.558208,-11.517264],[-70.556646,-11.51827],[-70.556879,-11.525438],[-70.553268,-11.533206],[-70.553413,-11.536205]],[[-70.557774,-11.524538],[-70.554771,-11.532099],[-70.553663,-11.537868],[-70.552285,-11.538423],[-70.545182,-11.53714],[-70.543327,-11.538895],[-70.541463,-11.543674],[-70.534448,-11.545008],[-70.533934,-11.547267],[-70.534939,-11.553138],[-70.531682,-11.559266],[-70.531151,-11.565308],[-70.526853,-11.569343],[-70.524264,-11.573516],[-70.521988,-11.574518]],[[-70.553092,-11.537351],[-70.550323,-11.537232]],[[-70.549278,-11.536993],[-70.546642,-11.535984],[-70.54375,-11.536159],[-70.542382,-11.537564],[-70.541415,-11.542274],[-70.538416,-11.543275],[-70.540376,-11.539614],[-70.540309,-11.538291],[-70.535481,-11.535348],[-70.53558,-11.533389],[-70.539822,-11.532163],[-70.539383,-11.530853],[-70.536931,-11.530158],[-70.53766,-11.528053],[-70.536152,-11.526817],[-70.537986,-11.525731],[-70.541001,-11.518594],[-70.540014,-11.517054],[-70.54087,-11.5159],[-70.540914,-11.513616],[-70.536387,-11.509336],[-70.53702,-11.505587],[-70.538556,-11.504076],[-70.538221,-11.5]],[[-70.53783,-11.5],[-70.538028,-11.50396],[-70.536456,-11.50548],[-70.535843,-11.509647],[-70.536661,-11.511233],[-70.540472,-11.513829],[-70.539301,-11.517427],[-70.540459,-11.518701],[-70.537385,-11.525439],[-70.535394,-11.527006],[-70.537047,-11.528418],[-70.536529,-11.530474],[-70.53942,-11.531872],[-70.535181,-11.532818],[-70.534915,-11.535279],[-70.540051,-11.539261],[-70.537494,-11.543069],[-70.534695,-11.542916],[-70.53282,-11.54464],[-70.532726,-11.547829],[-70.534113,-11.550732]],[[-70.534223,-11.552456],[-70.530421,-11.559544],[-70.529601,-11.565342],[-70.526471,-11.567933],[-70.523315,-11.572452],[-70.516699,-11.574054],[-70.513856,-11.576273],[-70.512268,-11.57586],[-70.50784,-11.571216],[-70.504202,-11.565748],[-70.501037,-11.564443],[-70.499122,-11.565298],[-70.498262,-11.566936],[-70.499211,-11.573018],[-70.498423,-11.574193],[-70.495647,-11.567],[-70.498005,-11.55912],[-70.497374,-11.556913],[-70.495161,-11.555744],[-70.491946,-11.558922],[-70.488625,-11.559152],[-70.486653,-11.557942],[-70.483441,-11.552376],[-70.480402,-11.553485],[-70.475664,-11.561086],[-70.473127,-11.563009],[-70.463999,-11.563097],[-70.462643,-11.565553],[-70.462265,-11.569644],[-70.46643,-11.575581],[-70.466568,-11.579991],[-70.469024,-11.580229],[-70.479701,-11.577927],[-70.481158,-11.579039],[-70.476342,-11.584802],[-70.472651,-11.592716],[-70.470713,-11.594545],[-70.467791,-11.594217],[-70.466334,-11.592943],[-70.468205,-11.587051],[-70.465937,-11.581507],[-70.462151,-11.580677],[-70.458753,-11.585429],[-70.457011,-11.592767],[-70.461569,-11.597525],[-70.462322,-11.600232],[-70.46126,-11.601675],[-70.454313,-11.605681],[-70.453644,-11.607856],[-70.455204,-11.610523],[-70.459551,-11.612653],[-70.459762,-11.613642],[-70.454808,-11.615977],[-70.451562,-11.616451],[-70.449857,-11.614722],[-70.447698,-11.609317],[-70.441164,-11.609185],[-70.437388,-11.608086],[-70.427574,-11.613401],[-70.420178,-11.613171],[-70.41849,-11.614323],[-70.419,-11.618589],[-70.421461,-11.620878],[-70.425183,-11.620274],[-70.429964,-11.616692],[-70.432031,-11.617095],[-70.432545,-11.618507],[-70.431634,-11.622818],[-70.4332,-11.626839],[-70.440688,-11.629187],[-70.441835,-11.630361],[-70.440515,-11.633417],[-70.435261,-11.636546],[-70.433853,-11.638631],[-70.435946,-11.653742],[-70.427781,-11.657693],[-70.425304,-11.657839],[-70.422417,-11.650424],[-70.423641,-11.642368],[-70.417129,-11.63796],[-70.414577,-11.637381],[-70.413353,-11.638291],[-70.413704,-11.643216],[-70.411112,-11.650065],[-70.413814,-11.655199],[-70.418315,-11.65671],[-70.418428,-11.658034],[-70.416374,-11.659902],[-70.411005,-11.661562],[-70.407576,-11.667604],[-70.404092,-11.667042],[-70.40192,-11.661951],[-70.398154,-11.663119],[-70.398081,-11.666844],[-70.400203,-11.672154],[-70.405549,-11.673907],[-70.408642,-11.678187],[-70.411891,-11.680434],[-70.408894,-11.687138],[-70.401742,-11.695192],[-70.40463,-11.698162],[-70.406837,-11.698786],[-70.408231,-11.698],[-70.41023,-11.694117],[-70.414246,-11.695381],[-70.416431,-11.698231],[-70.414167,-11.703392],[-70.410409,-11.704778],[-70.397053,-11.705258],[-70.392137,-11.707778],[-70.389581,-11.705727],[-70.387125,-11.701033],[-70.379936,-11.701618],[-70.377759,-11.705786],[-70.379105,-11.708977],[-70.381748,-11.711572],[-70.38072,-11.714422],[-70.377961,-11.716623],[-70.375566,-11.717177],[-70.365917,-11.715353],[-70.364691,-11.716085],[-70.362993,-11.72115],[-70.36511,-11.727287],[-70.36495,-11.730392],[-70.352215,-11.727906],[-70.349026,-11.729194],[-70.347796,-11.740987],[-70.344976,-11.746453],[-70.342301,-11.749101],[-70.339858,-11.748182],[-70.33553,-11.742089],[-70.331829,-11.731379],[-70.329107,-11.731248],[-70.318056,-11.734494],[-70.307992,-11.738927],[-70.299874,-11.750115],[-70.288152,-11.755256],[-70.286157,-11.757313],[-70.285139,-11.761828],[-70.283915,-11.763378],[-70.276631,-11.766918],[-70.275426,-11.770216],[-70.275609,-11.772687],[-70.285096,-11.778574],[-70.285933,-11.780961],[-70.28497,-11.784541],[-70.28313,-11.784935],[-70.276313,-11.780384],[-70.269754,-11.787123],[-70.266971,-11.788065],[-70.260722,-11.78624],[-70.256107,-11.782778],[-70.254653,-11.78318],[-70.251887,-11.788487],[-70.251291,-11.792116],[-70.261799,-11.798135],[-70.26586,-11.812979],[-70.268509,-11.817612],[-70.271907,-11.820556],[-70.271979,-11.822678],[-70.26931,-11.823224],[-70.266619,-11.822133],[-70.258996,-11.815385],[-70.251981,-11.816048],[-70.245902,-11.819217],[-70.242609,-11.818247],[-70.236501,-11.814386],[-70.233282,-11.814965],[-70.232188,-11.81723],[-70.233981,-11.823216],[-70.232704,-11.827905],[-70.232736,-11.834145],[-70.234037,-11.837066],[-70.238698,-11.839234],[-70.238875,-11.840688],[-70.235582,-11.843573],[-70.228027,-11.847146],[-70.225372,-11.857386],[-70.223176,-11.861645],[-70.216022,-11.867956],[-70.211756,-11.867826],[-70.210173,-11.866203],[-70.210408,-11.863904],[-70.213439,-11.860329],[-70.215269,-11.85491],[-70.213848,-11.852385],[-70.208793,-11.854084],[-70.206864,-11.857775],[-70.2071,-11.864139],[-70.202299,-11.866937],[-70.199946,-11.86618],[-70.19876,-11.864065],[-70.199144,-11.854018],[-70.197834,-11.853385],[-70.193091,-11.853829],[-70.192473,-11.855883],[-70.195317,-11.863311],[-70.192617,-11.87375],[-70.193043,-11.881852],[-70.192138,-11.88379],[-70.18841,-11.883484],[-70.183633,-11.877696],[-70.179566,-11.877667],[-70.17414,-11.874583],[-70.17239,-11.874587],[-70.169937,-11.876261],[-70.169059,-11.879668],[-70.174036,-11.88637],[-70.173158,-11.889304],[-70.170711,-11.889562],[-70.165097,-11.886175],[-70.162803,-11.886061],[-70.160523,-11.888497],[-70.160774,-11.891661],[-70.159735,-11.892835],[-70.147131,-11.89409],[-70.139608,-11.900156],[-70.12404,-11.903459],[-70.122549,-11.903123],[-70.111725,-11.894252],[-70.10867,-11.893113],[-70.105766,-11.893368],[-70.104057,-11.89778],[-70.104044,-11.902023],[-70.105169,-11.908383],[-70.108319,-11.917163],[-70.108494,-11.925065],[-70.107086,-11.926062],[-70.105173,-11.925873],[-70.101162,-11.921113],[-70.098755,-11.921213],[-70.092495,-11.935992],[-70.081867,-11.94713],[-70.080531,-11.953575],[-70.075872,-11.953805],[-70.073033,-11.951903],[-70.073068,-11.949932],[-70.076663,-11.947412],[-70.078616,-11.94438],[-70.078292,-11.942785],[-70.07645,-11.941702],[-70.055579,-11.942831],[-70.050062,-11.944216],[-70.047114,-11.947653],[-70.045904,-11.953237],[-70.041186,-11.960716],[-70.039477,-11.968884],[-70.03483,-11.969221],[-70.028884,-11.965983],[-70.024662,-11.968501],[-70.025845,-11.97303],[-70.031954,-11.980026],[-70.033672,-11.983838],[-70.033926,-11.987629],[-70.032813,-11.989331],[-70.03067,-11.989871],[-70.022131,-11.986309],[-70.019112,-11.976971],[-70.006571,-11.975443],[-70.004322,-11.977501],[-70.002649,-11.985016],[-70.003574,-11.993286],[-70.001767,-11.996039],[-70.0,-11.997008]],[[-70.521263,-11.574629],[-70.517862,-11.575339],[-70.51446,-11.577483],[-70.511972,-11.576983],[-70.506941,-11.572749],[-70.503144,-11.566687],[-70.5,-11.565967],[-70.499024,-11.567738],[-70.500183,-11.574442],[-70.497872,-11.575646],[-70.494965,-11.567707],[-70.496666,-11.560765],[-70.496266,-11.558152],[-70.494905,-11.55746],[-70.492667,-11.560355],[-70.487746,-11.560125],[-70.485539,-11.55832],[-70.482764,-11.553172],[-70.480274,-11.554706],[-70.474743,-11.562926],[-70.47113,-11.564329],[-70.464397,-11.563831],[-70.463409,-11.566118],[-70.46354,-11.569571],[-70.467127,-11.575361],[-70.467503,-11.579409],[-70.480494,-11.576936],[-70.482559,-11.578303],[-70.477106,-11.585366],[-70.473305,-11.593979],[-70.471855,-11.595367],[-70.468142,-11.59557],[-70.465772,-11.594023],[-70.465184,-11.591954],[-70.466617,-11.588647],[-70.466316,-11.584395],[-70.465249,-11.582336],[-70.462837,-11.58211],[-70.459599,-11.585695],[-70.457716,-11.59211],[-70.462243,-11.596904],[-70.463368,-11.600916],[-70.461292,-11.603224],[-70.456395,-11.605233],[-70.45476,-11.607973],[-70.456142,-11.609783],[-70.461145,-11.612208],[-70.461038,-11.614213],[-70.453821,-11.617538],[-70.451819,-11.617574],[-70.44877,-11.615668],[-70.447253,-11.610518],[-70.437116,-11.609181],[-70.429534,-11.613756],[-70.425692,-11.614604],[-70.420487,-11.614248],[-70.41919,-11.615198],[-70.419675,-11.617876],[-70.422272,-11.61998],[-70.423968,-11.619743],[-70.429175,-11.615593],[-70.433591,-11.616367],[-70.434254,-11.617319],[-70.432495,-11.623093],[-70.433111,-11.625065],[-70.435796,-11.627153],[-70.442518,-11.629065],[-70.441858,-11.633626],[-70.43731,-11.636421],[-70.43478,-11.640031],[-70.435755,-11.648486],[-70.437427,-11.653922],[-70.427333,-11.659056],[-70.424675,-11.658885],[-70.422119,-11.653265],[-70.422949,-11.645073],[-70.422385,-11.642366],[-70.414873,-11.638413],[-70.414104,-11.639423],[-70.414872,-11.643482],[-70.411885,-11.649924],[-70.41505,-11.654483],[-70.419394,-11.656097],[-70.418847,-11.6593],[-70.41666,-11.661374],[-70.411001,-11.663071],[-70.40872,-11.668496],[-70.403786,-11.668568],[-70.402202,-11.666898],[-70.401293,-11.663106],[-70.398917,-11.663957],[-70.401238,-11.671495],[-70.405452,-11.672941],[-70.409585,-11.677938],[-70.412788,-11.67985],[-70.410678,-11.686342],[-70.402825,-11.695121],[-70.406265,-11.697849],[-70.407646,-11.696953],[-70.409435,-11.693113],[-70.411834,-11.693063],[-70.415345,-11.694828],[-70.417336,-11.697199],[-70.415733,-11.703144],[-70.414508,-11.704564],[-70.410666,-11.705601],[-70.39792,-11.706352],[-70.392508,-11.70907],[-70.389669,-11.707683],[-70.386265,-11.701812],[-70.381758,-11.701688],[-70.378971,-11.704053],[-70.379073,-11.70596],[-70.384332,-11.712243]],[[-70.404643,-11.733787],[-70.400718,-11.729236],[-70.396396,-11.726564],[-70.386291,-11.724745],[-70.383128,-11.727112],[-70.382057,-11.727001],[-70.381923,-11.721318],[-70.384807,-11.717158],[-70.384046,-11.713248],[-70.380833,-11.716832],[-70.378084,-11.717977],[-70.372704,-11.718435],[-70.366573,-11.716841],[-70.364997,-11.717213],[-70.364471,-11.724091],[-70.367259,-11.729721],[-70.366869,-11.731363],[-70.362558,-11.73137],[-70.352383,-11.728747],[-70.3502,-11.72946],[-70.34943,-11.731264],[-70.350425,-11.736669],[-70.349667,-11.74096],[-70.346203,-11.747157],[-70.342862,-11.749992],[-70.340124,-11.749475],[-70.33607,-11.745314],[-70.331248,-11.732154],[-70.329407,-11.731946],[-70.319515,-11.734886],[-70.310528,-11.738619],[-70.307732,-11.741215],[-70.30113,-11.750651],[-70.297994,-11.752748],[-70.289772,-11.755512],[-70.287379,-11.75854],[-70.285581,-11.76373],[-70.278744,-11.766865],[-70.277013,-11.768629],[-70.276691,-11.770871],[-70.277623,-11.772723],[-70.284121,-11.775755],[-70.286131,-11.777783],[-70.286972,-11.78315],[-70.284863,-11.785975],[-70.282524,-11.786394],[-70.277205,-11.782071],[-70.269872,-11.788799],[-70.26598,-11.789389],[-70.258921,-11.786646],[-70.255496,-11.78425],[-70.252117,-11.790352],[-70.252527,-11.79169],[-70.260067,-11.795065],[-70.262075,-11.797067],[-70.267513,-11.813272],[-70.273206,-11.819905],[-70.273588,-11.822818],[-70.269547,-11.824125],[-70.266176,-11.823428],[-70.26158,-11.820613],[-70.258395,-11.816282],[-70.252179,-11.817093],[-70.24506,-11.820455],[-70.236616,-11.816009],[-70.235106,-11.816044],[-70.234029,-11.819391],[-70.236031,-11.823584],[-70.233496,-11.828737],[-70.23331,-11.832377],[-70.235764,-11.836399],[-70.239927,-11.839199],[-70.240094,-11.841139],[-70.23695,-11.844684],[-70.228573,-11.848365],[-70.227287,-11.85654],[-70.222841,-11.86383],[-70.215929,-11.868893],[-70.210178,-11.868622],[-70.209359,-11.864174],[-70.213714,-11.855151],[-70.213533,-11.853958],[-70.212096,-11.853535],[-70.208321,-11.85707],[-70.208251,-11.863281],[-70.207383,-11.865281],[-70.20389,-11.867657],[-70.200678,-11.867846],[-70.19795,-11.865019],[-70.197327,-11.855726],[-70.196211,-11.854655],[-70.19458,-11.855159],[-70.193943,-11.856748],[-70.196234,-11.861021],[-70.196422,-11.86579],[-70.193626,-11.87586],[-70.194315,-11.883615],[-70.192775,-11.885105],[-70.189275,-11.885422],[-70.184545,-11.88009],[-70.179287,-11.879357],[-70.174014,-11.876356],[-70.171896,-11.876113],[-70.170549,-11.877693],[-70.170589,-11.879618],[-70.174484,-11.884688]],[[-70.177812,-11.891449],[-70.177121,-11.889303],[-70.178694,-11.88477],[-70.175858,-11.883719],[-70.174484,-11.884688]],[[-70.174484,-11.884688],[-70.175744,-11.8888],[-70.174107,-11.891482],[-70.169032,-11.891263],[-70.163945,-11.888194],[-70.162086,-11.889977],[-70.160988,-11.893792],[-70.158883,-11.895235],[-70.148402,-11.895122],[-70.140774,-11.901587],[-70.131313,-11.902568],[-70.125235,-11.904475],[-70.120505,-11.903226],[-70.110638,-11.895166],[-70.108067,-11.894328],[-70.105836,-11.894759],[-70.105351,-11.901834],[-70.110323,-11.920031],[-70.110143,-11.925199],[-70.108869,-11.927985],[-70.107487,-11.928522],[-70.105102,-11.927787],[-70.100749,-11.92303],[-70.099103,-11.923016],[-70.09312,-11.936547],[-70.08386,-11.946104],[-70.081873,-11.950347],[-70.081687,-11.95338],[-70.080339,-11.954811],[-70.074164,-11.954911],[-70.071147,-11.952422],[-70.071949,-11.94886],[-70.076796,-11.945202],[-70.075331,-11.942829],[-70.055266,-11.943641],[-70.051742,-11.944585],[-70.04938,-11.947317],[-70.046762,-11.955615],[-70.042654,-11.961198],[-70.040878,-11.968946],[-70.036118,-11.971212],[-70.028748,-11.968073],[-70.026441,-11.97064],[-70.026865,-11.972797],[-70.035017,-11.98385],[-70.035451,-11.988415],[-70.034392,-11.990226],[-70.030953,-11.9912],[-70.022594,-11.988575],[-70.019899,-11.985164],[-70.019357,-11.980952],[-70.017839,-11.978045],[-70.015503,-11.97708],[-70.007195,-11.976672],[-70.005574,-11.97828],[-70.004629,-11.982553],[-70.004954,-11.993723],[-70.002549,-11.99769],[-70.0,-11.998899]],[[-70.0,-12.008034],[-70.004298,-12.011747],[-70.004284,-12.013346],[-70.002631,-12.014658],[-69.991822,-12.013693],[-69.986026,-12.016455],[-69.980583,-12.015644],[-69.976701,-12.021212],[-69.976042,-12.023738],[-69.977234,-12.026745],[-69.985488,-12.032126],[-69.987339,-12.034986],[-69.986992,-12.03771],[-69.984849,-12.040458],[-69.98195,-12.04146],[-69.97429,-12.04082],[-69.959443,-12.045848],[-69.956897,-12.048418],[-69.954585,-12.052735],[-69.951962,-12.054295],[-69.949642,-12.053545],[-69.948409,-12.051764],[-69.948499,-12.048933],[-69.952091,-12.044016],[-69.951433,-12.041855],[-69.949056,-12.040564],[-69.94628,-12.040285],[-69.943509,-12.041431],[-69.941664,-12.048145],[-69.940505,-12.049393],[-69.934758,-12.050782],[-69.928576,-12.05376],[-69.926925,-12.053207],[-69.921871,-12.045777],[-69.916679,-12.043395],[-69.914851,-12.044501],[-69.91307,-12.048763],[-69.910285,-12.051404],[-69.902446,-12.051827],[-69.900468,-12.057278],[-69.900925,-12.068006],[-69.897717,-12.07009],[-69.895472,-12.069863],[-69.893598,-12.068462],[-69.89074,-12.062791],[-69.884759,-12.06007],[-69.884583,-12.053885],[-69.87515,-12.043078],[-69.873793,-12.042686],[-69.870952,-12.045165],[-69.867411,-12.05192],[-69.864622,-12.053407],[-69.858996,-12.052811],[-69.847715,-12.047995],[-69.844815,-12.049284],[-69.844781,-12.052963],[-69.849668,-12.069159],[-69.849543,-12.072982],[-69.847192,-12.073981],[-69.844992,-12.073519],[-69.840963,-12.068121],[-69.840984,-12.06621],[-69.843384,-12.063317],[-69.843425,-12.061622],[-69.837265,-12.054338],[-69.834064,-12.052869],[-69.8283,-12.055248],[-69.825942,-12.053777],[-69.825744,-12.052028],[-69.829133,-12.046194],[-69.828707,-12.044681],[-69.818886,-12.043736],[-69.816095,-12.044808],[-69.805561,-12.053674],[-69.806398,-12.055096],[-69.809545,-12.05653],[-69.816139,-12.056312],[-69.81985,-12.059673],[-69.820857,-12.062483],[-69.820423,-12.064324],[-69.815634,-12.067836],[-69.81153,-12.06801],[-69.807191,-12.065805],[-69.801703,-12.059383],[-69.798255,-12.051856],[-69.791444,-12.050144],[-69.787903,-12.051471],[-69.784757,-12.056222],[-69.779979,-12.057606],[-69.774236,-12.060759],[-69.767065,-12.061266],[-69.757418,-12.067225],[-69.744664,-12.069586],[-69.740926,-12.066134],[-69.73453,-12.048388],[-69.736963,-12.040772],[-69.739939,-12.036851],[-69.738816,-12.034907],[-69.736624,-12.033705],[-69.733905,-12.034307],[-69.725503,-12.040261],[-69.71433,-12.040597],[-69.7067,-12.047649],[-69.70394,-12.046592],[-69.701288,-12.041063],[-69.696322,-12.040642],[-69.691282,-12.04345],[-69.68537,-12.048856],[-69.67881,-12.04844],[-69.676129,-12.049438],[-69.67024,-12.057188],[-69.663337,-12.058827],[-69.657855,-12.064539],[-69.653719,-12.066514],[-69.650101,-12.066721],[-69.646645,-12.065683],[-69.645725,-12.064098],[-69.645805,-12.059049],[-69.644611,-12.058042],[-69.642239,-12.058138],[-69.637816,-12.066389],[-69.635868,-12.067944],[-69.632746,-12.068402],[-69.619884,-12.060533],[-69.620399,-12.057538],[-69.626676,-12.054548],[-69.627525,-12.05296],[-69.626503,-12.050744],[-69.62216,-12.046462],[-69.616568,-12.044329],[-69.617194,-12.041821],[-69.623568,-12.041392],[-69.62537,-12.039963],[-69.624559,-12.038071],[-69.617249,-12.033886],[-69.61407,-12.033334],[-69.609402,-12.035075],[-69.596616,-12.035157],[-69.593439,-12.040123],[-69.588776,-12.043866],[-69.585857,-12.049642],[-69.582381,-12.047864],[-69.578378,-12.043202],[-69.575013,-12.033057],[-69.57273,-12.031925],[-69.570453,-12.033968],[-69.570169,-12.038368],[-69.567182,-12.046417],[-69.565836,-12.046726],[-69.563781,-12.045125],[-69.565147,-12.037098],[-69.562461,-12.035913],[-69.559984,-12.038299],[-69.559002,-12.046469],[-69.554335,-12.048733],[-69.548631,-12.045733],[-69.5464,-12.042942],[-69.546567,-12.039515],[-69.548408,-12.034859],[-69.548018,-12.032479],[-69.543672,-12.030162],[-69.542216,-12.02553],[-69.538046,-12.024258],[-69.530922,-12.025281],[-69.525206,-12.030179],[-69.525686,-12.031675],[-69.527905,-12.033221],[-69.531323,-12.033828],[-69.535432,-12.031891],[-69.536709,-12.033709],[-69.535171,-12.038654],[-69.529936,-12.041278],[-69.52841,-12.043175],[-69.529728,-12.05172],[-69.528961,-12.052966],[-69.523873,-12.055734],[-69.520766,-12.059653],[-69.521181,-12.065748],[-69.519985,-12.067878],[-69.508644,-12.068151],[-69.499935,-12.06575]],[[-70.0,-12.013892],[-69.992086,-12.012692],[-69.986136,-12.015769],[-69.981168,-12.014596],[-69.977631,-12.016826],[-69.97483,-12.022318],[-69.974842,-12.025455],[-69.976949,-12.028351],[-69.986084,-12.034179],[-69.986161,-12.037947],[-69.983889,-12.040173],[-69.975305,-12.039752],[-69.960841,-12.044148],[-69.950999,-12.053252],[-69.949117,-12.051942],[-69.949054,-12.049796],[-69.953273,-12.043399],[-69.951818,-12.041348],[-69.949001,-12.039861],[-69.944312,-12.040003],[-69.939095,-12.048946],[-69.928241,-12.051561],[-69.92692,-12.051007],[-69.923752,-12.045986],[-69.920766,-12.043291],[-69.916688,-12.042584],[-69.914813,-12.043509],[-69.911022,-12.049094],[-69.909302,-12.049821],[-69.904227,-12.049567],[-69.901804,-12.050981],[-69.899261,-12.057264],[-69.899885,-12.065953],[-69.897668,-12.068485],[-69.895256,-12.067808],[-69.891408,-12.061942],[-69.885997,-12.060011],[-69.884984,-12.058229],[-69.885462,-12.053377],[-69.876213,-12.042552],[-69.87358,-12.041334],[-69.870774,-12.043308],[-69.866897,-12.051074],[-69.863962,-12.052706],[-69.861003,-12.052607],[-69.847585,-12.046968],[-69.843789,-12.048584],[-69.844044,-12.053975],[-69.848746,-12.06963],[-69.848435,-12.072552],[-69.846734,-12.073387],[-69.844907,-12.072203],[-69.842346,-12.067414],[-69.844704,-12.062917],[-69.842397,-12.05737],[-69.838078,-12.052983],[-69.835097,-12.051622],[-69.827364,-12.053863],[-69.827046,-12.051754],[-69.830309,-12.046551],[-69.829982,-12.044388],[-69.819673,-12.042814],[-69.815819,-12.043781],[-69.804546,-12.053695],[-69.805073,-12.055461],[-69.809026,-12.057162],[-69.815218,-12.05682],[-69.819424,-12.06054],[-69.820046,-12.063081],[-69.819225,-12.064381],[-69.814525,-12.067244],[-69.812676,-12.067412],[-69.808622,-12.065819],[-69.804645,-12.062296],[-69.798199,-12.050936],[-69.791022,-12.049172],[-69.787828,-12.050154],[-69.784902,-12.054923],[-69.774418,-12.059767],[-69.766039,-12.060566],[-69.756666,-12.066524],[-69.745515,-12.068916],[-69.741467,-12.065573],[-69.735822,-12.048151],[-69.737635,-12.04124],[-69.741065,-12.036199],[-69.737531,-12.033306],[-69.735286,-12.032807],[-69.725878,-12.039287],[-69.713304,-12.039788],[-69.708281,-12.045409],[-69.706287,-12.046478],[-69.704039,-12.045258],[-69.701571,-12.040016],[-69.696907,-12.039541],[-69.691108,-12.042621],[-69.685405,-12.04781],[-69.67664,-12.04794],[-69.669451,-12.056108],[-69.662777,-12.057693],[-69.658475,-12.062897],[-69.653773,-12.065378],[-69.65043,-12.065729],[-69.647726,-12.064833],[-69.646835,-12.063753],[-69.646978,-12.05865],[-69.645097,-12.057157],[-69.641772,-12.057454],[-69.639826,-12.059442],[-69.637385,-12.06529],[-69.633771,-12.067462],[-69.629242,-12.065651],[-69.621212,-12.059376],[-69.622527,-12.057659],[-69.627925,-12.054816],[-69.628424,-12.052777],[-69.624361,-12.046746],[-69.618437,-12.043711],[-69.618637,-12.042917],[-69.62532,-12.041424],[-69.62622,-12.038645],[-69.61801,-12.03347],[-69.615196,-12.03261],[-69.609558,-12.034137],[-69.600387,-12.033382],[-69.596578,-12.034075],[-69.592917,-12.039331],[-69.588144,-12.04338],[-69.586194,-12.048055],[-69.585261,-12.048453],[-69.580048,-12.043956],[-69.575351,-12.03183],[-69.572208,-12.031241],[-69.569676,-12.033699],[-69.566677,-12.04521],[-69.565149,-12.045664],[-69.564539,-12.043411],[-69.566611,-12.03989],[-69.566689,-12.037834],[-69.565779,-12.035925],[-69.562726,-12.034921],[-69.56064,-12.036043],[-69.559007,-12.038896],[-69.558352,-12.045966],[-69.554792,-12.047578],[-69.54898,-12.044884],[-69.54728,-12.042327],[-69.549745,-12.03372],[-69.549017,-12.03154],[-69.545396,-12.030465],[-69.54304,-12.024789],[-69.536021,-12.023054],[-69.531607,-12.023621],[-69.524254,-12.029261],[-69.524965,-12.032127],[-69.528807,-12.034284],[-69.531601,-12.034405],[-69.534932,-12.032811],[-69.535904,-12.033711],[-69.534255,-12.038042],[-69.530383,-12.039619],[-69.527888,-12.042491],[-69.527517,-12.044836],[-69.52895,-12.051523],[-69.523195,-12.054708],[-69.520901,-12.057399],[-69.519314,-12.061081],[-69.520576,-12.064956],[-69.519782,-12.0664],[-69.507361,-12.067],[-69.499944,-12.065105]]]},"properties":{"id":"piedras","nombre":"Río Las Piedras","capas_trazado":["RIOS_PRINCIPALES","Hidrografia_mdd"],"fecha_trazado":null,"metadatos_RioPrin":[{"FUENTE":"Gobierno Regional Madre de Dios","FECREG":"2020-01-27","NOMRIO":"LAS PIEDRAS","CUENCA":"Las Piedras"}]}},{"type":"Feature","geometry":{"type":"MultiLineString","coordinates":[[[-72.226114,-11.710817],[-72.225744,-11.711385]],[[-72.22446,-11.712375],[-72.223473,-11.712927]],[[-72.223629,-11.697061],[-72.222727,-11.696563]],[[-72.222439,-11.703285],[-72.223566,-11.704848]],[[-72.223299,-11.713035],[-72.220367,-11.715364]],[[-72.219922,-11.715737],[-72.218648,-11.717072]],[[-72.201693,-11.74024],[-72.203757,-11.733902],[-72.200252,-11.7311],[-72.195465,-11.731486],[-72.195634,-11.726453],[-72.1933,-11.72423],[-72.193421,-11.722991],[-72.197737,-11.720342],[-72.218098,-11.717549]],[[-72.218577,-11.989931],[-72.217497,-11.986904],[-72.219907,-11.986133],[-72.22049,-11.985158],[-72.219006,-11.981542],[-72.223033,-11.979359],[-72.223203,-11.977473],[-72.221852,-11.974802],[-72.225053,-11.972445],[-72.221504,-11.964157],[-72.225397,-11.957079],[-72.224523,-11.955186],[-72.219878,-11.953534],[-72.216727,-11.950999],[-72.214595,-11.950855],[-72.209371,-11.953707],[-72.207096,-11.958257],[-72.204899,-11.958991],[-72.201283,-11.958024],[-72.195911,-11.951462],[-72.186982,-11.954062],[-72.184016,-11.95279],[-72.179685,-11.953376],[-72.179245,-11.951454],[-72.182316,-11.94676],[-72.173829,-11.942783],[-72.174829,-11.938677],[-72.17684,-11.937537],[-72.175934,-11.935037],[-72.170178,-11.933854],[-72.167107,-11.934141],[-72.165408,-11.931897],[-72.168404,-11.932141],[-72.168782,-11.930942],[-72.166844,-11.928582],[-72.158383,-11.929426],[-72.156148,-11.927812],[-72.156723,-11.925437],[-72.161334,-11.922769],[-72.161104,-11.919276],[-72.158499,-11.917014],[-72.159712,-11.915291],[-72.161822,-11.915664],[-72.163119,-11.914579],[-72.162105,-11.908876],[-72.158701,-11.903775],[-72.150706,-11.901466],[-72.148568,-11.897551],[-72.148063,-11.893805],[-72.146626,-11.892518],[-72.145949,-11.886328],[-72.142226,-11.88327],[-72.141447,-11.881071],[-72.145941,-11.873857],[-72.152761,-11.873618],[-72.158729,-11.869772],[-72.163483,-11.871118],[-72.165475,-11.87593],[-72.163731,-11.880558],[-72.165174,-11.881803],[-72.166775,-11.881424]],[[-72.218279,-11.990746],[-72.218427,-11.990638]],[[-72.214921,-11.993908],[-72.214603,-11.993601]],[[-72.213532,-12.00068],[-72.213537,-12.000641]],[[-72.213326,-11.999949],[-72.21445,-11.998164],[-72.214329,-11.994335],[-72.212907,-11.993042],[-72.217832,-11.990163],[-72.21682,-11.986505],[-72.219879,-11.984981],[-72.218395,-11.98147],[-72.22272,-11.978704],[-72.221,-11.973996],[-72.224327,-11.972372],[-72.221866,-11.968779],[-72.22075,-11.963814],[-72.224314,-11.956092],[-72.219034,-11.954312],[-72.216466,-11.952135],[-72.21208,-11.952401],[-72.207259,-11.959927],[-72.204774,-11.960902],[-72.196634,-11.954536],[-72.192747,-11.954385],[-72.187776,-11.955839],[-72.185711,-11.95541],[-72.183734,-11.953299],[-72.180038,-11.954595]],[[-72.194717,-12.026224],[-72.196005,-12.028717],[-72.199336,-12.024475],[-72.200582,-12.024383],[-72.201941,-12.026175],[-72.206693,-12.024961],[-72.208097,-12.023385],[-72.207758,-12.020808],[-72.211368,-12.021636],[-72.214623,-12.017561],[-72.21483,-12.016027],[-72.212107,-12.011168],[-72.2169,-12.006498],[-72.213323,-12.001372]],[[-72.213197,-12.000661],[-72.213197,-12.00066]],[[-72.210373,-12.0225],[-72.211399,-12.022382]],[[-72.208761,-12.023705],[-72.20883,-12.023443]],[[-72.203051,-11.735966],[-72.203262,-11.734209],[-72.20174,-11.732604],[-72.199083,-11.731822],[-72.196247,-11.732712],[-72.195212,-11.732182],[-72.194876,-11.726676],[-72.192602,-11.723955],[-72.19318,-11.7222],[-72.199261,-11.719474],[-72.21053,-11.717401],[-72.216832,-11.717424],[-72.224732,-11.711408],[-72.225713,-11.709735],[-72.224952,-11.707024],[-72.221774,-11.703781],[-72.221984,-11.696245],[-72.22124,-11.694782],[-72.218707,-11.693683],[-72.213097,-11.694936],[-72.211441,-11.693704],[-72.214057,-11.687884],[-72.213787,-11.68648],[-72.211815,-11.686073],[-72.209999,-11.686918],[-72.207164,-11.690744],[-72.204915,-11.690717],[-72.203776,-11.689159]],[[-72.203756,-11.688438],[-72.204924,-11.680446],[-72.201168,-11.676745],[-72.200087,-11.674451],[-72.195863,-11.670919],[-72.19343,-11.66619],[-72.188182,-11.665774],[-72.18805,-11.669754],[-72.184682,-11.671997],[-72.182823,-11.67208],[-72.179981,-11.669895],[-72.179843,-11.667788],[-72.183499,-11.664249],[-72.191161,-11.662541],[-72.191811,-11.657479],[-72.190284,-11.654271],[-72.183447,-11.650348],[-72.180223,-11.649807],[-72.186457,-11.657661],[-72.186587,-11.659924],[-72.184223,-11.660342],[-72.173891,-11.649435],[-72.17053,-11.643444],[-72.15935,-11.643142],[-72.157527,-11.637094],[-72.152508,-11.63111],[-72.15227,-11.624198],[-72.151274,-11.623078],[-72.147393,-11.624923],[-72.146457,-11.626894],[-72.153229,-11.645388],[-72.140287,-11.64962],[-72.139307,-11.64884],[-72.138901,-11.644835],[-72.141408,-11.637451],[-72.141049,-11.635419],[-72.127171,-11.626847],[-72.113156,-11.620569],[-72.106525,-11.615413],[-72.099795,-11.612822],[-72.097101,-11.609957],[-72.094355,-11.602782],[-72.091707,-11.600435],[-72.089069,-11.599623]],[[-72.206837,-11.957263],[-72.204674,-11.958253]],[[-72.163037,-11.870098],[-72.165923,-11.86487],[-72.173713,-11.861436],[-72.174041,-11.85831],[-72.172223,-11.855391],[-72.164553,-11.852666],[-72.157792,-11.847102],[-72.158233,-11.844956],[-72.156272,-11.843768],[-72.152401,-11.833555],[-72.153444,-11.827008],[-72.152536,-11.825138],[-72.152837,-11.81974],[-72.151479,-11.813123],[-72.155378,-11.808189],[-72.163566,-11.803731],[-72.169299,-11.807487],[-72.17838,-11.807045],[-72.180578,-11.807498],[-72.182012,-11.809306],[-72.183072,-11.808578],[-72.183418,-11.806331],[-72.181996,-11.804613],[-72.17627,-11.804158],[-72.17405,-11.802635],[-72.174056,-11.800235],[-72.176193,-11.796672],[-72.17477,-11.789055],[-72.17586,-11.783781],[-72.173118,-11.772941],[-72.176312,-11.768923],[-72.183765,-11.76968],[-72.180366,-11.760753],[-72.180203,-11.758041],[-72.182145,-11.756388],[-72.187697,-11.756965],[-72.188252,-11.754629],[-72.186551,-11.750804],[-72.187385,-11.749534],[-72.191854,-11.748384],[-72.196815,-11.750513],[-72.199824,-11.744373],[-72.195937,-11.742103],[-72.195779,-11.740814],[-72.196827,-11.740005],[-72.201123,-11.739785]],[[-72.164364,-11.871335],[-72.165916,-11.865878],[-72.168933,-11.863619],[-72.173742,-11.862444],[-72.174906,-11.859062],[-72.173278,-11.855288],[-72.163983,-11.851572],[-72.158583,-11.846871],[-72.159015,-11.84499],[-72.156949,-11.843487],[-72.15304,-11.833093],[-72.155391,-11.827008],[-72.157577,-11.824036],[-72.157291,-11.821548],[-72.15925,-11.815137],[-72.157416,-11.813761],[-72.153111,-11.815185],[-72.152216,-11.813018],[-72.156367,-11.808078],[-72.163845,-11.804267],[-72.166035,-11.806636],[-72.169233,-11.808205],[-72.179229,-11.807868],[-72.18183,-11.810034],[-72.183273,-11.809725],[-72.183993,-11.807322],[-72.182563,-11.80421],[-72.176275,-11.803532],[-72.174839,-11.802303],[-72.177054,-11.796063],[-72.175561,-11.788557],[-72.176733,-11.783825],[-72.176206,-11.779545],[-72.173722,-11.77351],[-72.17674,-11.769553],[-72.18408,-11.77061],[-72.184798,-11.768699],[-72.184123,-11.764546],[-72.182145,-11.762714],[-72.181046,-11.758181],[-72.182742,-11.757244],[-72.18668,-11.758197],[-72.188381,-11.757256],[-72.188893,-11.754653],[-72.18777,-11.750053],[-72.192477,-11.749378],[-72.196245,-11.751376],[-72.19762,-11.751046],[-72.198392,-11.747683],[-72.200169,-11.746307],[-72.200616,-11.744648],[-72.199698,-11.743269],[-72.196785,-11.742115],[-72.196413,-11.740997],[-72.201104,-11.74067]],[[-72.200583,-12.025942],[-72.201173,-12.026935],[-72.203257,-12.026557]],[[-72.179326,-11.954422],[-72.178362,-11.952573]],[[-72.176456,-11.945284],[-72.176357,-11.945242]],[[-72.173683,-11.940287],[-72.174149,-11.938406]],[[-72.17421,-11.944062],[-72.172875,-11.942936],[-72.173012,-11.941872]],[[-72.167855,-11.931491],[-72.167999,-11.931455]],[[-72.167263,-11.935002],[-72.165864,-11.934009]],[[-72.166653,-11.93107],[-72.166672,-11.931077]],[[-72.166035,-11.876857],[-72.166012,-11.874819]],[[-72.156924,-11.634658],[-72.158653,-11.636949],[-72.159474,-11.642135],[-72.162737,-11.642561]],[[-72.164625,-11.932401],[-72.165025,-11.931232]],[[-72.159201,-11.905467],[-72.157919,-11.904173]],[[-72.157027,-11.924359],[-72.159964,-11.922564],[-72.160614,-11.92093],[-72.157882,-11.91755]],[[-72.157622,-11.930016],[-72.157277,-11.929884]],[[-72.156617,-11.929524],[-72.156107,-11.929016]],[[-72.151267,-11.622369],[-72.148478,-11.623129],[-72.145849,-11.62626],[-72.152369,-11.645091],[-72.140348,-11.648632],[-72.1401,-11.642953],[-72.14217,-11.637265],[-72.140839,-11.634366],[-72.12841,-11.626852],[-72.112983,-11.619575],[-72.106665,-11.614571],[-72.100566,-11.612247],[-72.098177,-11.609992],[-72.096376,-11.604397],[-72.093279,-11.600244]],[[-72.151642,-11.902802],[-72.149691,-11.902015]],[[-72.148393,-11.899502],[-72.149691,-11.902015]],[[-72.149691,-11.902015],[-72.149244,-11.90072],[-72.148393,-11.899502]],[[-72.148393,-11.899502],[-72.148181,-11.898461]],[[-72.147505,-11.895072],[-72.147425,-11.894385]],[[-72.146849,-11.893818],[-72.144787,-11.894263],[-72.143763,-11.892014],[-72.145343,-11.890012]],[[-72.146459,-11.893602],[-72.145343,-11.890012]],[[-72.145982,-11.873023],[-72.146175,-11.872925]],[[-72.145343,-11.890012],[-72.14534,-11.88979]],[[-72.144019,-11.88528],[-72.142482,-11.884448]],[[-72.092658,-11.59986],[-72.085031,-11.598799],[-72.082103,-11.599411],[-72.078904,-11.601428],[-72.077567,-11.604751],[-72.079194,-11.610544],[-72.078558,-11.613027],[-72.075526,-11.61743],[-72.072059,-11.619799],[-72.070396,-11.619854],[-72.068313,-11.618415],[-72.067864,-11.615368],[-72.069088,-11.61093],[-72.068514,-11.609588],[-72.066838,-11.610009],[-72.06467,-11.61361],[-72.061059,-11.615513],[-72.056003,-11.615923],[-72.053912,-11.615145],[-72.052911,-11.613693],[-72.053291,-11.606363],[-72.052221,-11.605524],[-72.050213,-11.605819],[-72.044984,-11.612229],[-72.043691,-11.615866],[-72.043968,-11.621086],[-72.041964,-11.622288],[-72.039356,-11.620583],[-72.038389,-11.618609],[-72.040628,-11.612007],[-72.040166,-11.609892],[-72.036823,-11.606974],[-72.030602,-11.605608],[-72.02953,-11.604458],[-72.029384,-11.601389],[-72.033356,-11.598648],[-72.033994,-11.596456],[-72.027802,-11.592085],[-72.026292,-11.5881]],[[-72.084043,-11.599672],[-72.083181,-11.59985]],[[-72.081858,-11.600305],[-72.080483,-11.601037]],[[-72.080399,-11.601088],[-72.078364,-11.605367]],[[-72.079924,-11.610651],[-72.079691,-11.613378],[-72.077544,-11.616028]],[[-72.076674,-11.617225],[-72.075992,-11.61799]],[[-72.074552,-11.624562],[-72.074587,-11.621873],[-72.072794,-11.620274]],[[-72.074046,-11.619571],[-72.073735,-11.619792]],[[-72.068351,-11.610894],[-72.067231,-11.610748]],[[-72.068228,-11.619478],[-72.067162,-11.617279]],[[-72.067345,-11.613909],[-72.067419,-11.613647]],[[-72.067135,-11.617176],[-72.067259,-11.614285]],[[-72.064299,-11.614668],[-72.061714,-11.61598]],[[-72.057628,-11.616854],[-72.055094,-11.61645]],[[-72.054748,-11.616321],[-72.053976,-11.61597]],[[-72.052235,-11.613971],[-72.052212,-11.613908]],[[-72.052188,-11.613813],[-72.052073,-11.613075]],[[-72.052133,-11.611749],[-72.052345,-11.606831],[-72.0495,-11.607331]],[[-72.044684,-11.614885],[-72.044692,-11.621195]],[[-72.042073,-11.622755],[-72.039742,-11.621964],[-72.037893,-11.619102],[-72.037967,-11.616676],[-72.039967,-11.612565],[-72.038589,-11.609171],[-72.027786,-11.604857]],[[-72.025563,-11.588166],[-72.018827,-11.593136]],[[-71.969773,-11.619053],[-71.966222,-11.619425],[-71.963494,-11.618208],[-71.961839,-11.615024],[-71.961465,-11.611834],[-71.959521,-11.611372],[-71.955135,-11.615774],[-71.951867,-11.615913],[-71.950731,-11.616824],[-71.95329,-11.622612],[-71.949144,-11.631164],[-71.947116,-11.633381],[-71.944388,-11.633186],[-71.930069,-11.625919],[-71.926881,-11.626367],[-71.926339,-11.628904]],[[-71.966132,-11.599575],[-71.970788,-11.609901],[-71.971972,-11.614637],[-71.97146,-11.616409],[-71.968188,-11.618921],[-71.964434,-11.617798],[-71.962994,-11.615946],[-71.962637,-11.611302],[-71.96103,-11.609848],[-71.958941,-11.609982],[-71.95511,-11.614628],[-71.949876,-11.616224],[-71.952073,-11.622139],[-71.947923,-11.631768],[-71.945808,-11.632791],[-71.941725,-11.630769]],[[-71.941112,-11.630374],[-71.933,-11.625942],[-71.928262,-11.624804],[-71.926363,-11.625401],[-71.925355,-11.627759],[-71.926691,-11.635364],[-71.930728,-11.642764],[-71.929144,-11.645657],[-71.924099,-11.649386],[-71.917084,-11.64948],[-71.913303,-11.648441],[-71.898603,-11.639727]],[[-71.927232,-11.634338],[-71.931648,-11.642025]],[[-71.898765,-11.638129],[-71.898787,-11.639011]],[[-71.898216,-11.662568],[-71.894299,-11.665015],[-71.887743,-11.666305],[-71.87767,-11.659613],[-71.867773,-11.654593],[-71.864438,-11.651238],[-71.8624,-11.650475],[-71.84639,-11.655185],[-71.840688,-11.658003],[-71.832837,-11.663962],[-71.828663,-11.664422],[-71.821953,-11.661051],[-71.819634,-11.655602],[-71.820093,-11.652291],[-71.824898,-11.64732],[-71.82458,-11.646071],[-71.822099,-11.645888],[-71.819903,-11.648085],[-71.816822,-11.656821],[-71.815523,-11.657991],[-71.812228,-11.657892],[-71.805869,-11.653833],[-71.801767,-11.652381],[-71.794051,-11.655371],[-71.791877,-11.653537],[-71.792742,-11.6509],[-71.799418,-11.64892],[-71.802482,-11.645931],[-71.802483,-11.644164],[-71.800557,-11.642926],[-71.794131,-11.642238],[-71.784249,-11.639563]],[[-71.789409,-11.63969],[-71.782402,-11.639075],[-71.775735,-11.644801],[-71.770052,-11.647469],[-71.757713,-11.648766],[-71.752163,-11.650399],[-71.747029,-11.650201],[-71.744681,-11.648466],[-71.743671,-11.64554],[-71.749324,-11.63873],[-71.747858,-11.637378],[-71.742755,-11.637028],[-71.741106,-11.635221],[-71.740324,-11.631758],[-71.741325,-11.630792],[-71.74109,-11.627908],[-71.743853,-11.627582],[-71.744365,-11.625265],[-71.741916,-11.624002]],[[-71.780795,-11.64136],[-71.772149,-11.64839],[-71.758877,-11.649856],[-71.752483,-11.651497]],[[-71.755134,-11.655562],[-71.752483,-11.651497]],[[-71.752483,-11.651497],[-71.74911,-11.651867],[-71.745102,-11.650299],[-71.742879,-11.647394],[-71.743017,-11.645119]],[[-71.745474,-11.641625],[-71.746302,-11.639367],[-71.740866,-11.637427],[-71.738421,-11.630865],[-71.734702,-11.629702],[-71.733271,-11.630562],[-71.73262,-11.633256],[-71.735075,-11.643924],[-71.732871,-11.647754],[-71.728415,-11.64944],[-71.721888,-11.648803],[-71.715165,-11.646038],[-71.71141,-11.646152],[-71.7063,-11.65395],[-71.695239,-11.657793],[-71.694294,-11.661829],[-71.69756,-11.664629],[-71.700153,-11.664292],[-71.705833,-11.659694],[-71.708852,-11.660094],[-71.706188,-11.673335],[-71.703831,-11.676256],[-71.698435,-11.678077],[-71.694766,-11.67607],[-71.692359,-11.670793],[-71.690172,-11.668418],[-71.683013,-11.672723],[-71.682417,-11.677702],[-71.686091,-11.683208],[-71.685948,-11.684675],[-71.673322,-11.684775],[-71.670645,-11.687003],[-71.671979,-11.689724],[-71.678159,-11.693487],[-71.678209,-11.696715],[-71.677225,-11.697933],[-71.67499,-11.698512],[-71.672739,-11.697553],[-71.659268,-11.682142],[-71.652964,-11.680168],[-71.651144,-11.681482],[-71.654818,-11.687964],[-71.65559,-11.693268],[-71.654869,-11.696288],[-71.651307,-11.698992],[-71.64119,-11.699543],[-71.638126,-11.700933],[-71.63832,-11.707317],[-71.639426,-11.708263],[-71.642715,-11.708026],[-71.641802,-11.702478],[-71.642351,-11.701391],[-71.649881,-11.702324],[-71.651808,-11.701088],[-71.654918,-11.7019],[-71.659402,-11.704624],[-71.659373,-11.708711],[-71.658394,-11.709405],[-71.656481,-11.708878],[-71.656766,-11.71046],[-71.658741,-11.711251],[-71.661513,-11.710491],[-71.662937,-11.71157],[-71.663199,-11.713398],[-71.665856,-11.712517],[-71.66879,-11.714972],[-71.6676,-11.716868],[-71.663527,-11.715393],[-71.663251,-11.716753],[-71.666233,-11.718024],[-71.670202,-11.717648],[-71.670198,-11.720793],[-71.671371,-11.721812],[-71.68035,-11.722079],[-71.68097,-11.723319],[-71.680255,-11.724185],[-71.670776,-11.726968],[-71.66979,-11.730874],[-71.671238,-11.73235],[-71.672474,-11.732517],[-71.671896,-11.729703],[-71.673013,-11.728748],[-71.675603,-11.731438],[-71.679143,-11.731385],[-71.685518,-11.735371],[-71.688429,-11.735743],[-71.688729,-11.734734],[-71.686699,-11.732551],[-71.686987,-11.730735],[-71.688624,-11.730371],[-71.692348,-11.731873],[-71.693618,-11.730417]],[[-71.713297,-11.635557],[-71.712606,-11.637134],[-71.712736,-11.639196],[-71.713977,-11.639877],[-71.71305,-11.640957],[-71.714162,-11.643116],[-71.713511,-11.644813],[-71.709556,-11.646101],[-71.706314,-11.652702],[-71.6978,-11.655484]],[[-71.644261,-11.7283],[-71.638033,-11.736643],[-71.635338,-11.742631],[-71.633007,-11.743938],[-71.627117,-11.743109],[-71.611499,-11.734902],[-71.60685,-11.734183],[-71.603959,-11.74166],[-71.60193,-11.754695],[-71.598909,-11.764747],[-71.600619,-11.76573],[-71.598533,-11.765715],[-71.595016,-11.769106],[-71.589028,-11.770726],[-71.584765,-11.769861],[-71.579868,-11.767395],[-71.577554,-11.767434],[-71.575884,-11.76863],[-71.576634,-11.77921],[-71.574535,-11.786181],[-71.569203,-11.791826],[-71.568079,-11.796253],[-71.570796,-11.798576],[-71.573303,-11.798219],[-71.581159,-11.787673],[-71.588289,-11.789792],[-71.594001,-11.794257],[-71.596107,-11.798768],[-71.595298,-11.802892],[-71.591417,-11.808617]],[[-71.630992,-11.697361],[-71.628447,-11.695842],[-71.622991,-11.694926],[-71.620463,-11.695515],[-71.616904,-11.697983],[-71.613507,-11.707139],[-71.614529,-11.719685],[-71.616038,-11.722258],[-71.61837,-11.723133],[-71.623608,-11.720877],[-71.627434,-11.721173],[-71.641553,-11.727172],[-71.642982,-11.728478],[-71.642487,-11.729724],[-71.636874,-11.736287],[-71.633906,-11.742212],[-71.632131,-11.742989],[-71.627914,-11.742266],[-71.609826,-11.73323],[-71.605262,-11.733113],[-71.597967,-11.764211],[-71.594732,-11.767228],[-71.590092,-11.769041],[-71.586187,-11.768574],[-71.578414,-11.765036],[-71.575524,-11.765597],[-71.57416,-11.768554],[-71.575326,-11.777563],[-71.574447,-11.781708]],[[-71.574276,-11.782409],[-71.572627,-11.786056],[-71.567017,-11.792569],[-71.566831,-11.797757],[-71.569687,-11.80022],[-71.573201,-11.799899],[-71.575456,-11.798257],[-71.581852,-11.789526],[-71.583846,-11.789429],[-71.589882,-11.792207],[-71.594076,-11.796096],[-71.595261,-11.799987],[-71.592497,-11.80571],[-71.588897,-11.809614],[-71.585465,-11.811817],[-71.567285,-11.807428],[-71.554198,-11.806056],[-71.549456,-11.806856],[-71.544263,-11.811119]],[[-71.543585,-11.810845],[-71.543355,-11.8088],[-71.541882,-11.809286],[-71.540782,-11.807363],[-71.539557,-11.807387],[-71.539801,-11.806085],[-71.538729,-11.805226],[-71.539641,-11.8022],[-71.537951,-11.801319],[-71.53795,-11.800342]],[[-71.52618,-11.823667],[-71.523954,-11.815608],[-71.522335,-11.814321],[-71.516709,-11.815243],[-71.514895,-11.816926],[-71.513034,-11.821181],[-71.510787,-11.822596],[-71.507401,-11.820855],[-71.507118,-11.814313],[-71.50635,-11.813107],[-71.5,-11.813428]],[[-71.516643,-11.81304],[-71.511941,-11.820071],[-71.510159,-11.820797],[-71.508382,-11.819152],[-71.508605,-11.813063],[-71.507589,-11.811388],[-71.503642,-11.810616],[-71.5,-11.811558],[-71.496563,-11.81408],[-71.490776,-11.822524],[-71.48702,-11.824168],[-71.4844,-11.82352],[-71.483392,-11.822193],[-71.482281,-11.812319],[-71.476027,-11.810866],[-71.47183,-11.811314],[-71.468998,-11.813523],[-71.467526,-11.816364],[-71.467711,-11.827266],[-71.466749,-11.834229],[-71.464651,-11.839515],[-71.461769,-11.843302],[-71.458559,-11.844713],[-71.4537,-11.843946],[-71.45085,-11.84201]],[[-71.4502,-11.841577],[-71.437638,-11.832135],[-71.433637,-11.831237],[-71.429621,-11.832983],[-71.421971,-11.843234],[-71.420119,-11.849825],[-71.422276,-11.852164],[-71.427117,-11.853679],[-71.430682,-11.853443],[-71.434449,-11.851837],[-71.438828,-11.845459],[-71.441809,-11.845065],[-71.442507,-11.848084],[-71.439256,-11.85527],[-71.437886,-11.862612],[-71.43937,-11.864458],[-71.445324,-11.867572],[-71.446492,-11.8695],[-71.433004,-11.87611],[-71.428558,-11.876427],[-71.425655,-11.873768],[-71.423062,-11.866781],[-71.420894,-11.86599],[-71.418533,-11.867271],[-71.41619,-11.871308],[-71.416376,-11.874031],[-71.421681,-11.88389],[-71.427593,-11.89104],[-71.426546,-11.894082],[-71.422578,-11.897425],[-71.418348,-11.898991],[-71.411213,-11.89869],[-71.407609,-11.896296],[-71.402445,-11.88982],[-71.399725,-11.888908],[-71.397171,-11.890343],[-71.394075,-11.899309],[-71.389923,-11.903471],[-71.379195,-11.908234],[-71.36702,-11.908485],[-71.359254,-11.911124],[-71.357395,-11.910675],[-71.357034,-11.908977],[-71.3623,-11.904116],[-71.36327,-11.901953],[-71.360954,-11.896993],[-71.358876,-11.895626],[-71.356824,-11.895669],[-71.352711,-11.898676],[-71.350916,-11.901717]],[[-71.449894,-11.882434],[-71.449434,-11.881292],[-71.446474,-11.881711],[-71.445252,-11.879493],[-71.448092,-11.875731],[-71.448576,-11.872415],[-71.443298,-11.872643],[-71.435903,-11.876713],[-71.42881,-11.877981],[-71.425319,-11.875853],[-71.422222,-11.868237],[-71.420242,-11.868021],[-71.418265,-11.870901],[-71.41813,-11.874056],[-71.427724,-11.889339],[-71.428354,-11.891697],[-71.426587,-11.895481],[-71.421654,-11.899303]],[[-71.420972,-11.89957],[-71.413818,-11.900694],[-71.409394,-11.899475],[-71.40148,-11.891301],[-71.396319,-11.894509]],[[-71.387941,-11.90538],[-71.384944,-11.906525]],[[-71.382434,-11.907674],[-71.378515,-11.909571],[-71.366738,-11.90996],[-71.359606,-11.912477],[-71.356819,-11.912192],[-71.355691,-11.910679],[-71.356022,-11.908514],[-71.361433,-11.901084],[-71.358625,-11.897176],[-71.355288,-11.897751],[-71.353039,-11.900583],[-71.351101,-11.906106],[-71.345513,-11.912746],[-71.353086,-11.916066],[-71.354513,-11.91782],[-71.354631,-11.920241],[-71.351111,-11.926016],[-71.343932,-11.931537],[-71.337705,-11.931548],[-71.334467,-11.929869],[-71.332583,-11.927749],[-71.329608,-11.91966],[-71.327928,-11.917867],[-71.323284,-11.919408],[-71.321582,-11.921639],[-71.322529,-11.924357],[-71.330229,-11.932253],[-71.333155,-11.93656],[-71.333732,-11.940838],[-71.331261,-11.94537]],[[-71.350751,-11.902421],[-71.349779,-11.905935],[-71.344458,-11.910654],[-71.343801,-11.912541],[-71.345319,-11.914643],[-71.349608,-11.9159],[-71.352491,-11.917924],[-71.353123,-11.921053],[-71.349425,-11.926248],[-71.345098,-11.929689],[-71.33927,-11.930408],[-71.335746,-11.9297],[-71.332909,-11.925881],[-71.330086,-11.918406],[-71.327101,-11.916592],[-71.322525,-11.918019],[-71.32058,-11.919681],[-71.320454,-11.921641],[-71.322348,-11.925945],[-71.329805,-11.933229],[-71.332196,-11.936736],[-71.332269,-11.939575],[-71.330104,-11.943526],[-71.325988,-11.944428],[-71.320736,-11.941227],[-71.319109,-11.936604],[-71.318362,-11.930015],[-71.315548,-11.926526],[-71.312222,-11.926692],[-71.309871,-11.928373],[-71.307088,-11.936192]],[[-71.329561,-11.945838],[-71.323015,-11.944469],[-71.320251,-11.942535],[-71.31763,-11.938177],[-71.316959,-11.929784],[-71.314655,-11.928208],[-71.309856,-11.929891],[-71.307517,-11.939774],[-71.304462,-11.943245],[-71.297192,-11.945395],[-71.293639,-11.945126],[-71.289212,-11.942912],[-71.287729,-11.943065],[-71.275273,-11.953288],[-71.272913,-11.95773],[-71.272563,-11.960676],[-71.273682,-11.964475],[-71.277974,-11.968011],[-71.280654,-11.967643],[-71.287005,-11.96396],[-71.292284,-11.964301],[-71.2935,-11.96656],[-71.293899,-11.972912],[-71.292165,-11.976951],[-71.276304,-11.985977],[-71.272125,-11.987012],[-71.267605,-11.982876],[-71.264081,-11.976177],[-71.257816,-11.973576],[-71.250336,-11.967981],[-71.247482,-11.968213],[-71.240832,-11.976835],[-71.240576,-11.985373],[-71.243024,-11.996603],[-71.241299,-12.0]],[[-71.306803,-11.937224],[-71.305195,-11.940818],[-71.301771,-11.942476],[-71.295507,-11.94345],[-71.288656,-11.940607],[-71.282224,-11.946641]],[[-71.279769,-11.948266],[-71.278363,-11.949188]],[[-71.277763,-11.949604],[-71.273442,-11.952739],[-71.272064,-11.954795],[-71.271124,-11.95976],[-71.272175,-11.965139],[-71.274114,-11.967659],[-71.277463,-11.969796],[-71.280888,-11.969237],[-71.287666,-11.965507],[-71.291269,-11.965838],[-71.292263,-11.970686],[-71.28985,-11.977146],[-71.271772,-11.985607],[-71.268477,-11.982054],[-71.266425,-11.974135],[-71.260403,-11.971902]],[[-71.259676,-11.971802],[-71.25138,-11.966805],[-71.248051,-11.966755],[-71.24592,-11.967987],[-71.240653,-11.97443],[-71.239259,-11.981819],[-71.239631,-11.98678]],[[-71.238727,-11.99997],[-71.233261,-12.002412],[-71.222877,-12.003134],[-71.217534,-12.00541],[-71.215268,-12.008348],[-71.213063,-12.015825],[-71.211156,-12.017767],[-71.205392,-12.017568],[-71.197115,-12.012566],[-71.193394,-12.013059],[-71.18555,-12.019441],[-71.182682,-12.02504],[-71.183386,-12.028492],[-71.187967,-12.034964],[-71.187439,-12.036396],[-71.183528,-12.036909],[-71.178954,-12.031866],[-71.175195,-12.030417],[-71.166604,-12.034953],[-71.159076,-12.035596],[-71.155135,-12.041398],[-71.155465,-12.049438],[-71.1519,-12.055061],[-71.151158,-12.060254],[-71.149689,-12.062518],[-71.144826,-12.063936],[-71.134309,-12.059902],[-71.131475,-12.060378],[-71.128647,-12.062299],[-71.126722,-12.06581],[-71.127384,-12.068012],[-71.13182,-12.073342],[-71.131035,-12.077311],[-71.129781,-12.079146],[-71.127338,-12.080368],[-71.124529,-12.080814],[-71.119685,-12.079601],[-71.11607,-12.082454],[-71.115772,-12.084177],[-71.116489,-12.086765],[-71.11887,-12.088656],[-71.12354,-12.087541],[-71.124988,-12.088443],[-71.125343,-12.094408],[-71.127697,-12.099379],[-71.127861,-12.102011],[-71.124826,-12.103843],[-71.121336,-12.103924],[-71.11959,-12.102995],[-71.117548,-12.099853],[-71.1177,-12.092578],[-71.11646,-12.091102],[-71.114516,-12.090773],[-71.111623,-12.092236],[-71.108897,-12.097598],[-71.103897,-12.099849],[-71.097968,-12.105078],[-71.096614,-12.110911],[-71.101263,-12.11673],[-71.099556,-12.124314],[-71.089916,-12.132385],[-71.077016,-12.138933],[-71.074375,-12.143274],[-71.074994,-12.147153],[-71.076939,-12.149946],[-71.08426,-12.15339],[-71.084558,-12.155124],[-71.083082,-12.157132],[-71.079937,-12.157584],[-71.06903,-12.15281],[-71.067315,-12.149588],[-71.067563,-12.143732],[-71.06565,-12.14103],[-71.061017,-12.139356],[-71.055983,-12.139497],[-71.053412,-12.138221]],[[-71.130103,-12.105969],[-71.12821,-12.107412],[-71.124558,-12.107872],[-71.119274,-12.105227],[-71.116241,-12.100816],[-71.116594,-12.094024],[-71.114959,-12.092326],[-71.113053,-12.093367],[-71.107006,-12.101198],[-71.099588,-12.105791],[-71.098557,-12.109905],[-71.103117,-12.118847],[-71.101118,-12.124982],[-71.087285,-12.136351],[-71.079028,-12.139329],[-71.076721,-12.14271],[-71.076178,-12.145881],[-71.077193,-12.147854],[-71.085283,-12.152198],[-71.086757,-12.154275],[-71.086358,-12.15684],[-71.083922,-12.159372],[-71.080159,-12.159604],[-71.075298,-12.156481],[-71.068511,-12.154045],[-71.065707,-12.151162],[-71.065,-12.147764],[-71.066221,-12.144199],[-71.06383,-12.141835],[-71.060957,-12.140717],[-71.049975,-12.140174],[-71.049107,-12.145527],[-71.051365,-12.149788],[-71.053821,-12.151143],[-71.061733,-12.150802],[-71.065371,-12.154825],[-71.066876,-12.159104],[-71.063817,-12.162315]],[[-71.056109,-12.136496],[-71.053412,-12.138221]],[[-71.053412,-12.138221],[-71.05124,-12.137961],[-71.048065,-12.141408],[-71.047339,-12.145377],[-71.048424,-12.148516],[-71.052286,-12.151987],[-71.059373,-12.151981],[-71.061096,-12.152751],[-71.064754,-12.156846],[-71.064399,-12.159846],[-71.062253,-12.161328],[-71.059765,-12.161402],[-71.049743,-12.160098],[-71.040198,-12.156669],[-71.036922,-12.156875],[-71.026847,-12.162779],[-71.022939,-12.168113],[-71.020295,-12.175636],[-71.013855,-12.179842]],[[-70.978581,-12.247635],[-70.97652,-12.248953],[-70.973331,-12.248867],[-70.967205,-12.243231],[-70.965056,-12.242686],[-70.963336,-12.244871],[-70.962387,-12.252947]],[[-70.967124,-12.199659],[-70.961215,-12.212223],[-70.961884,-12.217732],[-70.965365,-12.21925],[-70.971496,-12.218615],[-70.973861,-12.220771],[-70.981972,-12.223664],[-70.984289,-12.2268],[-70.98399,-12.228475],[-70.978671,-12.230676],[-70.975259,-12.234011],[-70.975188,-12.238626],[-70.977599,-12.246521],[-70.976658,-12.247389],[-70.972902,-12.24699],[-70.968088,-12.241629],[-70.964305,-12.241672],[-70.961489,-12.244701],[-70.961923,-12.249602],[-70.960921,-12.252731],[-70.958691,-12.254037],[-70.954548,-12.253771],[-70.952256,-12.25132],[-70.952227,-12.248093],[-70.958864,-12.240664],[-70.959269,-12.23817],[-70.95822,-12.235838],[-70.954635,-12.233151],[-70.950136,-12.232436],[-70.937344,-12.23411],[-70.934063,-12.236596],[-70.933998,-12.240516],[-70.936246,-12.24235],[-70.943896,-12.243785],[-70.9466,-12.246762],[-70.946192,-12.24862],[-70.944354,-12.250458],[-70.935881,-12.251953],[-70.933505,-12.254426],[-70.934468,-12.258257],[-70.940965,-12.264053],[-70.941169,-12.267135]],[[-70.940732,-12.267716],[-70.937155,-12.270437],[-70.93224,-12.271563],[-70.924426,-12.266781],[-70.917331,-12.263767],[-70.91468,-12.264998],[-70.913043,-12.267196]],[[-70.91551,-12.246794],[-70.912516,-12.246509],[-70.909921,-12.247499],[-70.907474,-12.250954],[-70.907817,-12.257067],[-70.90922,-12.261219],[-70.913043,-12.267196]],[[-70.913043,-12.267196],[-70.909789,-12.270606],[-70.8985,-12.271439],[-70.887998,-12.273559],[-70.885063,-12.275772],[-70.882804,-12.27946]],[[-70.882804,-12.27946],[-70.879532,-12.286125],[-70.87671,-12.286819]],[[-70.882804,-12.27946],[-70.879224,-12.28325]],[[-70.879224,-12.28325],[-70.87671,-12.286819]],[[-70.879224,-12.28325],[-70.873627,-12.283964],[-70.872455,-12.282333],[-70.869009,-12.28435],[-70.869435,-12.286303],[-70.871876,-12.287807],[-70.87671,-12.286819]],[[-70.848581,-12.26818],[-70.836855,-12.272158],[-70.833432,-12.276192],[-70.824631,-12.275789],[-70.817462,-12.279667],[-70.816108,-12.279091],[-70.814984,-12.275208],[-70.816229,-12.270364],[-70.81567,-12.267919],[-70.813552,-12.264967],[-70.809454,-12.264222],[-70.807786,-12.26566],[-70.805615,-12.270274],[-70.804285,-12.277082],[-70.798892,-12.278466],[-70.790507,-12.283628],[-70.789641,-12.2863],[-70.791742,-12.290147],[-70.79008,-12.297491],[-70.787638,-12.299444],[-70.786154,-12.299492],[-70.777402,-12.294961],[-70.773785,-12.292025],[-70.76965,-12.286661],[-70.766602,-12.28647],[-70.763864,-12.288643],[-70.762553,-12.291107],[-70.760653,-12.298341],[-70.757083,-12.303184],[-70.755932,-12.30915],[-70.757687,-12.312712],[-70.76042,-12.314504],[-70.773959,-12.313716],[-70.775383,-12.315026],[-70.775308,-12.318364],[-70.77314,-12.320043],[-70.763137,-12.320115],[-70.759394,-12.321701],[-70.755908,-12.324605],[-70.751399,-12.331525],[-70.751265,-12.335946],[-70.749627,-12.339265],[-70.747859,-12.349291],[-70.745005,-12.351376],[-70.742054,-12.350997],[-70.74055,-12.347773],[-70.741533,-12.345337],[-70.744583,-12.343466],[-70.744791,-12.341613],[-70.736141,-12.332173]],[[-70.803655,-12.279456],[-70.7953,-12.284847],[-70.793832,-12.287366],[-70.791769,-12.297744],[-70.787799,-12.300644],[-70.784237,-12.300478],[-70.7771,-12.296733],[-70.768832,-12.287699],[-70.766685,-12.287607],[-70.764779,-12.288881],[-70.76192,-12.299359],[-70.757539,-12.30579],[-70.757168,-12.309569],[-70.758524,-12.312101],[-70.76,-12.312746],[-70.771077,-12.311767],[-70.774271,-12.312358],[-70.776058,-12.313853],[-70.777056,-12.317473],[-70.775392,-12.320451],[-70.772842,-12.321604],[-70.762838,-12.321459],[-70.759271,-12.323211],[-70.756692,-12.326955],[-70.751862,-12.338389],[-70.749827,-12.34883],[-70.747368,-12.351713],[-70.74543,-12.352689],[-70.742017,-12.352701],[-70.739384,-12.350321],[-70.739195,-12.3473],[-70.741835,-12.342287],[-70.741587,-12.339351],[-70.734579,-12.333286],[-70.730386,-12.334317],[-70.733918,-12.335025],[-70.735601,-12.336555],[-70.740008,-12.33816],[-70.740814,-12.339221],[-70.74043,-12.342697],[-70.738752,-12.3427],[-70.735743,-12.340176],[-70.735701,-12.341705],[-70.737897,-12.343099],[-70.735505,-12.342412],[-70.734712,-12.340479],[-70.735096,-12.337167],[-70.733532,-12.33569],[-70.730877,-12.335214],[-70.72712,-12.336908],[-70.721027,-12.342644],[-70.718667,-12.349422],[-70.718812,-12.351737],[-70.720329,-12.353692],[-70.719779,-12.354664],[-70.726083,-12.359922],[-70.725057,-12.357594],[-70.729189,-12.362851],[-70.729741,-12.367334],[-70.727404,-12.37289],[-70.72898,-12.374853],[-70.73304,-12.376934],[-70.734279,-12.380146],[-70.732424,-12.382389],[-70.729461,-12.382368],[-70.723644,-12.379766],[-70.717951,-12.375623],[-70.716069,-12.376147],[-70.714877,-12.378654],[-70.715566,-12.38099],[-70.719929,-12.385815],[-70.724398,-12.389226],[-70.729356,-12.391163],[-70.729973,-12.393697],[-70.72782,-12.397038]],[[-70.720335,-12.356787],[-70.728118,-12.364235],[-70.727853,-12.36563],[-70.724768,-12.368275],[-70.721194,-12.368317],[-70.715996,-12.364614],[-70.71064,-12.363183],[-70.706518,-12.357347],[-70.701634,-12.356365],[-70.69948,-12.358721],[-70.699196,-12.367917],[-70.701856,-12.369971],[-70.706723,-12.371039],[-70.707405,-12.372791],[-70.706521,-12.37532],[-70.699883,-12.378062],[-70.695709,-12.383966],[-70.696411,-12.386143],[-70.697383,-12.383744],[-70.697194,-12.393046],[-70.704793,-12.402598],[-70.704539,-12.406546],[-70.700739,-12.411109],[-70.700399,-12.417376],[-70.703564,-12.420923],[-70.711414,-12.421448],[-70.712975,-12.423126],[-70.712009,-12.424503],[-70.701478,-12.424564],[-70.695869,-12.429452],[-70.694647,-12.435559],[-70.699817,-12.44417],[-70.6993,-12.447323],[-70.695854,-12.448626],[-70.688181,-12.446801],[-70.683884,-12.446904],[-70.679472,-12.448065],[-70.675445,-12.450365],[-70.671858,-12.450039],[-70.670053,-12.448989],[-70.6675,-12.442502],[-70.663851,-12.440508],[-70.660956,-12.440628],[-70.657483,-12.443599],[-70.656414,-12.446156],[-70.656614,-12.448555],[-70.659118,-12.452576],[-70.667407,-12.456242],[-70.66938,-12.457951],[-70.669398,-12.459532],[-70.667413,-12.462272],[-70.660622,-12.467743],[-70.657062,-12.468491],[-70.655215,-12.467964],[-70.652865,-12.464063],[-70.653316,-12.45931],[-70.655161,-12.456608],[-70.654947,-12.453246],[-70.650532,-12.448643],[-70.644948,-12.447779],[-70.639436,-12.449599],[-70.636555,-12.45173],[-70.634164,-12.457464],[-70.634446,-12.463907],[-70.635436,-12.463812],[-70.634965,-12.466424],[-70.631639,-12.469479],[-70.627442,-12.470972],[-70.625121,-12.470652],[-70.622438,-12.468225],[-70.619006,-12.459085],[-70.615223,-12.455047],[-70.610252,-12.45355],[-70.603759,-12.454956],[-70.594537,-12.46008],[-70.591371,-12.46996],[-70.592131,-12.474577],[-70.597809,-12.480716],[-70.596171,-12.484162],[-70.589514,-12.48576],[-70.584147,-12.484799],[-70.579327,-12.481786],[-70.573112,-12.483083],[-70.569301,-12.485439],[-70.568151,-12.490888],[-70.56472,-12.49365],[-70.560462,-12.493352],[-70.557007,-12.490239],[-70.551565,-12.489354],[-70.5502,-12.491806],[-70.55134,-12.5]],[[-70.700601,-12.441102],[-70.701362,-12.44662],[-70.699239,-12.449159],[-70.695872,-12.451029]],[[-70.695872,-12.451029],[-70.691055,-12.455972],[-70.688558,-12.457235],[-70.685983,-12.456921],[-70.682818,-12.45421],[-70.674094,-12.454634],[-70.668531,-12.44918],[-70.664566,-12.442116],[-70.662212,-12.44128],[-70.658754,-12.444946],[-70.658077,-12.447765],[-70.658981,-12.449954],[-70.661293,-12.451923],[-70.669246,-12.455637],[-70.670772,-12.457839],[-70.669801,-12.46178],[-70.66519,-12.467649],[-70.662618,-12.469075],[-70.657507,-12.469595],[-70.652681,-12.467268],[-70.650741,-12.460907],[-70.652547,-12.452402],[-70.650754,-12.450471],[-70.644846,-12.449527],[-70.63723,-12.453342],[-70.635739,-12.45749],[-70.636519,-12.461917],[-70.635593,-12.467159],[-70.632866,-12.470743],[-70.628593,-12.472377],[-70.623412,-12.471306],[-70.621056,-12.469085],[-70.618066,-12.460229],[-70.615414,-12.45673],[-70.612942,-12.455613],[-70.609512,-12.455542],[-70.607763,-12.456207],[-70.600305,-12.464232],[-70.595343,-12.4669],[-70.593316,-12.469209],[-70.592935,-12.472385],[-70.598442,-12.47803],[-70.599249,-12.480539],[-70.598595,-12.483278],[-70.595601,-12.485938],[-70.587642,-12.488474]],[[-70.695872,-12.451029],[-70.695735,-12.451065],[-70.693217,-12.450871],[-70.688693,-12.449492]],[[-70.688693,-12.449492],[-70.683027,-12.448229],[-70.67252,-12.452753],[-70.6737,-12.453686],[-70.678544,-12.454011],[-70.681395,-12.449977],[-70.688693,-12.449492]],[[-70.571405,-12.5],[-70.568081,-12.502878],[-70.568586,-12.506006],[-70.567553,-12.509068],[-70.568613,-12.512972],[-70.566907,-12.520346],[-70.563468,-12.521902],[-70.558524,-12.520709],[-70.551581,-12.522775],[-70.544467,-12.529296],[-70.543815,-12.533843],[-70.548273,-12.541293],[-70.546982,-12.543219],[-70.543682,-12.543585],[-70.532299,-12.541747],[-70.521916,-12.546224],[-70.514939,-12.546698],[-70.511211,-12.54557],[-70.500749,-12.538327],[-70.497166,-12.538119],[-70.494538,-12.53942],[-70.493665,-12.541626],[-70.494484,-12.545299],[-70.498494,-12.552426],[-70.497281,-12.555281],[-70.494497,-12.556961],[-70.487612,-12.557845],[-70.482807,-12.560387],[-70.473019,-12.56105],[-70.465801,-12.563985],[-70.462089,-12.56334],[-70.45965,-12.561022],[-70.456938,-12.548047],[-70.453654,-12.54779],[-70.451936,-12.549355],[-70.451976,-12.552719],[-70.457213,-12.563077],[-70.458358,-12.568033],[-70.456124,-12.574488],[-70.450283,-12.576366],[-70.442597,-12.576226],[-70.437394,-12.572708],[-70.431516,-12.565743],[-70.427559,-12.564711],[-70.426025,-12.565734],[-70.425572,-12.56796],[-70.432053,-12.576842],[-70.433525,-12.581813],[-70.432807,-12.584122],[-70.427929,-12.58666],[-70.41903,-12.586696],[-70.411967,-12.588158],[-70.402951,-12.585622],[-70.399116,-12.585643],[-70.396792,-12.588057],[-70.396522,-12.590911],[-70.400727,-12.597372]],[[-70.362221,-12.62074],[-70.358335,-12.621983],[-70.354376,-12.621122],[-70.345466,-12.613982],[-70.339353,-12.611229],[-70.335403,-12.613061],[-70.332688,-12.617702],[-70.330185,-12.619729],[-70.320614,-12.62127],[-70.312799,-12.627055],[-70.303566,-12.628107],[-70.298859,-12.626153],[-70.294811,-12.622735],[-70.291911,-12.609897],[-70.290492,-12.608168],[-70.2884,-12.607661],[-70.286231,-12.608751],[-70.286763,-12.613551],[-70.285958,-12.622182],[-70.281736,-12.621729],[-70.278558,-12.622552],[-70.277547,-12.621675],[-70.278049,-12.618645],[-70.275272,-12.615497],[-70.273454,-12.614692],[-70.270729,-12.615168],[-70.265128,-12.617776],[-70.260753,-12.623501],[-70.260346,-12.625436],[-70.261895,-12.628126]],[[-70.320562,-12.619171],[-70.312844,-12.621567],[-70.307954,-12.624504],[-70.300784,-12.624241],[-70.297473,-12.6215],[-70.293487,-12.606606],[-70.289308,-12.605623],[-70.286023,-12.606044]],[[-70.286023,-12.606044],[-70.279781,-12.604889],[-70.276423,-12.606267],[-70.271532,-12.605795],[-70.269439,-12.607214],[-70.274921,-12.610106],[-70.277618,-12.610401],[-70.281317,-12.607812],[-70.286023,-12.606044]],[[-70.239873,-12.602584],[-70.245149,-12.601361],[-70.248951,-12.604032],[-70.249639,-12.606089],[-70.249,-12.619454],[-70.249854,-12.623073],[-70.251089,-12.624961],[-70.254098,-12.62651],[-70.259567,-12.625829],[-70.259371,-12.62793],[-70.256051,-12.631308],[-70.251378,-12.630608],[-70.246562,-12.625753],[-70.245102,-12.621911],[-70.246958,-12.617248],[-70.246598,-12.613066],[-70.248017,-12.606953],[-70.244823,-12.603811],[-70.239873,-12.602584]],[[-70.239873,-12.602584],[-70.232502,-12.605479],[-70.229344,-12.607894],[-70.227279,-12.611112],[-70.224377,-12.620117],[-70.220728,-12.622789],[-70.217114,-12.623121],[-70.212598,-12.621825],[-70.205542,-12.612417],[-70.203126,-12.611005],[-70.197298,-12.611861],[-70.190657,-12.61638],[-70.183197,-12.61653],[-70.180939,-12.614101],[-70.180125,-12.607808],[-70.181081,-12.60547],[-70.183477,-12.604023],[-70.194138,-12.602648],[-70.208459,-12.606492],[-70.213192,-12.605538],[-70.216257,-12.6022],[-70.216216,-12.598771],[-70.214453,-12.596085],[-70.197575,-12.585815],[-70.189644,-12.57741]],[[-70.189644,-12.57741],[-70.183215,-12.576554],[-70.180849,-12.577896]],[[-70.189644,-12.57741],[-70.188428,-12.574694],[-70.184895,-12.57331],[-70.181896,-12.575681],[-70.180849,-12.577896]],[[-70.180849,-12.577896],[-70.177946,-12.581059],[-70.173743,-12.583359],[-70.169584,-12.583778],[-70.165402,-12.581578],[-70.163792,-12.579848],[-70.163151,-12.57556],[-70.164956,-12.562826],[-70.163481,-12.561638],[-70.159352,-12.561616],[-70.150824,-12.566786],[-70.1446,-12.568991],[-70.13664,-12.570129],[-70.133444,-12.57246],[-70.133878,-12.575475],[-70.137017,-12.577742],[-70.147602,-12.576127],[-70.151996,-12.578019],[-70.153986,-12.580416],[-70.154603,-12.582954],[-70.153819,-12.585428],[-70.15087,-12.588945],[-70.137103,-12.593961],[-70.132773,-12.598036],[-70.131865,-12.599841],[-70.132292,-12.600476],[-70.13342,-12.599929],[-70.132862,-12.600756],[-70.125306,-12.604541],[-70.1213,-12.60415],[-70.110862,-12.598143],[-70.106554,-12.597748]],[[-70.112794,-12.573072],[-70.111877,-12.569646],[-70.108594,-12.565922],[-70.105529,-12.56551],[-70.103458,-12.566734],[-70.102118,-12.568352],[-70.101401,-12.571812],[-70.093666,-12.579833],[-70.089576,-12.593809],[-70.086016,-12.597125],[-70.079128,-12.594621],[-70.074712,-12.585698],[-70.070162,-12.580235]],[[-70.044069,-12.578952],[-70.046983,-12.585767],[-70.040038,-12.588374],[-70.037318,-12.592205],[-70.036064,-12.595757],[-70.037013,-12.606865],[-70.034958,-12.611973],[-70.031318,-12.612875],[-70.022519,-12.605178],[-70.016243,-12.605943],[-70.012038,-12.60954],[-70.009589,-12.609394],[-70.005754,-12.611226],[-70.005918,-12.615867],[-69.998252,-12.622556],[-69.996676,-12.629267],[-69.998159,-12.632621],[-70.008374,-12.638991],[-70.01125,-12.642644],[-70.011389,-12.645854],[-70.008782,-12.65025],[-70.001134,-12.653486],[-69.991816,-12.655536],[-69.97944,-12.649785],[-69.974361,-12.649388],[-69.965388,-12.652418],[-69.951575,-12.665037],[-69.943922,-12.667368],[-69.939086,-12.670858],[-69.932049,-12.672751],[-69.930291,-12.671884],[-69.929255,-12.670047],[-69.929871,-12.667667],[-69.931854,-12.665288],[-69.937938,-12.662451],[-69.940587,-12.657672],[-69.940792,-12.653006],[-69.939363,-12.648443],[-69.936736,-12.64648],[-69.932455,-12.645169],[-69.924938,-12.645073],[-69.922665,-12.643611],[-69.918213,-12.64372],[-69.916731,-12.642551],[-69.915289,-12.637905],[-69.912057,-12.635468]],[[-70.013992,-12.645053],[-70.01353,-12.647645],[-70.01005,-12.65299],[-70.003506,-12.654608],[-69.999445,-12.65758],[-69.989164,-12.657448],[-69.987201,-12.658784],[-69.979799,-12.659779],[-69.970996,-12.654594],[-69.966839,-12.654857],[-69.955028,-12.666328],[-69.948536,-12.66933],[-69.946835,-12.675625],[-69.943014,-12.677221],[-69.937078,-12.676848],[-69.929873,-12.673947],[-69.926823,-12.669849],[-69.92693,-12.667012],[-69.928338,-12.663996],[-69.935747,-12.660242],[-69.9377,-12.658287],[-69.938494,-12.653156],[-69.935212,-12.648841],[-69.932549,-12.647885],[-69.925271,-12.649726],[-69.915894,-12.648434],[-69.909649,-12.643541],[-69.907221,-12.642704],[-69.896646,-12.64152],[-69.890046,-12.643522],[-69.886954,-12.646516],[-69.887177,-12.651974],[-69.885791,-12.657103],[-69.881458,-12.661824],[-69.878697,-12.662947],[-69.874535,-12.663673],[-69.86465,-12.661423],[-69.861165,-12.661557],[-69.858747,-12.663742],[-69.856463,-12.668538],[-69.850573,-12.671172],[-69.844894,-12.668558],[-69.842026,-12.662909]],[[-69.72622,-12.707196],[-69.730163,-12.709759],[-69.735161,-12.711118],[-69.743884,-12.707695],[-69.7532,-12.706418],[-69.760859,-12.703014],[-69.778365,-12.698853],[-69.784126,-12.702328],[-69.785943,-12.705736],[-69.786553,-12.709592],[-69.784656,-12.717991],[-69.785911,-12.722044],[-69.790008,-12.726171],[-69.79656,-12.726424],[-69.798863,-12.724619],[-69.800116,-12.719914],[-69.80051,-12.708195],[-69.797828,-12.705526],[-69.789016,-12.704336],[-69.785704,-12.702323],[-69.782485,-12.697497],[-69.782157,-12.693365],[-69.784383,-12.68945],[-69.791886,-12.683406],[-69.795101,-12.681793],[-69.799028,-12.681207],[-69.800808,-12.679205],[-69.805386,-12.678936],[-69.806834,-12.678039],[-69.80798,-12.67441],[-69.804799,-12.672853],[-69.803608,-12.66834],[-69.804516,-12.667709],[-69.80703,-12.668831],[-69.80359,-12.661991],[-69.803645,-12.657247],[-69.805513,-12.654754],[-69.811998,-12.652367],[-69.820195,-12.652629],[-69.839022,-12.657298],[-69.842499,-12.659125],[-69.845352,-12.662184],[-69.846502,-12.666957],[-69.847698,-12.66843],[-69.850938,-12.669083],[-69.858816,-12.660985],[-69.861959,-12.658964],[-69.86677,-12.658762],[-69.873546,-12.660933],[-69.879925,-12.659711],[-69.885771,-12.64992],[-69.886268,-12.642686],[-69.891722,-12.639891],[-69.900978,-12.63754],[-69.902686,-12.631782]],[[-69.842026,-12.662909],[-69.835695,-12.659516]],[[-69.842026,-12.662909],[-69.840014,-12.659535],[-69.835171,-12.65871]],[[-69.835695,-12.659516],[-69.830899,-12.659998],[-69.828595,-12.659107]],[[-69.835695,-12.659516],[-69.835171,-12.65871]],[[-69.835171,-12.65871],[-69.831759,-12.658042]],[[-69.831759,-12.658042],[-69.827061,-12.657572],[-69.824825,-12.659543]],[[-69.831759,-12.658042],[-69.828595,-12.659107]],[[-69.828595,-12.659107],[-69.824825,-12.659543]],[[-69.824825,-12.659543],[-69.8192,-12.6587],[-69.812814,-12.654879],[-69.808904,-12.655385],[-69.805996,-12.65826],[-69.805216,-12.660849],[-69.80634,-12.6628],[-69.810836,-12.665986],[-69.819231,-12.668352],[-69.82091,-12.6708],[-69.821461,-12.674271],[-69.821585,-12.677622],[-69.818651,-12.681727],[-69.813829,-12.684057],[-69.808272,-12.68492]],[[-69.813042,-12.700035],[-69.812905,-12.694746],[-69.808272,-12.68492]],[[-69.808272,-12.68492],[-69.802244,-12.687864],[-69.791926,-12.688254],[-69.786868,-12.69114],[-69.784944,-12.69354],[-69.785185,-12.697211],[-69.786647,-12.700069],[-69.799855,-12.703356],[-69.803689,-12.709657],[-69.804084,-12.712038],[-69.801963,-12.7227],[-69.800089,-12.726419],[-69.796342,-12.728992],[-69.790144,-12.730342],[-69.78621,-12.727997],[-69.783771,-12.725217],[-69.782148,-12.717316],[-69.783255,-12.708014],[-69.782098,-12.704774],[-69.779766,-12.702617],[-69.776362,-12.702491],[-69.757178,-12.707971]]]},"properties":{"id":"manu","nombre":"Río Manu","capas_trazado":["RIOS_PRINCIPALES","Hidrografia_mdd"],"fecha_trazado":null,"metadatos_RioPrin":[{"FUENTE":"Gobierno Regional Madre de Dios","FECREG":"2020-01-27","NOMRIO":"MANU","CUENCA":"Alto Madre de Dios"}]}},{"type":"Feature","geometry":{"type":"MultiLineString","coordinates":[[[-68.876937,-12.928484],[-68.875712,-12.925918],[-68.872297,-12.924999],[-68.869804,-12.925237],[-68.865148,-12.928443]],[[-68.861874,-12.926846],[-68.862458,-12.924322],[-68.871338,-12.921875],[-68.874916,-12.920405],[-68.875443,-12.91927]],[[-68.875404,-12.918933],[-68.872197,-12.908984],[-68.868441,-12.904863],[-68.868752,-12.903148],[-68.873033,-12.900437],[-68.872818,-12.898894]],[[-68.873299,-13.006681],[-68.874756,-13.003787],[-68.874761,-13.0]],[[-68.872525,-12.898514],[-68.867087,-12.896033],[-68.867293,-12.892705]],[[-68.86484,-12.87571],[-68.865497,-12.873361],[-68.871161,-12.872237]],[[-68.869284,-12.891585],[-68.872835,-12.890397],[-68.873093,-12.888788],[-68.871952,-12.885557],[-68.868916,-12.8825]]]},"properties":{"id":"heath","nombre":"Río Heath","capas_trazado":["RIOS_PRINCIPALES","Hidrografia_mdd"],"fecha_trazado":null,"metadatos_RioPrin":[]}}]}